source_file,source_kind,voucher_type,date,party_ledger,debit_ledger,credit_ledger,amount,narration,confidence,needs_review,cgst_amount,sgst_amount,igst_amount,total_amount,inventory_items,charge_lines,voucher_number,party_gstin
20260726_164425_DR VIJAY.pdf,Bank Statement,Payment,20250409,Suspense,Suspense,bank of baroda,500.0,IMPS/P2A/50991 500.00,Medium,No,0.0,0.0,0.0,0.0,[],[],,
20260726_164425_DR VIJAY.pdf,Bank Statement,Payment,20250409,Suspense,Suspense,bank of baroda,2.95,CHARGES FOR 2.95 34,Medium,No,0.0,0.0,0.0,0.0,[],[],,
20260726_164425_DR VIJAY.pdf,Bank Statement,Receipt,20250409,Suspense,bank of baroda,Suspense,124071.0,"DIGITA-MUMBAI/ 1,24,07",Medium,No,0.0,0.0,0.0,0.0,[],[],,
20260726_164425_DR VIJAY.pdf,Bank Statement,Payment,20250409,Suspense,Suspense,bank of baroda,24000.0,"IMPS/P2A/50992 24,000.",Medium,No,0.0,0.0,0.0,0.0,[],[],,
20260726_164425_DR VIJAY.pdf,Bank Statement,Payment,20250409,Suspense,Suspense,bank of baroda,5.9,"CHARGES FOR 5.90 1,",Medium,No,0.0,0.0,0.0,0.0,[],[],,
20260726_164425_DR VIJAY.pdf,Bank Statement,Payment,20250410,Suspense,Suspense,bank of baroda,0.94,"SMS Charges 0.94 1,",Medium,No,0.0,0.0,0.0,0.0,[],[],,
20260726_164425_DR VIJAY.pdf,Bank Statement,Receipt,20250410,Suspense,bank of baroda,Suspense,92409.0,"DIGITA-MUMBAI/ 92,409.",Medium,No,0.0,0.0,0.0,0.0,[],[],,
20260726_164425_DR VIJAY.pdf,Bank Statement,Payment,20250410,Suspense,Suspense,bank of baroda,50000.0,"IMPS/P2A/51001 50,000.",Medium,No,0.0,0.0,0.0,0.0,[],[],,
20260726_164425_DR VIJAY.pdf,Bank Statement,Payment,20250410,Suspense,Suspense,bank of baroda,8.85,"CHARGES FOR 8.85 1,",Medium,No,0.0,0.0,0.0,0.0,[],[],,
20260726_164425_DR VIJAY.pdf,Bank Statement,Payment,20250411,Suspense,Suspense,bank of baroda,10000.0,"MBK/5101385317 38531770 10,000.",Medium,No,0.0,0.0,0.0,0.0,[],[],,
20260726_164425_DR VIJAY.pdf,Bank Statement,Payment,20250412,Suspense,Suspense,bank of baroda,1800.0,"MBK/5102520637 52063746 1,800.0",Medium,No,0.0,0.0,0.0,0.0,[],[],,
20260726_164425_DR VIJAY.pdf,Bank Statement,Payment,20250414,Suspense,Suspense,bank of baroda,100000.0,"SERJAI-JAIPUR/ 351 1,00,00",Medium,No,0.0,0.0,0.0,0.0,[],[],,
20260726_164425_DR VIJAY.pdf,Bank Statement,Payment,20250414,Suspense,Suspense,bank of baroda,10000.0,"MBK/5104725283 72528399 10,000.",Medium,No,0.0,0.0,0.0,0.0,[],[],,
20260726_164425_DR VIJAY.pdf,Bank Statement,Payment,20250415,Suspense,Suspense,bank of baroda,10000.0,"IMPS/P2A/51051 10,000.",Medium,No,0.0,0.0,0.0,0.0,[],[],,
20260726_164425_DR VIJAY.pdf,Bank Statement,Payment,20250415,Suspense,Suspense,bank of baroda,5.9,CHARGES FOR 5.90 11,Medium,No,0.0,0.0,0.0,0.0,[],[],,
20260726_164425_DR VIJAY.pdf,Bank Statement,Payment,20250416,Suspense,Suspense,bank of baroda,5342.0,"RAIAJM-AJMER/G 352 5,342.0",Medium,No,0.0,0.0,0.0,0.0,[],[],,
20260726_164425_DR VIJAY.pdf,Bank Statement,Payment,20250417,Suspense,Suspense,bank of baroda,5000.0,"IMPS/P2A/51071 5,000.0",Medium,No,0.0,0.0,0.0,0.0,[],[],,
20260726_164425_DR VIJAY.pdf,Bank Statement,Payment,20250417,Suspense,Suspense,bank of baroda,5.9,CHARGES FOR 5.90 65,Medium,No,0.0,0.0,0.0,0.0,[],[],,
20260726_164425_DR VIJAY.pdf,Bank Statement,Receipt,20250417,Suspense,bank of baroda,Suspense,5452.0,"DIGITA-MUMBAI/ 5,452.0",Medium,No,0.0,0.0,0.0,0.0,[],[],,
20260726_164425_DR VIJAY.pdf,Bank Statement,Payment,20250418,Suspense,Suspense,bank of baroda,5500.0,"IMPS/P2A/51081 5,500.0",Medium,No,0.0,0.0,0.0,0.0,[],[],,
20260726_164425_DR VIJAY.pdf,Bank Statement,Payment,20250418,Suspense,Suspense,bank of baroda,5.9,CHARGES FOR 5.90 60,Medium,No,0.0,0.0,0.0,0.0,[],[],,
20260726_164425_DR VIJAY.pdf,Bank Statement,Receipt,20250424,Suspense,bank of baroda,Suspense,2022.0,"DIGITA-MUMBAI/ 2,022.0",Medium,No,0.0,0.0,0.0,0.0,[],[],,
20260726_164425_DR VIJAY.pdf,Bank Statement,Receipt,20250424,Suspense,bank of baroda,Suspense,766.0,DIGITA-MUMBAI/ 766.00,Medium,No,0.0,0.0,0.0,0.0,[],[],,
20260726_164425_DR VIJAY.pdf,Bank Statement,Receipt,20250424,Suspense,bank of baroda,Suspense,1424.0,"DIGITA-MUMBAI/ 1,424.0",Medium,No,0.0,0.0,0.0,0.0,[],[],,
20260726_164425_DR VIJAY.pdf,Bank Statement,Receipt,20250424,Suspense,bank of baroda,Suspense,536.0,DIGITA-MUMBAI/ 536.00,Medium,No,0.0,0.0,0.0,0.0,[],[],,
20260726_164425_DR VIJAY.pdf,Bank Statement,Receipt,20250424,Suspense,bank of baroda,Suspense,678.0,DIGITA-MUMBAI/ 678.00,Medium,No,0.0,0.0,0.0,0.0,[],[],,
20260726_164425_DR VIJAY.pdf,Bank Statement,Receipt,20250424,Suspense,bank of baroda,Suspense,616.0,DIGITA-MUMBAI/ 616.00,Medium,No,0.0,0.0,0.0,0.0,[],[],,
20260726_164425_DR VIJAY.pdf,Bank Statement,Receipt,20250424,Suspense,bank of baroda,Suspense,907.0,DIGITA-MUMBAI/ 389.00,Medium,No,0.0,0.0,0.0,0.0,[],[],,
20260726_164425_DR VIJAY.pdf,Bank Statement,Receipt,20250424,Suspense,bank of baroda,Suspense,1082.0,"DIGITA-MUMBAI/ 1,082.0",Medium,No,0.0,0.0,0.0,0.0,[],[],,
20260726_164425_DR VIJAY.pdf,Bank Statement,Receipt,20250424,Suspense,bank of baroda,Suspense,542.0,DIGITA-MUMBAI/ 542.00,Medium,No,0.0,0.0,0.0,0.0,[],[],,
20260726_164425_DR VIJAY.pdf,Bank Statement,Receipt,20250424,Suspense,bank of baroda,Suspense,858.0,DIGITA-MUMBAI/ 858.00,Medium,No,0.0,0.0,0.0,0.0,[],[],,
20260726_164425_DR VIJAY.pdf,Bank Statement,Receipt,20250424,Suspense,bank of baroda,Suspense,3389.0,"DIGITA-MUMBAI/ 3,389.0",Medium,No,0.0,0.0,0.0,0.0,[],[],,
20260726_164425_DR VIJAY.pdf,Bank Statement,Receipt,20250424,Suspense,bank of baroda,Suspense,1552.0,"DIGITA-MUMBAI/ 1,552.0",Medium,No,0.0,0.0,0.0,0.0,[],[],,
20260726_164425_DR VIJAY.pdf,Bank Statement,Receipt,20250424,Suspense,bank of baroda,Suspense,1092.0,"DIGITA-MUMBAI/ 1,092.0",Medium,No,0.0,0.0,0.0,0.0,[],[],,
20260726_164425_DR VIJAY.pdf,Bank Statement,Receipt,20250424,Suspense,bank of baroda,Suspense,1224.0,"DIGITA-MUMBAI/ 1,224.0",Medium,No,0.0,0.0,0.0,0.0,[],[],,
20260726_164425_DR VIJAY.pdf,Bank Statement,Receipt,20250424,Suspense,bank of baroda,Suspense,1118.0,"DIGITA-MUMBAI/ 1,118.0",Medium,No,0.0,0.0,0.0,0.0,[],[],,
20260726_164425_DR VIJAY.pdf,Bank Statement,Receipt,20250424,Suspense,bank of baroda,Suspense,574.0,DIGITA-MUMBAI/ 574.00,Medium,No,0.0,0.0,0.0,0.0,[],[],,
20260726_164425_DR VIJAY.pdf,Bank Statement,Receipt,20250424,Suspense,bank of baroda,Suspense,717.0,DIGITA-MUMBAI/ 717.00,Medium,No,0.0,0.0,0.0,0.0,[],[],,
20260726_164425_DR VIJAY.pdf,Bank Statement,Receipt,20250424,Suspense,bank of baroda,Suspense,1096.0,"DIGITA-MUMBAI/ 1,096.0",Medium,No,0.0,0.0,0.0,0.0,[],[],,
20260726_164425_DR VIJAY.pdf,Bank Statement,Receipt,20250424,Suspense,bank of baroda,Suspense,2832.0,"DIGITA-MUMBAI/ 2,832.0",Medium,No,0.0,0.0,0.0,0.0,[],[],,
20260726_164425_DR VIJAY.pdf,Bank Statement,Receipt,20250424,Suspense,bank of baroda,Suspense,1550.0,"DIGITA-MUMBAI/ 1,550.0",Medium,No,0.0,0.0,0.0,0.0,[],[],,
20260726_164425_DR VIJAY.pdf,Bank Statement,Receipt,20250424,Suspense,bank of baroda,Suspense,1944.0,"DIGITA-MUMBAI/ 1,944.0",Medium,No,0.0,0.0,0.0,0.0,[],[],,
20260726_164425_DR VIJAY.pdf,Bank Statement,Receipt,20250424,Suspense,bank of baroda,Suspense,960.0,DIGITA-MUMBAI/ 960.00,Medium,No,0.0,0.0,0.0,0.0,[],[],,
20260726_164425_DR VIJAY.pdf,Bank Statement,Receipt,20250424,Suspense,bank of baroda,Suspense,760.0,DIGITA-MUMBAI/ 760.00,Medium,No,0.0,0.0,0.0,0.0,[],[],,
20260726_164425_DR VIJAY.pdf,Bank Statement,Receipt,20250424,Suspense,bank of baroda,Suspense,160.0,DIGITA-MUMBAI/ 160.00,Medium,No,0.0,0.0,0.0,0.0,[],[],,
20260726_164425_DR VIJAY.pdf,Bank Statement,Receipt,20250424,Suspense,bank of baroda,Suspense,666.0,DIGITA-MUMBAI/ 666.00,Medium,No,0.0,0.0,0.0,0.0,[],[],,
20260726_164425_DR VIJAY.pdf,Bank Statement,Receipt,20250424,Suspense,bank of baroda,Suspense,791.0,DIGITA-MUMBAI/ 791.00,Medium,No,0.0,0.0,0.0,0.0,[],[],,
20260726_164425_DR VIJAY.pdf,Bank Statement,Receipt,20250424,Suspense,bank of baroda,Suspense,1246.0,"DIGITA-MUMBAI/ 1,246.0",Medium,No,0.0,0.0,0.0,0.0,[],[],,
20260726_164425_DR VIJAY.pdf,Bank Statement,Receipt,20250424,Suspense,bank of baroda,Suspense,682.0,DIGITA-MUMBAI/ 682.00,Medium,No,0.0,0.0,0.0,0.0,[],[],,
20260726_164425_DR VIJAY.pdf,Bank Statement,Receipt,20250424,Suspense,bank of baroda,Suspense,825.0,DIGITA-MUMBAI/ 825.00,Medium,No,0.0,0.0,0.0,0.0,[],[],,
20260726_164425_DR VIJAY.pdf,Bank Statement,Receipt,20250424,Suspense,bank of baroda,Suspense,449.0,DIGITA-MUMBAI/ 449.00,Medium,No,0.0,0.0,0.0,0.0,[],[],,
20260726_164425_DR VIJAY.pdf,Bank Statement,Receipt,20250424,Suspense,bank of baroda,Suspense,385.0,DIGITA-MUMBAI/ 385.00,Medium,No,0.0,0.0,0.0,0.0,[],[],,
20260726_164425_DR VIJAY.pdf,Bank Statement,Receipt,20250424,Suspense,bank of baroda,Suspense,123.0,DIGITA-MUMBAI/ 123.00,Medium,No,0.0,0.0,0.0,0.0,[],[],,
20260726_164425_DR VIJAY.pdf,Bank Statement,Receipt,20250424,Suspense,bank of baroda,Suspense,1037.0,"DIGITA-MUMBAI/ 1,037.0",Medium,No,0.0,0.0,0.0,0.0,[],[],,
20260726_164425_DR VIJAY.pdf,Bank Statement,Receipt,20250424,Suspense,bank of baroda,Suspense,663.0,DIGITA-MUMBAI/ 663.00,Medium,No,0.0,0.0,0.0,0.0,[],[],,
20260726_164425_DR VIJAY.pdf,Bank Statement,Receipt,20250424,Suspense,bank of baroda,Suspense,864.0,DIGITA-MUMBAI/ 864.00,Medium,No,0.0,0.0,0.0,0.0,[],[],,
20260726_164425_DR VIJAY.pdf,Bank Statement,Receipt,20250424,Suspense,bank of baroda,Suspense,848.0,DIGITA-MUMBAI/ 848.00,Medium,No,0.0,0.0,0.0,0.0,[],[],,
20260726_164425_DR VIJAY.pdf,Bank Statement,Receipt,20250424,Suspense,bank of baroda,Suspense,427.0,DIGITA-MUMBAI/ 427.00,Medium,No,0.0,0.0,0.0,0.0,[],[],,
20260726_164425_DR VIJAY.pdf,Bank Statement,Receipt,20250424,Suspense,bank of baroda,Suspense,683.0,DIGITA-MUMBAI/ 683.00,Medium,No,0.0,0.0,0.0,0.0,[],[],,
20260726_164425_DR VIJAY.pdf,Bank Statement,Receipt,20250424,Suspense,bank of baroda,Suspense,695.0,DIGITA-MUMBAI/ 695.00,Medium,No,0.0,0.0,0.0,0.0,[],[],,
20260726_164425_DR VIJAY.pdf,Bank Statement,Receipt,20250424,Suspense,bank of baroda,Suspense,1226.0,"DIGITA-MUMBAI/ 1,226.0",Medium,No,0.0,0.0,0.0,0.0,[],[],,
20260726_164425_DR VIJAY.pdf,Bank Statement,Receipt,20250424,Suspense,bank of baroda,Suspense,390.0,DIGITA-MUMBAI/ 390.00,Medium,No,0.0,0.0,0.0,0.0,[],[],,
20260726_164425_DR VIJAY.pdf,Bank Statement,Receipt,20250424,Suspense,bank of baroda,Suspense,468.0,DIGITA-MUMBAI/ 468.00,Medium,No,0.0,0.0,0.0,0.0,[],[],,
20260726_164425_DR VIJAY.pdf,Bank Statement,Receipt,20250424,Suspense,bank of baroda,Suspense,1415.0,"DIGITA-MUMBAI/ 1,415.0",Medium,No,0.0,0.0,0.0,0.0,[],[],,
20260726_164425_DR VIJAY.pdf,Bank Statement,Receipt,20250424,Suspense,bank of baroda,Suspense,1032.0,"DIGITA-MUMBAI/ 1,032.0",Medium,No,0.0,0.0,0.0,0.0,[],[],,
20260726_164425_DR VIJAY.pdf,Bank Statement,Receipt,20250424,Suspense,bank of baroda,Suspense,787.0,DIGITA-MUMBAI/ 787.00,Medium,No,0.0,0.0,0.0,0.0,[],[],,
20260726_164425_DR VIJAY.pdf,Bank Statement,Receipt,20250424,Suspense,bank of baroda,Suspense,1903.0,"DIGITA-MUMBAI/ 1,903.0",Medium,No,0.0,0.0,0.0,0.0,[],[],,
20260726_164425_DR VIJAY.pdf,Bank Statement,Receipt,20250424,Suspense,bank of baroda,Suspense,901.0,DIGITA-MUMBAI/ 901.00,Medium,No,0.0,0.0,0.0,0.0,[],[],,
20260726_164425_DR VIJAY.pdf,Bank Statement,Receipt,20250424,Suspense,bank of baroda,Suspense,3471.0,"DIGITA-MUMBAI/ 3,471.0",Medium,No,0.0,0.0,0.0,0.0,[],[],,
20260726_164425_DR VIJAY.pdf,Bank Statement,Receipt,20250424,Suspense,bank of baroda,Suspense,1067.0,"DIGITA-MUMBAI/ 1,067.0",Medium,No,0.0,0.0,0.0,0.0,[],[],,
20260726_164425_DR VIJAY.pdf,Bank Statement,Receipt,20250424,Suspense,bank of baroda,Suspense,1295.0,"DIGITA-MUMBAI/ 1,295.0",Medium,No,0.0,0.0,0.0,0.0,[],[],,
20260726_164425_DR VIJAY.pdf,Bank Statement,Receipt,20250424,Suspense,bank of baroda,Suspense,475.0,DIGITA-MUMBAI/ 475.00,Medium,No,0.0,0.0,0.0,0.0,[],[],,
20260726_164425_DR VIJAY.pdf,Bank Statement,Receipt,20250424,Suspense,bank of baroda,Suspense,2275.0,"DIGITA-MUMBAI/ 2,275.0",Medium,No,0.0,0.0,0.0,0.0,[],[],,
20260726_164425_DR VIJAY.pdf,Bank Statement,Receipt,20250424,Suspense,bank of baroda,Suspense,1204.0,DIGITA-MUMBAI/ 569.00,Medium,No,0.0,0.0,0.0,0.0,[],[],,
20260726_164425_DR VIJAY.pdf,Bank Statement,Receipt,20250425,Suspense,bank of baroda,Suspense,2677.0,"DIGITA-MUMBAI/ 2,677.0",Medium,No,0.0,0.0,0.0,0.0,[],[],,
20260726_164425_DR VIJAY.pdf,Bank Statement,Receipt,20250425,Suspense,bank of baroda,Suspense,576.0,DIGITA-MUMBAI/ 576.00,Medium,No,0.0,0.0,0.0,0.0,[],[],,
20260726_164425_DR VIJAY.pdf,Bank Statement,Receipt,20250425,Suspense,bank of baroda,Suspense,723.0,DIGITA-MUMBAI/ 723.00,Medium,No,0.0,0.0,0.0,0.0,[],[],,
20260726_164425_DR VIJAY.pdf,Bank Statement,Receipt,20250425,Suspense,bank of baroda,Suspense,765.0,DIGITA-MUMBAI/ 765.00,Medium,No,0.0,0.0,0.0,0.0,[],[],,
20260726_164425_DR VIJAY.pdf,Bank Statement,Receipt,20250425,Suspense,bank of baroda,Suspense,3189.0,"DIGITA-MUMBAI/ 3,189.0",Medium,No,0.0,0.0,0.0,0.0,[],[],,
20260726_164425_DR VIJAY.pdf,Bank Statement,Receipt,20250425,Suspense,bank of baroda,Suspense,1313.0,"DIGITA-MUMBAI/ 1,313.0",Medium,No,0.0,0.0,0.0,0.0,[],[],,
20260726_164425_DR VIJAY.pdf,Bank Statement,Receipt,20250425,Suspense,bank of baroda,Suspense,75.0,DIGITA-MUMBAI/ 75.00 6,Medium,No,0.0,0.0,0.0,0.0,[],[],,
20260726_164425_DR VIJAY.pdf,Bank Statement,Receipt,20250425,Suspense,bank of baroda,Suspense,533.0,DIGITA-MUMBAI/ 533.00,Medium,No,0.0,0.0,0.0,0.0,[],[],,
20260726_164425_DR VIJAY.pdf,Bank Statement,Receipt,20250425,Suspense,bank of baroda,Suspense,557.0,DIGITA-MUMBAI/ 557.00,Medium,No,0.0,0.0,0.0,0.0,[],[],,
20260726_164425_DR VIJAY.pdf,Bank Statement,Receipt,20250425,Suspense,bank of baroda,Suspense,2661.0,"DIGITA-MUMBAI/ 2,661.0",Medium,No,0.0,0.0,0.0,0.0,[],[],,
20260726_164425_DR VIJAY.pdf,Bank Statement,Receipt,20250425,Suspense,bank of baroda,Suspense,2954.0,"DIGITA-MUMBAI/ 2,954.0",Medium,No,0.0,0.0,0.0,0.0,[],[],,
20260726_164425_DR VIJAY.pdf,Bank Statement,Receipt,20250425,Suspense,bank of baroda,Suspense,449.0,DIGITA-MUMBAI/ 449.00,Medium,No,0.0,0.0,0.0,0.0,[],[],,
20260726_164425_DR VIJAY.pdf,Bank Statement,Receipt,20250425,Suspense,bank of baroda,Suspense,310.0,DIGITA-MUMBAI/ 310.00,Medium,No,0.0,0.0,0.0,0.0,[],[],,
20260726_164425_DR VIJAY.pdf,Bank Statement,Receipt,20250425,Suspense,bank of baroda,Suspense,532.0,DIGITA-MUMBAI/ 532.00,Medium,No,0.0,0.0,0.0,0.0,[],[],,
20260726_164425_DR VIJAY.pdf,Bank Statement,Receipt,20250425,Suspense,bank of baroda,Suspense,315.0,DIGITA-MUMBAI/ 315.00,Medium,No,0.0,0.0,0.0,0.0,[],[],,
20260726_164425_DR VIJAY.pdf,Bank Statement,Receipt,20250425,Suspense,bank of baroda,Suspense,1100.0,"DIGITA-MUMBAI/ 1,100.0",Medium,No,0.0,0.0,0.0,0.0,[],[],,
20260726_164425_DR VIJAY.pdf,Bank Statement,Receipt,20250425,Suspense,bank of baroda,Suspense,2572.0,"DIGITA-MUMBAI/ 2,572.0",Medium,No,0.0,0.0,0.0,0.0,[],[],,
20260726_164425_DR VIJAY.pdf,Bank Statement,Receipt,20250425,Suspense,bank of baroda,Suspense,460.0,DIGITA-MUMBAI/ 460.00,Medium,No,0.0,0.0,0.0,0.0,[],[],,
20260726_164425_DR VIJAY.pdf,Bank Statement,Receipt,20250425,Suspense,bank of baroda,Suspense,595.0,DIGITA-MUMBAI/ 595.00,Medium,No,0.0,0.0,0.0,0.0,[],[],,
20260726_164425_DR VIJAY.pdf,Bank Statement,Receipt,20250425,Suspense,bank of baroda,Suspense,424.0,DIGITA-MUMBAI/ 424.00,Medium,No,0.0,0.0,0.0,0.0,[],[],,
20260726_164425_DR VIJAY.pdf,Bank Statement,Receipt,20250425,Suspense,bank of baroda,Suspense,654.0,DIGITA-MUMBAI/ 654.00,Medium,No,0.0,0.0,0.0,0.0,[],[],,
20260726_164425_DR VIJAY.pdf,Bank Statement,Receipt,20250425,Suspense,bank of baroda,Suspense,1708.0,"DIGITA-MUMBAI/ 1,708.0",Medium,No,0.0,0.0,0.0,0.0,[],[],,
20260726_164425_DR VIJAY.pdf,Bank Statement,Receipt,20250425,Suspense,bank of baroda,Suspense,1730.0,"DIGITA-MUMBAI/ 1,730.0",Medium,No,0.0,0.0,0.0,0.0,[],[],,
20260726_164425_DR VIJAY.pdf,Bank Statement,Receipt,20250425,Suspense,bank of baroda,Suspense,533.0,DIGITA-MUMBAI/ 533.00,Medium,No,0.0,0.0,0.0,0.0,[],[],,
20260726_164425_DR VIJAY.pdf,Bank Statement,Receipt,20250425,Suspense,bank of baroda,Suspense,816.0,DIGITA-MUMBAI/ 816.00,Medium,No,0.0,0.0,0.0,0.0,[],[],,
20260726_164425_DR VIJAY.pdf,Bank Statement,Receipt,20250425,Suspense,bank of baroda,Suspense,83.0,DIGITA-MUMBAI/ 83.00 8,Medium,No,0.0,0.0,0.0,0.0,[],[],,
20260726_164425_DR VIJAY.pdf,Bank Statement,Receipt,20250425,Suspense,bank of baroda,Suspense,987.0,DIGITA-MUMBAI/ 987.00,Medium,No,0.0,0.0,0.0,0.0,[],[],,
20260726_164425_DR VIJAY.pdf,Bank Statement,Receipt,20250425,Suspense,bank of baroda,Suspense,549.0,DIGITA-MUMBAI/ 549.00,Medium,No,0.0,0.0,0.0,0.0,[],[],,
20260726_164425_DR VIJAY.pdf,Bank Statement,Receipt,20250425,Suspense,bank of baroda,Suspense,819.0,DIGITA-MUMBAI/ 819.00,Medium,No,0.0,0.0,0.0,0.0,[],[],,
20260726_164425_DR VIJAY.pdf,Bank Statement,Receipt,20250425,Suspense,bank of baroda,Suspense,528.0,DIGITA-MUMBAI/ 528.00,Medium,No,0.0,0.0,0.0,0.0,[],[],,
20260726_164425_DR VIJAY.pdf,Bank Statement,Receipt,20250425,Suspense,bank of baroda,Suspense,952.0,DIGITA-MUMBAI/ 952.00,Medium,No,0.0,0.0,0.0,0.0,[],[],,
20260726_164425_DR VIJAY.pdf,Bank Statement,Receipt,20250425,Suspense,bank of baroda,Suspense,925.0,DIGITA-MUMBAI/ 925.00,Medium,No,0.0,0.0,0.0,0.0,[],[],,
20260726_164425_DR VIJAY.pdf,Bank Statement,Receipt,20250425,Suspense,bank of baroda,Suspense,1691.0,"DIGITA-MUMBAI/ 1,691.0",Medium,No,0.0,0.0,0.0,0.0,[],[],,
20260726_164425_DR VIJAY.pdf,Bank Statement,Receipt,20250425,Suspense,bank of baroda,Suspense,1552.0,"DIGITA-MUMBAI/ 1,552.0",Medium,No,0.0,0.0,0.0,0.0,[],[],,
20260726_164425_DR VIJAY.pdf,Bank Statement,Receipt,20250425,Suspense,bank of baroda,Suspense,426.0,DIGITA-MUMBAI/ 426.00,Medium,No,0.0,0.0,0.0,0.0,[],[],,
20260726_164425_DR VIJAY.pdf,Bank Statement,Receipt,20250425,Suspense,bank of baroda,Suspense,1068.0,"DIGITA-MUMBAI/ 1,068.0",Medium,No,0.0,0.0,0.0,0.0,[],[],,
20260726_164425_DR VIJAY.pdf,Bank Statement,Receipt,20250425,Suspense,bank of baroda,Suspense,1092.0,"DIGITA-MUMBAI/ 1,092.0",Medium,No,0.0,0.0,0.0,0.0,[],[],,
20260726_164425_DR VIJAY.pdf,Bank Statement,Receipt,20250425,Suspense,bank of baroda,Suspense,2035.0,"DIGITA-MUMBAI/ 2,035.0",Medium,No,0.0,0.0,0.0,0.0,[],[],,
20260726_164425_DR VIJAY.pdf,Bank Statement,Receipt,20250425,Suspense,bank of baroda,Suspense,1208.0,"DIGITA-MUMBAI/ 1,208.0",Medium,No,0.0,0.0,0.0,0.0,[],[],,
20260726_164425_DR VIJAY.pdf,Bank Statement,Receipt,20250425,Suspense,bank of baroda,Suspense,1592.0,"DIGITA-MUMBAI/ 1,592.0",Medium,No,0.0,0.0,0.0,0.0,[],[],,
20260726_164425_DR VIJAY.pdf,Bank Statement,Receipt,20250425,Suspense,bank of baroda,Suspense,869.0,DIGITA-MUMBAI/ 869.00,Medium,No,0.0,0.0,0.0,0.0,[],[],,
20260726_164425_DR VIJAY.pdf,Bank Statement,Receipt,20250425,Suspense,bank of baroda,Suspense,203.0,DIGITA-MUMBAI/ 203.00,Medium,No,0.0,0.0,0.0,0.0,[],[],,
20260726_164425_DR VIJAY.pdf,Bank Statement,Receipt,20250425,Suspense,bank of baroda,Suspense,3336.0,"DIGITA-MUMBAI/ 3,336.0",Medium,No,0.0,0.0,0.0,0.0,[],[],,
20260726_164425_DR VIJAY.pdf,Bank Statement,Receipt,20250425,Suspense,bank of baroda,Suspense,539.0,DIGITA-MUMBAI/ 539.00,Medium,No,0.0,0.0,0.0,0.0,[],[],,
20260726_164425_DR VIJAY.pdf,Bank Statement,Receipt,20250425,Suspense,bank of baroda,Suspense,2478.0,"DIGITA-MUMBAI/ 2,478.0",Medium,No,0.0,0.0,0.0,0.0,[],[],,
20260726_164425_DR VIJAY.pdf,Bank Statement,Receipt,20250425,Suspense,bank of baroda,Suspense,2098.0,"DIGITA-MUMBAI/ 1,006.0",Medium,No,0.0,0.0,0.0,0.0,[],[],,
20260726_164425_DR VIJAY.pdf,Bank Statement,Receipt,20250425,Suspense,bank of baroda,Suspense,435.0,DIGITA-MUMBAI/ 435.00,Medium,No,0.0,0.0,0.0,0.0,[],[],,
20260726_164425_DR VIJAY.pdf,Bank Statement,Receipt,20250425,Suspense,bank of baroda,Suspense,718.0,DIGITA-MUMBAI/ 718.00,Medium,No,0.0,0.0,0.0,0.0,[],[],,
20260726_164425_DR VIJAY.pdf,Bank Statement,Receipt,20250425,Suspense,bank of baroda,Suspense,2199.0,"DIGITA-MUMBAI/ 2,199.0",Medium,No,0.0,0.0,0.0,0.0,[],[],,
20260726_164425_DR VIJAY.pdf,Bank Statement,Receipt,20250425,Suspense,bank of baroda,Suspense,833.0,DIGITA-MUMBAI/ 833.00,Medium,No,0.0,0.0,0.0,0.0,[],[],,
20260726_164425_DR VIJAY.pdf,Bank Statement,Receipt,20250425,Suspense,bank of baroda,Suspense,848.0,DIGITA-MUMBAI/ 848.00,Medium,No,0.0,0.0,0.0,0.0,[],[],,
20260726_164425_DR VIJAY.pdf,Bank Statement,Receipt,20250425,Suspense,bank of baroda,Suspense,2839.0,"DIGITA-MUMBAI/ 2,839.0",Medium,No,0.0,0.0,0.0,0.0,[],[],,
20260726_164425_DR VIJAY.pdf,Bank Statement,Receipt,20250425,Suspense,bank of baroda,Suspense,871.0,DIGITA-MUMBAI/ 871.00,Medium,No,0.0,0.0,0.0,0.0,[],[],,
20260726_164425_DR VIJAY.pdf,Bank Statement,Receipt,20250425,Suspense,bank of baroda,Suspense,1800.0,"DIGITA-MUMBAI/ 1,800.0",Medium,No,0.0,0.0,0.0,0.0,[],[],,
20260726_164425_DR VIJAY.pdf,Bank Statement,Receipt,20250425,Suspense,bank of baroda,Suspense,1178.0,"DIGITA-MUMBAI/ 1,178.0",Medium,No,0.0,0.0,0.0,0.0,[],[],,
20260726_164425_DR VIJAY.pdf,Bank Statement,Receipt,20250425,Suspense,bank of baroda,Suspense,880.0,DIGITA-MUMBAI/ 880.00,Medium,No,0.0,0.0,0.0,0.0,[],[],,
20260726_164425_DR VIJAY.pdf,Bank Statement,Receipt,20250425,Suspense,bank of baroda,Suspense,1011.0,"DIGITA-MUMBAI/ 1,011.0",Medium,No,0.0,0.0,0.0,0.0,[],[],,
20260726_164425_DR VIJAY.pdf,Bank Statement,Receipt,20250425,Suspense,bank of baroda,Suspense,1716.0,"DIGITA-MUMBAI/ 1,716.0",Medium,No,0.0,0.0,0.0,0.0,[],[],,
20260726_164425_DR VIJAY.pdf,Bank Statement,Receipt,20250425,Suspense,bank of baroda,Suspense,628.0,DIGITA-MUMBAI/ 628.00,Medium,No,0.0,0.0,0.0,0.0,[],[],,
20260726_164425_DR VIJAY.pdf,Bank Statement,Receipt,20250425,Suspense,bank of baroda,Suspense,1240.0,"DIGITA-MUMBAI/ 1,240.0",Medium,No,0.0,0.0,0.0,0.0,[],[],,
20260726_164425_DR VIJAY.pdf,Bank Statement,Receipt,20250425,Suspense,bank of baroda,Suspense,364.0,DIGITA-MUMBAI/ 364.00,Medium,No,0.0,0.0,0.0,0.0,[],[],,
20260726_164425_DR VIJAY.pdf,Bank Statement,Receipt,20250425,Suspense,bank of baroda,Suspense,1254.0,"DIGITA-MUMBAI/ 1,254.0",Medium,No,0.0,0.0,0.0,0.0,[],[],,
20260726_164425_DR VIJAY.pdf,Bank Statement,Receipt,20250425,Suspense,bank of baroda,Suspense,813.0,DIGITA-MUMBAI/ 813.00,Medium,No,0.0,0.0,0.0,0.0,[],[],,
20260726_164425_DR VIJAY.pdf,Bank Statement,Receipt,20250425,Suspense,bank of baroda,Suspense,321.0,DIGITA-MUMBAI/ 321.00,Medium,No,0.0,0.0,0.0,0.0,[],[],,
20260726_164425_DR VIJAY.pdf,Bank Statement,Receipt,20250425,Suspense,bank of baroda,Suspense,519.0,DIGITA-MUMBAI/ 519.00,Medium,No,0.0,0.0,0.0,0.0,[],[],,
20260726_164425_DR VIJAY.pdf,Bank Statement,Receipt,20250425,Suspense,bank of baroda,Suspense,639.0,DIGITA-MUMBAI/ 639.00,Medium,No,0.0,0.0,0.0,0.0,[],[],,
20260726_164425_DR VIJAY.pdf,Bank Statement,Receipt,20250425,Suspense,bank of baroda,Suspense,692.0,DIGITA-MUMBAI/ 692.00,Medium,No,0.0,0.0,0.0,0.0,[],[],,
20260726_164425_DR VIJAY.pdf,Bank Statement,Receipt,20250425,Suspense,bank of baroda,Suspense,2724.0,"DIGITA-MUMBAI/ 2,724.0",Medium,No,0.0,0.0,0.0,0.0,[],[],,
20260726_164425_DR VIJAY.pdf,Bank Statement,Receipt,20250425,Suspense,bank of baroda,Suspense,1067.0,"DIGITA-MUMBAI/ 1,067.0",Medium,No,0.0,0.0,0.0,0.0,[],[],,
20260726_164425_DR VIJAY.pdf,Bank Statement,Receipt,20250425,Suspense,bank of baroda,Suspense,845.0,DIGITA-MUMBAI/ 845.00,Medium,No,0.0,0.0,0.0,0.0,[],[],,
20260726_164425_DR VIJAY.pdf,Bank Statement,Receipt,20250425,Suspense,bank of baroda,Suspense,695.0,DIGITA-MUMBAI/ 695.00,Medium,No,0.0,0.0,0.0,0.0,[],[],,
20260726_164425_DR VIJAY.pdf,Bank Statement,Receipt,20250425,Suspense,bank of baroda,Suspense,695.0,DIGITA-MUMBAI/ 695.00,Medium,No,0.0,0.0,0.0,0.0,[],[],,
20260726_164425_DR VIJAY.pdf,Bank Statement,Receipt,20250425,Suspense,bank of baroda,Suspense,1594.0,"DIGITA-MUMBAI/ 1,594.0",Medium,No,0.0,0.0,0.0,0.0,[],[],,
20260726_164425_DR VIJAY.pdf,Bank Statement,Receipt,20250425,Suspense,bank of baroda,Suspense,433.0,DIGITA-MUMBAI/ 433.00,Medium,No,0.0,0.0,0.0,0.0,[],[],,
20260726_164425_DR VIJAY.pdf,Bank Statement,Receipt,20250425,Suspense,bank of baroda,Suspense,1045.0,"DIGITA-MUMBAI/ 1,045.0",Medium,No,0.0,0.0,0.0,0.0,[],[],,
20260726_164425_DR VIJAY.pdf,Bank Statement,Receipt,20250425,Suspense,bank of baroda,Suspense,1230.0,"DIGITA-MUMBAI/ 1,230.0",Medium,No,0.0,0.0,0.0,0.0,[],[],,
20260726_164425_DR VIJAY.pdf,Bank Statement,Receipt,20250425,Suspense,bank of baroda,Suspense,1110.0,"DIGITA-MUMBAI/ 1,110.0",Medium,No,0.0,0.0,0.0,0.0,[],[],,
20260726_164425_DR VIJAY.pdf,Bank Statement,Receipt,20250425,Suspense,bank of baroda,Suspense,2087.0,"DIGITA-MUMBAI/ 2,087.0",Medium,No,0.0,0.0,0.0,0.0,[],[],,
20260726_164425_DR VIJAY.pdf,Bank Statement,Receipt,20250425,Suspense,bank of baroda,Suspense,1477.0,"DIGITA-MUMBAI/ 1,477.0",Medium,No,0.0,0.0,0.0,0.0,[],[],,
20260726_164425_DR VIJAY.pdf,Bank Statement,Receipt,20250425,Suspense,bank of baroda,Suspense,956.0,DIGITA-MUMBAI/ 956.00,Medium,No,0.0,0.0,0.0,0.0,[],[],,
20260726_164425_DR VIJAY.pdf,Bank Statement,Receipt,20250425,Suspense,bank of baroda,Suspense,1472.0,"DIGITA-MUMBAI/ 1,472.0",Medium,No,0.0,0.0,0.0,0.0,[],[],,
20260726_164425_DR VIJAY.pdf,Bank Statement,Receipt,20250425,Suspense,bank of baroda,Suspense,848.0,DIGITA-MUMBAI/ 848.00,Medium,No,0.0,0.0,0.0,0.0,[],[],,
20260726_164425_DR VIJAY.pdf,Bank Statement,Receipt,20250425,Suspense,bank of baroda,Suspense,1385.0,"DIGITA-MUMBAI/ 1,385.0",Medium,No,0.0,0.0,0.0,0.0,[],[],,
20260726_164425_DR VIJAY.pdf,Bank Statement,Receipt,20250425,Suspense,bank of baroda,Suspense,149.0,DIGITA-MUMBAI/ 149.00,Medium,No,0.0,0.0,0.0,0.0,[],[],,
20260726_164425_DR VIJAY.pdf,Bank Statement,Receipt,20250425,Suspense,bank of baroda,Suspense,2426.0,"DIGITA-MUMBAI/ 2,426.0",Medium,No,0.0,0.0,0.0,0.0,[],[],,
20260726_164425_DR VIJAY.pdf,Bank Statement,Receipt,20250425,Suspense,bank of baroda,Suspense,365.0,DIGITA-MUMBAI/ 365.00,Medium,No,0.0,0.0,0.0,0.0,[],[],,
20260726_164425_DR VIJAY.pdf,Bank Statement,Receipt,20250425,Suspense,bank of baroda,Suspense,842.0,DIGITA-MUMBAI/ 842.00,Medium,No,0.0,0.0,0.0,0.0,[],[],,
20260726_164425_DR VIJAY.pdf,Bank Statement,Receipt,20250425,Suspense,bank of baroda,Suspense,199.0,DIGITA-MUMBAI/ 199.00,Medium,No,0.0,0.0,0.0,0.0,[],[],,
20260726_164425_DR VIJAY.pdf,Bank Statement,Receipt,20250425,Suspense,bank of baroda,Suspense,996.0,DIGITA-MUMBAI/ 996.00,Medium,No,0.0,0.0,0.0,0.0,[],[],,
20260726_164425_DR VIJAY.pdf,Bank Statement,Receipt,20250425,Suspense,bank of baroda,Suspense,1102.0,"DIGITA-MUMBAI/ 1,102.0",Medium,No,0.0,0.0,0.0,0.0,[],[],,
20260726_164425_DR VIJAY.pdf,Bank Statement,Receipt,20250425,Suspense,bank of baroda,Suspense,280.0,DIGITA-MUMBAI/ 280.00,Medium,No,0.0,0.0,0.0,0.0,[],[],,
20260726_164425_DR VIJAY.pdf,Bank Statement,Receipt,20250425,Suspense,bank of baroda,Suspense,1709.0,DIGITA-MUMBAI/ 978.00,Medium,No,0.0,0.0,0.0,0.0,[],[],,
20260726_164425_DR VIJAY.pdf,Bank Statement,Receipt,20250425,Suspense,bank of baroda,Suspense,2248.0,"DIGITA-MUMBAI/ 2,248.0",Medium,No,0.0,0.0,0.0,0.0,[],[],,
20260726_164425_DR VIJAY.pdf,Bank Statement,Receipt,20250425,Suspense,bank of baroda,Suspense,366.0,DIGITA-MUMBAI/ 366.00,Medium,No,0.0,0.0,0.0,0.0,[],[],,
20260726_164425_DR VIJAY.pdf,Bank Statement,Receipt,20250425,Suspense,bank of baroda,Suspense,688.0,DIGITA-MUMBAI/ 688.00,Medium,No,0.0,0.0,0.0,0.0,[],[],,
20260726_164425_DR VIJAY.pdf,Bank Statement,Receipt,20250425,Suspense,bank of baroda,Suspense,205.0,DIGITA-MUMBAI/ 205.00,Medium,No,0.0,0.0,0.0,0.0,[],[],,
20260726_164425_DR VIJAY.pdf,Bank Statement,Receipt,20250425,Suspense,bank of baroda,Suspense,1750.0,"DIGITA-MUMBAI/ 1,750.0",Medium,No,0.0,0.0,0.0,0.0,[],[],,
20260726_164425_DR VIJAY.pdf,Bank Statement,Receipt,20250425,Suspense,bank of baroda,Suspense,445.0,DIGITA-MUMBAI/ 445.00,Medium,No,0.0,0.0,0.0,0.0,[],[],,
20260726_164425_DR VIJAY.pdf,Bank Statement,Receipt,20250425,Suspense,bank of baroda,Suspense,83.0,DIGITA-MUMBAI/ 83.00 1,Medium,No,0.0,0.0,0.0,0.0,[],[],,
20260726_164425_DR VIJAY.pdf,Bank Statement,Receipt,20250425,Suspense,bank of baroda,Suspense,1502.0,"DIGITA-MUMBAI/ 1,502.0",Medium,No,0.0,0.0,0.0,0.0,[],[],,
20260726_164425_DR VIJAY.pdf,Bank Statement,Receipt,20250425,Suspense,bank of baroda,Suspense,426.0,DIGITA-MUMBAI/ 426.00,Medium,No,0.0,0.0,0.0,0.0,[],[],,
20260726_164425_DR VIJAY.pdf,Bank Statement,Receipt,20250425,Suspense,bank of baroda,Suspense,1586.0,"DIGITA-MUMBAI/ 1,586.0",Medium,No,0.0,0.0,0.0,0.0,[],[],,
20260726_164425_DR VIJAY.pdf,Bank Statement,Receipt,20250425,Suspense,bank of baroda,Suspense,1230.0,"DIGITA-MUMBAI/ 1,230.0",Medium,No,0.0,0.0,0.0,0.0,[],[],,
20260726_164425_DR VIJAY.pdf,Bank Statement,Receipt,20250425,Suspense,bank of baroda,Suspense,764.0,DIGITA-MUMBAI/ 764.00,Medium,No,0.0,0.0,0.0,0.0,[],[],,
20260726_164425_DR VIJAY.pdf,Bank Statement,Receipt,20250425,Suspense,bank of baroda,Suspense,427.0,DIGITA-MUMBAI/ 427.00,Medium,No,0.0,0.0,0.0,0.0,[],[],,
20260726_164425_DR VIJAY.pdf,Bank Statement,Receipt,20250425,Suspense,bank of baroda,Suspense,514.0,DIGITA-MUMBAI/ 514.00,Medium,No,0.0,0.0,0.0,0.0,[],[],,
20260726_164425_DR VIJAY.pdf,Bank Statement,Receipt,20250425,Suspense,bank of baroda,Suspense,372.0,DIGITA-MUMBAI/ 372.00,Medium,No,0.0,0.0,0.0,0.0,[],[],,
20260726_164425_DR VIJAY.pdf,Bank Statement,Receipt,20250425,Suspense,bank of baroda,Suspense,2154.0,"DIGITA-MUMBAI/ 2,154.0",Medium,No,0.0,0.0,0.0,0.0,[],[],,
20260726_164425_DR VIJAY.pdf,Bank Statement,Receipt,20250425,Suspense,bank of baroda,Suspense,282.0,DIGITA-MUMBAI/ 282.00,Medium,No,0.0,0.0,0.0,0.0,[],[],,
20260726_164425_DR VIJAY.pdf,Bank Statement,Receipt,20250425,Suspense,bank of baroda,Suspense,1203.0,"DIGITA-MUMBAI/ 1,203.0",Medium,No,0.0,0.0,0.0,0.0,[],[],,
20260726_164425_DR VIJAY.pdf,Bank Statement,Receipt,20250425,Suspense,bank of baroda,Suspense,1100.0,"DIGITA-MUMBAI/ 1,100.0",Medium,No,0.0,0.0,0.0,0.0,[],[],,
20260726_164425_DR VIJAY.pdf,Bank Statement,Receipt,20250425,Suspense,bank of baroda,Suspense,434.0,DIGITA-MUMBAI/ 434.00,Medium,No,0.0,0.0,0.0,0.0,[],[],,
20260726_164425_DR VIJAY.pdf,Bank Statement,Receipt,20250425,Suspense,bank of baroda,Suspense,1010.0,"DIGITA-MUMBAI/ 1,010.0",Medium,No,0.0,0.0,0.0,0.0,[],[],,
20260726_164425_DR VIJAY.pdf,Bank Statement,Receipt,20250425,Suspense,bank of baroda,Suspense,569.0,DIGITA-MUMBAI/ 569.00,Medium,No,0.0,0.0,0.0,0.0,[],[],,
20260726_164425_DR VIJAY.pdf,Bank Statement,Receipt,20250425,Suspense,bank of baroda,Suspense,1617.0,"DIGITA-MUMBAI/ 1,617.0",Medium,No,0.0,0.0,0.0,0.0,[],[],,
20260726_164425_DR VIJAY.pdf,Bank Statement,Receipt,20250425,Suspense,bank of baroda,Suspense,1006.0,"DIGITA-MUMBAI/ 1,006.0",Medium,No,0.0,0.0,0.0,0.0,[],[],,
20260726_164425_DR VIJAY.pdf,Bank Statement,Receipt,20250425,Suspense,bank of baroda,Suspense,2386.0,"DIGITA-MUMBAI/ 2,386.0",Medium,No,0.0,0.0,0.0,0.0,[],[],,
20260726_164425_DR VIJAY.pdf,Bank Statement,Receipt,20250425,Suspense,bank of baroda,Suspense,320.0,DIGITA-MUMBAI/ 320.00,Medium,No,0.0,0.0,0.0,0.0,[],[],,
20260726_164425_DR VIJAY.pdf,Bank Statement,Receipt,20250425,Suspense,bank of baroda,Suspense,1131.0,"DIGITA-MUMBAI/ 1,131.0",Medium,No,0.0,0.0,0.0,0.0,[],[],,
20260726_164425_DR VIJAY.pdf,Bank Statement,Receipt,20250425,Suspense,bank of baroda,Suspense,1582.0,"DIGITA-MUMBAI/ 1,582.0",Medium,No,0.0,0.0,0.0,0.0,[],[],,
20260726_164425_DR VIJAY.pdf,Bank Statement,Receipt,20250425,Suspense,bank of baroda,Suspense,1573.0,"DIGITA-MUMBAI/ 1,573.0",Medium,No,0.0,0.0,0.0,0.0,[],[],,
20260726_164425_DR VIJAY.pdf,Bank Statement,Receipt,20250425,Suspense,bank of baroda,Suspense,346.0,DIGITA-MUMBAI/ 346.00,Medium,No,0.0,0.0,0.0,0.0,[],[],,
20260726_164425_DR VIJAY.pdf,Bank Statement,Receipt,20250425,Suspense,bank of baroda,Suspense,1012.0,"DIGITA-MUMBAI/ 1,012.0",Medium,No,0.0,0.0,0.0,0.0,[],[],,
20260726_164425_DR VIJAY.pdf,Bank Statement,Receipt,20250425,Suspense,bank of baroda,Suspense,1232.0,"DIGITA-MUMBAI/ 1,232.0",Medium,No,0.0,0.0,0.0,0.0,[],[],,
20260726_164425_DR VIJAY.pdf,Bank Statement,Receipt,20250425,Suspense,bank of baroda,Suspense,2566.0,"DIGITA-MUMBAI/ 2,566.0",Medium,No,0.0,0.0,0.0,0.0,[],[],,
20260726_164425_DR VIJAY.pdf,Bank Statement,Receipt,20250425,Suspense,bank of baroda,Suspense,269.0,DIGITA-MUMBAI/ 269.00,Medium,No,0.0,0.0,0.0,0.0,[],[],,
20260726_164425_DR VIJAY.pdf,Bank Statement,Receipt,20250425,Suspense,bank of baroda,Suspense,2102.0,"DIGITA-MUMBAI/ 2,102.0",Medium,No,0.0,0.0,0.0,0.0,[],[],,
20260726_164425_DR VIJAY.pdf,Bank Statement,Receipt,20250425,Suspense,bank of baroda,Suspense,554.0,DIGITA-MUMBAI/ 554.00,Medium,No,0.0,0.0,0.0,0.0,[],[],,
20260726_164425_DR VIJAY.pdf,Bank Statement,Receipt,20250425,Suspense,bank of baroda,Suspense,761.0,DIGITA-MUMBAI/ 761.00,Medium,No,0.0,0.0,0.0,0.0,[],[],,
20260726_164425_DR VIJAY.pdf,Bank Statement,Receipt,20250425,Suspense,bank of baroda,Suspense,1636.0,"DIGITA-MUMBAI/ 1,636.0",Medium,No,0.0,0.0,0.0,0.0,[],[],,
20260726_164425_DR VIJAY.pdf,Bank Statement,Receipt,20250425,Suspense,bank of baroda,Suspense,724.0,DIGITA-MUMBAI/ 724.00,Medium,No,0.0,0.0,0.0,0.0,[],[],,
20260726_164425_DR VIJAY.pdf,Bank Statement,Receipt,20250425,Suspense,bank of baroda,Suspense,738.0,DIGITA-MUMBAI/ 738.00,Medium,No,0.0,0.0,0.0,0.0,[],[],,
20260726_164425_DR VIJAY.pdf,Bank Statement,Receipt,20250425,Suspense,bank of baroda,Suspense,1520.0,"DIGITA-MUMBAI/ 1,520.0",Medium,No,0.0,0.0,0.0,0.0,[],[],,
20260726_164425_DR VIJAY.pdf,Bank Statement,Receipt,20250425,Suspense,bank of baroda,Suspense,798.0,DIGITA-MUMBAI/ 798.00,Medium,No,0.0,0.0,0.0,0.0,[],[],,
20260726_164425_DR VIJAY.pdf,Bank Statement,Receipt,20250425,Suspense,bank of baroda,Suspense,1903.0,"DIGITA-MUMBAI/ 1,903.0",Medium,No,0.0,0.0,0.0,0.0,[],[],,
20260726_164425_DR VIJAY.pdf,Bank Statement,Receipt,20250425,Suspense,bank of baroda,Suspense,680.0,DIGITA-MUMBAI/ 680.00,Medium,No,0.0,0.0,0.0,0.0,[],[],,
20260726_164425_DR VIJAY.pdf,Bank Statement,Receipt,20250425,Suspense,bank of baroda,Suspense,821.0,DIGITA-MUMBAI/ 821.00,Medium,No,0.0,0.0,0.0,0.0,[],[],,
20260726_164425_DR VIJAY.pdf,Bank Statement,Receipt,20250425,Suspense,bank of baroda,Suspense,2542.0,"DIGITA-MUMBAI/ 1,501.0",Medium,No,0.0,0.0,0.0,0.0,[],[],,
20260726_164425_DR VIJAY.pdf,Bank Statement,Receipt,20250425,Suspense,bank of baroda,Suspense,441.0,DIGITA-MUMBAI/ 441.00,Medium,No,0.0,0.0,0.0,0.0,[],[],,
20260726_164425_DR VIJAY.pdf,Bank Statement,Receipt,20250425,Suspense,bank of baroda,Suspense,786.0,DIGITA-MUMBAI/ 786.00,Medium,No,0.0,0.0,0.0,0.0,[],[],,
20260726_164425_DR VIJAY.pdf,Bank Statement,Receipt,20250425,Suspense,bank of baroda,Suspense,1531.0,"DIGITA-MUMBAI/ 1,531.0",Medium,No,0.0,0.0,0.0,0.0,[],[],,
20260726_164425_DR VIJAY.pdf,Bank Statement,Receipt,20250425,Suspense,bank of baroda,Suspense,888.0,DIGITA-MUMBAI/ 888.00,Medium,No,0.0,0.0,0.0,0.0,[],[],,
20260726_164425_DR VIJAY.pdf,Bank Statement,Receipt,20250425,Suspense,bank of baroda,Suspense,1307.0,"DIGITA-MUMBAI/ 1,307.0",Medium,No,0.0,0.0,0.0,0.0,[],[],,
20260726_164425_DR VIJAY.pdf,Bank Statement,Receipt,20250425,Suspense,bank of baroda,Suspense,1111.0,"DIGITA-MUMBAI/ 1,111.0",Medium,No,0.0,0.0,0.0,0.0,[],[],,
20260726_164425_DR VIJAY.pdf,Bank Statement,Receipt,20250425,Suspense,bank of baroda,Suspense,358.0,DIGITA-MUMBAI/ 358.00,Medium,No,0.0,0.0,0.0,0.0,[],[],,
20260726_164425_DR VIJAY.pdf,Bank Statement,Receipt,20250425,Suspense,bank of baroda,Suspense,1237.0,"DIGITA-MUMBAI/ 1,237.0",Medium,No,0.0,0.0,0.0,0.0,[],[],,
20260726_164425_DR VIJAY.pdf,Bank Statement,Receipt,20250425,Suspense,bank of baroda,Suspense,2103.0,"DIGITA-MUMBAI/ 2,103.0",Medium,No,0.0,0.0,0.0,0.0,[],[],,
20260726_164425_DR VIJAY.pdf,Bank Statement,Receipt,20250425,Suspense,bank of baroda,Suspense,3499.0,"DIGITA-MUMBAI/ 3,499.0",Medium,No,0.0,0.0,0.0,0.0,[],[],,
20260726_164425_DR VIJAY.pdf,Bank Statement,Receipt,20250425,Suspense,bank of baroda,Suspense,3161.0,"DIGITA-MUMBAI/ 3,161.0",Medium,No,0.0,0.0,0.0,0.0,[],[],,
20260726_164425_DR VIJAY.pdf,Bank Statement,Receipt,20250425,Suspense,bank of baroda,Suspense,666.0,DIGITA-MUMBAI/ 666.00,Medium,No,0.0,0.0,0.0,0.0,[],[],,
20260726_164425_DR VIJAY.pdf,Bank Statement,Receipt,20250425,Suspense,bank of baroda,Suspense,907.0,DIGITA-MUMBAI/ 907.00,Medium,No,0.0,0.0,0.0,0.0,[],[],,
20260726_164425_DR VIJAY.pdf,Bank Statement,Receipt,20250425,Suspense,bank of baroda,Suspense,449.0,DIGITA-MUMBAI/ 449.00,Medium,No,0.0,0.0,0.0,0.0,[],[],,
20260726_164425_DR VIJAY.pdf,Bank Statement,Receipt,20250425,Suspense,bank of baroda,Suspense,1007.0,"DIGITA-MUMBAI/ 1,007.0",Medium,No,0.0,0.0,0.0,0.0,[],[],,
20260726_164425_DR VIJAY.pdf,Bank Statement,Receipt,20250425,Suspense,bank of baroda,Suspense,2257.0,"DIGITA-MUMBAI/ 2,257.0",Medium,No,0.0,0.0,0.0,0.0,[],[],,
20260726_164425_DR VIJAY.pdf,Bank Statement,Receipt,20250425,Suspense,bank of baroda,Suspense,551.0,DIGITA-MUMBAI/ 551.00,Medium,No,0.0,0.0,0.0,0.0,[],[],,
20260726_164425_DR VIJAY.pdf,Bank Statement,Receipt,20250425,Suspense,bank of baroda,Suspense,460.0,DIGITA-MUMBAI/ 460.00,Medium,No,0.0,0.0,0.0,0.0,[],[],,
20260726_164425_DR VIJAY.pdf,Bank Statement,Receipt,20250425,Suspense,bank of baroda,Suspense,1994.0,"DIGITA-MUMBAI/ 1,994.0",Medium,No,0.0,0.0,0.0,0.0,[],[],,
20260726_164425_DR VIJAY.pdf,Bank Statement,Receipt,20250425,Suspense,bank of baroda,Suspense,763.0,DIGITA-MUMBAI/ 763.00,Medium,No,0.0,0.0,0.0,0.0,[],[],,
20260726_164425_DR VIJAY.pdf,Bank Statement,Receipt,20250425,Suspense,bank of baroda,Suspense,1721.0,"DIGITA-MUMBAI/ 1,721.0",Medium,No,0.0,0.0,0.0,0.0,[],[],,
20260726_164425_DR VIJAY.pdf,Bank Statement,Receipt,20250425,Suspense,bank of baroda,Suspense,1421.0,"DIGITA-MUMBAI/ 1,421.0",Medium,No,0.0,0.0,0.0,0.0,[],[],,
20260726_164425_DR VIJAY.pdf,Bank Statement,Receipt,20250425,Suspense,bank of baroda,Suspense,456.0,DIGITA-MUMBAI/ 456.00,Medium,No,0.0,0.0,0.0,0.0,[],[],,
20260726_164425_DR VIJAY.pdf,Bank Statement,Receipt,20250425,Suspense,bank of baroda,Suspense,514.0,DIGITA-MUMBAI/ 514.00,Medium,No,0.0,0.0,0.0,0.0,[],[],,
20260726_164425_DR VIJAY.pdf,Bank Statement,Receipt,20250425,Suspense,bank of baroda,Suspense,549.0,DIGITA-MUMBAI/ 549.00,Medium,No,0.0,0.0,0.0,0.0,[],[],,
20260726_164425_DR VIJAY.pdf,Bank Statement,Receipt,20250425,Suspense,bank of baroda,Suspense,225.0,DIGITA-MUMBAI/ 225.00,Medium,No,0.0,0.0,0.0,0.0,[],[],,
20260726_164425_DR VIJAY.pdf,Bank Statement,Receipt,20250425,Suspense,bank of baroda,Suspense,1328.0,"DIGITA-MUMBAI/ 1,328.0",Medium,No,0.0,0.0,0.0,0.0,[],[],,
20260726_164425_DR VIJAY.pdf,Bank Statement,Receipt,20250425,Suspense,bank of baroda,Suspense,1717.0,"DIGITA-MUMBAI/ 1,717.0",Medium,No,0.0,0.0,0.0,0.0,[],[],,
20260726_164425_DR VIJAY.pdf,Bank Statement,Receipt,20250425,Suspense,bank of baroda,Suspense,2966.0,"DIGITA-MUMBAI/ 2,966.0",Medium,No,0.0,0.0,0.0,0.0,[],[],,
20260726_164425_DR VIJAY.pdf,Bank Statement,Receipt,20250425,Suspense,bank of baroda,Suspense,542.0,DIGITA-MUMBAI/ 542.00,Medium,No,0.0,0.0,0.0,0.0,[],[],,
20260726_164425_DR VIJAY.pdf,Bank Statement,Receipt,20250425,Suspense,bank of baroda,Suspense,1074.0,"DIGITA-MUMBAI/ 1,074.0",Medium,No,0.0,0.0,0.0,0.0,[],[],,
20260726_164425_DR VIJAY.pdf,Bank Statement,Receipt,20250425,Suspense,bank of baroda,Suspense,2819.0,"DIGITA-MUMBAI/ 2,819.0",Medium,No,0.0,0.0,0.0,0.0,[],[],,
20260726_164425_DR VIJAY.pdf,Bank Statement,Receipt,20250425,Suspense,bank of baroda,Suspense,2442.0,"DIGITA-MUMBAI/ 2,442.0",Medium,No,0.0,0.0,0.0,0.0,[],[],,
20260726_164425_DR VIJAY.pdf,Bank Statement,Receipt,20250425,Suspense,bank of baroda,Suspense,802.0,DIGITA-MUMBAI/ 802.00,Medium,No,0.0,0.0,0.0,0.0,[],[],,
20260726_164425_DR VIJAY.pdf,Bank Statement,Receipt,20250425,Suspense,bank of baroda,Suspense,331.0,DIGITA-MUMBAI/ 331.00,Medium,No,0.0,0.0,0.0,0.0,[],[],,
20260726_164425_DR VIJAY.pdf,Bank Statement,Receipt,20250425,Suspense,bank of baroda,Suspense,552.0,DIGITA-MUMBAI/ 552.00,Medium,No,0.0,0.0,0.0,0.0,[],[],,
20260726_164425_DR VIJAY.pdf,Bank Statement,Receipt,20250425,Suspense,bank of baroda,Suspense,95.0,DIGITA-MUMBAI/ 95.00 2,Medium,No,0.0,0.0,0.0,0.0,[],[],,
20260726_164425_DR VIJAY.pdf,Bank Statement,Receipt,20250425,Suspense,bank of baroda,Suspense,996.0,DIGITA-MUMBAI/ 996.00,Medium,No,0.0,0.0,0.0,0.0,[],[],,
20260726_164425_DR VIJAY.pdf,Bank Statement,Receipt,20250425,Suspense,bank of baroda,Suspense,529.0,DIGITA-MUMBAI/ 529.00,Medium,No,0.0,0.0,0.0,0.0,[],[],,
20260726_164425_DR VIJAY.pdf,Bank Statement,Receipt,20250425,Suspense,bank of baroda,Suspense,940.0,DIGITA-MUMBAI/ 940.00,Medium,No,0.0,0.0,0.0,0.0,[],[],,
20260726_164425_DR VIJAY.pdf,Bank Statement,Receipt,20250425,Suspense,bank of baroda,Suspense,922.0,DIGITA-MUMBAI/ 922.00,Medium,No,0.0,0.0,0.0,0.0,[],[],,
20260726_164425_DR VIJAY.pdf,Bank Statement,Receipt,20250425,Suspense,bank of baroda,Suspense,2291.0,"DIGITA-MUMBAI/ 2,291.0",Medium,No,0.0,0.0,0.0,0.0,[],[],,
20260726_164425_DR VIJAY.pdf,Bank Statement,Receipt,20250425,Suspense,bank of baroda,Suspense,1285.0,"DIGITA-MUMBAI/ 1,285.0",Medium,No,0.0,0.0,0.0,0.0,[],[],,
20260726_164425_DR VIJAY.pdf,Bank Statement,Receipt,20250425,Suspense,bank of baroda,Suspense,1798.0,"DIGITA-MUMBAI/ 1,798.0",Medium,No,0.0,0.0,0.0,0.0,[],[],,
20260726_164425_DR VIJAY.pdf,Bank Statement,Receipt,20250425,Suspense,bank of baroda,Suspense,3187.0,"DIGITA-MUMBAI/ 3,187.0",Medium,No,0.0,0.0,0.0,0.0,[],[],,
20260726_164425_DR VIJAY.pdf,Bank Statement,Receipt,20250425,Suspense,bank of baroda,Suspense,1985.0,DIGITA-MUMBAI/ 474.00,Medium,No,0.0,0.0,0.0,0.0,[],[],,
20260726_164425_DR VIJAY.pdf,Bank Statement,Receipt,20250425,Suspense,bank of baroda,Suspense,404.0,DIGITA-MUMBAI/ 404.00,Medium,No,0.0,0.0,0.0,0.0,[],[],,
20260726_164425_DR VIJAY.pdf,Bank Statement,Receipt,20250425,Suspense,bank of baroda,Suspense,523.0,DIGITA-MUMBAI/ 523.00,Medium,No,0.0,0.0,0.0,0.0,[],[],,
20260726_164425_DR VIJAY.pdf,Bank Statement,Receipt,20250425,Suspense,bank of baroda,Suspense,370.0,DIGITA-MUMBAI/ 370.00,Medium,No,0.0,0.0,0.0,0.0,[],[],,
20260726_164425_DR VIJAY.pdf,Bank Statement,Receipt,20250425,Suspense,bank of baroda,Suspense,1020.0,"DIGITA-MUMBAI/ 1,020.0",Medium,No,0.0,0.0,0.0,0.0,[],[],,
20260726_164425_DR VIJAY.pdf,Bank Statement,Receipt,20250425,Suspense,bank of baroda,Suspense,1362.0,"DIGITA-MUMBAI/ 1,362.0",Medium,No,0.0,0.0,0.0,0.0,[],[],,
20260726_164425_DR VIJAY.pdf,Bank Statement,Receipt,20250425,Suspense,bank of baroda,Suspense,429.0,DIGITA-MUMBAI/ 429.00,Medium,No,0.0,0.0,0.0,0.0,[],[],,
20260726_164425_DR VIJAY.pdf,Bank Statement,Receipt,20250425,Suspense,bank of baroda,Suspense,351.0,DIGITA-MUMBAI/ 351.00,Medium,No,0.0,0.0,0.0,0.0,[],[],,
20260726_164425_DR VIJAY.pdf,Bank Statement,Receipt,20250425,Suspense,bank of baroda,Suspense,658.0,DIGITA-MUMBAI/ 658.00,Medium,No,0.0,0.0,0.0,0.0,[],[],,
20260726_164425_DR VIJAY.pdf,Bank Statement,Receipt,20250425,Suspense,bank of baroda,Suspense,638.0,DIGITA-MUMBAI/ 638.00,Medium,No,0.0,0.0,0.0,0.0,[],[],,
20260726_164425_DR VIJAY.pdf,Bank Statement,Receipt,20250425,Suspense,bank of baroda,Suspense,2186.0,"DIGITA-MUMBAI/ 2,186.0",Medium,No,0.0,0.0,0.0,0.0,[],[],,
20260726_164425_DR VIJAY.pdf,Bank Statement,Receipt,20250425,Suspense,bank of baroda,Suspense,305.0,DIGITA-MUMBAI/ 305.00,Medium,No,0.0,0.0,0.0,0.0,[],[],,
20260726_164425_DR VIJAY.pdf,Bank Statement,Receipt,20250425,Suspense,bank of baroda,Suspense,276.0,DIGITA-MUMBAI/ 276.00,Medium,No,0.0,0.0,0.0,0.0,[],[],,
20260726_164425_DR VIJAY.pdf,Bank Statement,Receipt,20250425,Suspense,bank of baroda,Suspense,2333.0,"DIGITA-MUMBAI/ 2,333.0",Medium,No,0.0,0.0,0.0,0.0,[],[],,
20260726_164425_DR VIJAY.pdf,Bank Statement,Receipt,20250425,Suspense,bank of baroda,Suspense,1717.0,"DIGITA-MUMBAI/ 1,717.0",Medium,No,0.0,0.0,0.0,0.0,[],[],,
20260726_164425_DR VIJAY.pdf,Bank Statement,Receipt,20250425,Suspense,bank of baroda,Suspense,740.0,DIGITA-MUMBAI/ 740.00,Medium,No,0.0,0.0,0.0,0.0,[],[],,
20260726_164425_DR VIJAY.pdf,Bank Statement,Receipt,20250425,Suspense,bank of baroda,Suspense,1555.0,"DIGITA-MUMBAI/ 1,555.0",Medium,No,0.0,0.0,0.0,0.0,[],[],,
20260726_164425_DR VIJAY.pdf,Bank Statement,Receipt,20250425,Suspense,bank of baroda,Suspense,1971.0,"DIGITA-MUMBAI/ 1,971.0",Medium,No,0.0,0.0,0.0,0.0,[],[],,
20260726_164425_DR VIJAY.pdf,Bank Statement,Receipt,20250425,Suspense,bank of baroda,Suspense,2504.0,"DIGITA-MUMBAI/ 2,504.0",Medium,No,0.0,0.0,0.0,0.0,[],[],,
20260726_164425_DR VIJAY.pdf,Bank Statement,Receipt,20250425,Suspense,bank of baroda,Suspense,945.0,DIGITA-MUMBAI/ 945.00,Medium,No,0.0,0.0,0.0,0.0,[],[],,
20260726_164425_DR VIJAY.pdf,Bank Statement,Receipt,20250425,Suspense,bank of baroda,Suspense,796.0,DIGITA-MUMBAI/ 796.00,Medium,No,0.0,0.0,0.0,0.0,[],[],,
20260726_164425_DR VIJAY.pdf,Bank Statement,Receipt,20250425,Suspense,bank of baroda,Suspense,1432.0,"DIGITA-MUMBAI/ 1,432.0",Medium,No,0.0,0.0,0.0,0.0,[],[],,
20260726_164425_DR VIJAY.pdf,Bank Statement,Receipt,20250425,Suspense,bank of baroda,Suspense,963.0,DIGITA-MUMBAI/ 963.00,Medium,No,0.0,0.0,0.0,0.0,[],[],,
20260726_164425_DR VIJAY.pdf,Bank Statement,Receipt,20250425,Suspense,bank of baroda,Suspense,1452.0,"DIGITA-MUMBAI/ 1,452.0",Medium,No,0.0,0.0,0.0,0.0,[],[],,
20260726_164425_DR VIJAY.pdf,Bank Statement,Receipt,20250425,Suspense,bank of baroda,Suspense,3287.0,"DIGITA-MUMBAI/ 3,287.0",Medium,No,0.0,0.0,0.0,0.0,[],[],,
20260726_164425_DR VIJAY.pdf,Bank Statement,Receipt,20250425,Suspense,bank of baroda,Suspense,663.0,DIGITA-MUMBAI/ 663.00,Medium,No,0.0,0.0,0.0,0.0,[],[],,
20260726_164425_DR VIJAY.pdf,Bank Statement,Receipt,20250425,Suspense,bank of baroda,Suspense,1509.0,"DIGITA-MUMBAI/ 1,509.0",Medium,No,0.0,0.0,0.0,0.0,[],[],,
20260726_164425_DR VIJAY.pdf,Bank Statement,Receipt,20250425,Suspense,bank of baroda,Suspense,637.0,DIGITA-MUMBAI/ 637.00,Medium,No,0.0,0.0,0.0,0.0,[],[],,
20260726_164425_DR VIJAY.pdf,Bank Statement,Receipt,20250425,Suspense,bank of baroda,Suspense,1004.0,"DIGITA-MUMBAI/ 1,004.0",Medium,No,0.0,0.0,0.0,0.0,[],[],,
20260726_164425_DR VIJAY.pdf,Bank Statement,Receipt,20250425,Suspense,bank of baroda,Suspense,158.0,DIGITA-MUMBAI/ 158.00,Medium,No,0.0,0.0,0.0,0.0,[],[],,
20260726_164425_DR VIJAY.pdf,Bank Statement,Receipt,20250425,Suspense,bank of baroda,Suspense,980.0,DIGITA-MUMBAI/ 980.00,Medium,No,0.0,0.0,0.0,0.0,[],[],,
20260726_164425_DR VIJAY.pdf,Bank Statement,Receipt,20250425,Suspense,bank of baroda,Suspense,657.0,DIGITA-MUMBAI/ 657.00,Medium,No,0.0,0.0,0.0,0.0,[],[],,
20260726_164425_DR VIJAY.pdf,Bank Statement,Receipt,20250425,Suspense,bank of baroda,Suspense,1677.0,"DIGITA-MUMBAI/ 1,677.0",Medium,No,0.0,0.0,0.0,0.0,[],[],,
20260726_164425_DR VIJAY.pdf,Bank Statement,Receipt,20250425,Suspense,bank of baroda,Suspense,997.0,DIGITA-MUMBAI/ 997.00,Medium,No,0.0,0.0,0.0,0.0,[],[],,
20260726_164425_DR VIJAY.pdf,Bank Statement,Receipt,20250425,Suspense,bank of baroda,Suspense,564.0,DIGITA-MUMBAI/ 564.00,Medium,No,0.0,0.0,0.0,0.0,[],[],,
20260726_164425_DR VIJAY.pdf,Bank Statement,Receipt,20250425,Suspense,bank of baroda,Suspense,437.0,DIGITA-MUMBAI/ 437.00,Medium,No,0.0,0.0,0.0,0.0,[],[],,
20260726_164425_DR VIJAY.pdf,Bank Statement,Receipt,20250425,Suspense,bank of baroda,Suspense,665.0,DIGITA-MUMBAI/ 665.00,Medium,No,0.0,0.0,0.0,0.0,[],[],,
20260726_164425_DR VIJAY.pdf,Bank Statement,Receipt,20250425,Suspense,bank of baroda,Suspense,292.0,DIGITA-MUMBAI/ 292.00,Medium,No,0.0,0.0,0.0,0.0,[],[],,
20260726_164425_DR VIJAY.pdf,Bank Statement,Receipt,20250425,Suspense,bank of baroda,Suspense,1084.0,"DIGITA-MUMBAI/ 1,084.0",Medium,No,0.0,0.0,0.0,0.0,[],[],,
20260726_164425_DR VIJAY.pdf,Bank Statement,Receipt,20250425,Suspense,bank of baroda,Suspense,865.0,DIGITA-MUMBAI/ 865.00,Medium,No,0.0,0.0,0.0,0.0,[],[],,
20260726_164425_DR VIJAY.pdf,Bank Statement,Receipt,20250425,Suspense,bank of baroda,Suspense,1472.0,"DIGITA-MUMBAI/ 1,472.0",Medium,No,0.0,0.0,0.0,0.0,[],[],,
20260726_164425_DR VIJAY.pdf,Bank Statement,Receipt,20250425,Suspense,bank of baroda,Suspense,695.0,DIGITA-MUMBAI/ 695.00,Medium,No,0.0,0.0,0.0,0.0,[],[],,
20260726_164425_DR VIJAY.pdf,Bank Statement,Receipt,20250425,Suspense,bank of baroda,Suspense,178.0,DIGITA-MUMBAI/ 178.00,Medium,No,0.0,0.0,0.0,0.0,[],[],,
20260726_164425_DR VIJAY.pdf,Bank Statement,Receipt,20250425,Suspense,bank of baroda,Suspense,1956.0,"DIGITA-MUMBAI/ 1,956.0",Medium,No,0.0,0.0,0.0,0.0,[],[],,
20260726_164425_DR VIJAY.pdf,Bank Statement,Receipt,20250425,Suspense,bank of baroda,Suspense,279.0,DIGITA-MUMBAI/ 279.00,Medium,No,0.0,0.0,0.0,0.0,[],[],,
20260726_164425_DR VIJAY.pdf,Bank Statement,Receipt,20250425,Suspense,bank of baroda,Suspense,787.0,DIGITA-MUMBAI/ 787.00,Medium,No,0.0,0.0,0.0,0.0,[],[],,
20260726_164425_DR VIJAY.pdf,Bank Statement,Receipt,20250425,Suspense,bank of baroda,Suspense,1808.0,"DIGITA-MUMBAI/ 1,502.0",Medium,No,0.0,0.0,0.0,0.0,[],[],,
20260726_164425_DR VIJAY.pdf,Bank Statement,Receipt,20250425,Suspense,bank of baroda,Suspense,2749.0,"DIGITA-MUMBAI/ 2,749.0",Medium,No,0.0,0.0,0.0,0.0,[],[],,
20260726_164425_DR VIJAY.pdf,Bank Statement,Receipt,20250425,Suspense,bank of baroda,Suspense,684.0,DIGITA-MUMBAI/ 684.00,Medium,No,0.0,0.0,0.0,0.0,[],[],,
20260726_164425_DR VIJAY.pdf,Bank Statement,Receipt,20250425,Suspense,bank of baroda,Suspense,1829.0,"DIGITA-MUMBAI/ 1,829.0",Medium,No,0.0,0.0,0.0,0.0,[],[],,
20260726_164425_DR VIJAY.pdf,Bank Statement,Receipt,20250425,Suspense,bank of baroda,Suspense,271.0,DIGITA-MUMBAI/ 271.00,Medium,No,0.0,0.0,0.0,0.0,[],[],,
20260726_164425_DR VIJAY.pdf,Bank Statement,Receipt,20250425,Suspense,bank of baroda,Suspense,1484.0,"DIGITA-MUMBAI/ 1,484.0",Medium,No,0.0,0.0,0.0,0.0,[],[],,
20260726_164425_DR VIJAY.pdf,Bank Statement,Receipt,20250425,Suspense,bank of baroda,Suspense,1728.0,"DIGITA-MUMBAI/ 1,728.0",Medium,No,0.0,0.0,0.0,0.0,[],[],,
20260726_164425_DR VIJAY.pdf,Bank Statement,Receipt,20250425,Suspense,bank of baroda,Suspense,652.0,DIGITA-MUMBAI/ 652.00,Medium,No,0.0,0.0,0.0,0.0,[],[],,
20260726_164425_DR VIJAY.pdf,Bank Statement,Receipt,20250425,Suspense,bank of baroda,Suspense,2393.0,"DIGITA-MUMBAI/ 2,393.0",Medium,No,0.0,0.0,0.0,0.0,[],[],,
20260726_164425_DR VIJAY.pdf,Bank Statement,Receipt,20250425,Suspense,bank of baroda,Suspense,1058.0,"DIGITA-MUMBAI/ 1,058.0",Medium,No,0.0,0.0,0.0,0.0,[],[],,
20260726_164425_DR VIJAY.pdf,Bank Statement,Receipt,20250425,Suspense,bank of baroda,Suspense,1899.0,"DIGITA-MUMBAI/ 1,899.0",Medium,No,0.0,0.0,0.0,0.0,[],[],,
20260726_164425_DR VIJAY.pdf,Bank Statement,Receipt,20250425,Suspense,bank of baroda,Suspense,1223.0,"DIGITA-MUMBAI/ 1,223.0",Medium,No,0.0,0.0,0.0,0.0,[],[],,
20260726_164425_DR VIJAY.pdf,Bank Statement,Receipt,20250425,Suspense,bank of baroda,Suspense,322.0,DIGITA-MUMBAI/ 322.00,Medium,No,0.0,0.0,0.0,0.0,[],[],,
20260726_164425_DR VIJAY.pdf,Bank Statement,Receipt,20250425,Suspense,bank of baroda,Suspense,790.0,DIGITA-MUMBAI/ 790.00,Medium,No,0.0,0.0,0.0,0.0,[],[],,
20260726_164425_DR VIJAY.pdf,Bank Statement,Receipt,20250425,Suspense,bank of baroda,Suspense,1738.0,"DIGITA-MUMBAI/ 1,738.0",Medium,No,0.0,0.0,0.0,0.0,[],[],,
20260726_164425_DR VIJAY.pdf,Bank Statement,Receipt,20250425,Suspense,bank of baroda,Suspense,711.0,DIGITA-MUMBAI/ 711.00,Medium,No,0.0,0.0,0.0,0.0,[],[],,
20260726_164425_DR VIJAY.pdf,Bank Statement,Receipt,20250425,Suspense,bank of baroda,Suspense,315.0,DIGITA-MUMBAI/ 315.00,Medium,No,0.0,0.0,0.0,0.0,[],[],,
20260726_164425_DR VIJAY.pdf,Bank Statement,Receipt,20250425,Suspense,bank of baroda,Suspense,635.0,DIGITA-MUMBAI/ 635.00,Medium,No,0.0,0.0,0.0,0.0,[],[],,
20260726_164425_DR VIJAY.pdf,Bank Statement,Receipt,20250425,Suspense,bank of baroda,Suspense,1058.0,"DIGITA-MUMBAI/ 1,058.0",Medium,No,0.0,0.0,0.0,0.0,[],[],,
20260726_164425_DR VIJAY.pdf,Bank Statement,Receipt,20250425,Suspense,bank of baroda,Suspense,1011.0,"DIGITA-MUMBAI/ 1,011.0",Medium,No,0.0,0.0,0.0,0.0,[],[],,
20260726_164425_DR VIJAY.pdf,Bank Statement,Receipt,20250425,Suspense,bank of baroda,Suspense,551.0,DIGITA-MUMBAI/ 551.00,Medium,No,0.0,0.0,0.0,0.0,[],[],,
20260726_164425_DR VIJAY.pdf,Bank Statement,Receipt,20250425,Suspense,bank of baroda,Suspense,1463.0,"DIGITA-MUMBAI/ 1,463.0",Medium,No,0.0,0.0,0.0,0.0,[],[],,
20260726_164425_DR VIJAY.pdf,Bank Statement,Receipt,20250425,Suspense,bank of baroda,Suspense,783.0,DIGITA-MUMBAI/ 783.00,Medium,No,0.0,0.0,0.0,0.0,[],[],,
20260726_164425_DR VIJAY.pdf,Bank Statement,Receipt,20250425,Suspense,bank of baroda,Suspense,367.0,DIGITA-MUMBAI/ 367.00,Medium,No,0.0,0.0,0.0,0.0,[],[],,
20260726_164425_DR VIJAY.pdf,Bank Statement,Receipt,20250425,Suspense,bank of baroda,Suspense,1254.0,"DIGITA-MUMBAI/ 1,254.0",Medium,No,0.0,0.0,0.0,0.0,[],[],,
20260726_164425_DR VIJAY.pdf,Bank Statement,Receipt,20250425,Suspense,bank of baroda,Suspense,2440.0,"DIGITA-MUMBAI/ 2,440.0",Medium,No,0.0,0.0,0.0,0.0,[],[],,
20260726_164425_DR VIJAY.pdf,Bank Statement,Receipt,20250425,Suspense,bank of baroda,Suspense,2440.0,"DIGITA-MUMBAI/ 2,440.0",Medium,No,0.0,0.0,0.0,0.0,[],[],,
20260726_164425_DR VIJAY.pdf,Bank Statement,Receipt,20250425,Suspense,bank of baroda,Suspense,1676.0,"DIGITA-MUMBAI/ 1,676.0",Medium,No,0.0,0.0,0.0,0.0,[],[],,
20260726_164425_DR VIJAY.pdf,Bank Statement,Receipt,20250425,Suspense,bank of baroda,Suspense,1938.0,"DIGITA-MUMBAI/ 1,938.0",Medium,No,0.0,0.0,0.0,0.0,[],[],,
20260726_164425_DR VIJAY.pdf,Bank Statement,Receipt,20250425,Suspense,bank of baroda,Suspense,213.0,DIGITA-MUMBAI/ 213.00,Medium,No,0.0,0.0,0.0,0.0,[],[],,
20260726_164425_DR VIJAY.pdf,Bank Statement,Receipt,20250425,Suspense,bank of baroda,Suspense,1068.0,"DIGITA-MUMBAI/ 1,068.0",Medium,No,0.0,0.0,0.0,0.0,[],[],,
20260726_164425_DR VIJAY.pdf,Bank Statement,Receipt,20250425,Suspense,bank of baroda,Suspense,310.0,DIGITA-MUMBAI/ 310.00,Medium,No,0.0,0.0,0.0,0.0,[],[],,
20260726_164425_DR VIJAY.pdf,Bank Statement,Receipt,20250425,Suspense,bank of baroda,Suspense,518.0,DIGITA-MUMBAI/ 518.00,Medium,No,0.0,0.0,0.0,0.0,[],[],,
20260726_164425_DR VIJAY.pdf,Bank Statement,Receipt,20250425,Suspense,bank of baroda,Suspense,1005.0,"DIGITA-MUMBAI/ 1,005.0",Medium,No,0.0,0.0,0.0,0.0,[],[],,
20260726_164425_DR VIJAY.pdf,Bank Statement,Receipt,20250425,Suspense,bank of baroda,Suspense,1076.0,"DIGITA-MUMBAI/ 1,076.0",Medium,No,0.0,0.0,0.0,0.0,[],[],,
20260726_164425_DR VIJAY.pdf,Bank Statement,Receipt,20250425,Suspense,bank of baroda,Suspense,1179.0,"DIGITA-MUMBAI/ 1,179.0",Medium,No,0.0,0.0,0.0,0.0,[],[],,
20260726_164425_DR VIJAY.pdf,Bank Statement,Receipt,20250425,Suspense,bank of baroda,Suspense,589.0,DIGITA-MUMBAI/ 589.00,Medium,No,0.0,0.0,0.0,0.0,[],[],,
20260726_164425_DR VIJAY.pdf,Bank Statement,Receipt,20250425,Suspense,bank of baroda,Suspense,1030.0,"DIGITA-MUMBAI/ 1,030.0",Medium,No,0.0,0.0,0.0,0.0,[],[],,
20260726_164425_DR VIJAY.pdf,Bank Statement,Receipt,20250425,Suspense,bank of baroda,Suspense,1898.0,"DIGITA-MUMBAI/ 1,898.0",Medium,No,0.0,0.0,0.0,0.0,[],[],,
20260726_164425_DR VIJAY.pdf,Bank Statement,Receipt,20250425,Suspense,bank of baroda,Suspense,510.0,DIGITA-MUMBAI/ 510.00,Medium,No,0.0,0.0,0.0,0.0,[],[],,
20260726_164425_DR VIJAY.pdf,Bank Statement,Receipt,20250425,Suspense,bank of baroda,Suspense,1013.0,"DIGITA-MUMBAI/ 1,013.0",Medium,No,0.0,0.0,0.0,0.0,[],[],,
20260726_164425_DR VIJAY.pdf,Bank Statement,Receipt,20250425,Suspense,bank of baroda,Suspense,845.0,DIGITA-MUMBAI/ 845.00,Medium,No,0.0,0.0,0.0,0.0,[],[],,
20260726_164425_DR VIJAY.pdf,Bank Statement,Receipt,20250425,Suspense,bank of baroda,Suspense,1923.0,"DIGITA-MUMBAI/ 1,923.0",Medium,No,0.0,0.0,0.0,0.0,[],[],,
20260726_164425_DR VIJAY.pdf,Bank Statement,Receipt,20250425,Suspense,bank of baroda,Suspense,826.0,DIGITA-MUMBAI/ 826.00,Medium,No,0.0,0.0,0.0,0.0,[],[],,
20260726_164425_DR VIJAY.pdf,Bank Statement,Receipt,20250425,Suspense,bank of baroda,Suspense,443.0,DIGITA-MUMBAI/ 443.00,Medium,No,0.0,0.0,0.0,0.0,[],[],,
20260726_164425_DR VIJAY.pdf,Bank Statement,Receipt,20250425,Suspense,bank of baroda,Suspense,1059.0,"DIGITA-MUMBAI/ 1,059.0",Medium,No,0.0,0.0,0.0,0.0,[],[],,
20260726_164425_DR VIJAY.pdf,Bank Statement,Receipt,20250425,Suspense,bank of baroda,Suspense,3057.0,"DIGITA-MUMBAI/ 1,980.0",Medium,No,0.0,0.0,0.0,0.0,[],[],,
20260726_164425_DR VIJAY.pdf,Bank Statement,Receipt,20250425,Suspense,bank of baroda,Suspense,168.0,DIGITA-MUMBAI/ 168.00,Medium,No,0.0,0.0,0.0,0.0,[],[],,
20260726_164425_DR VIJAY.pdf,Bank Statement,Receipt,20250425,Suspense,bank of baroda,Suspense,1742.0,"DIGITA-MUMBAI/ 1,742.0",Medium,No,0.0,0.0,0.0,0.0,[],[],,
20260726_164425_DR VIJAY.pdf,Bank Statement,Receipt,20250425,Suspense,bank of baroda,Suspense,1166.0,"DIGITA-MUMBAI/ 1,166.0",Medium,No,0.0,0.0,0.0,0.0,[],[],,
20260726_164425_DR VIJAY.pdf,Bank Statement,Payment,20250426,Suspense,Suspense,bank of baroda,30000.0,"IMPS/P2A/51161 30,000.",Medium,No,0.0,0.0,0.0,0.0,[],[],,
20260726_164425_DR VIJAY.pdf,Bank Statement,Payment,20250426,Suspense,Suspense,bank of baroda,8.85,"CHARGES FOR 8.85 3,",Medium,No,0.0,0.0,0.0,0.0,[],[],,
20260726_164425_DR VIJAY.pdf,Bank Statement,Payment,20250427,Suspense,Suspense,bank of baroda,10000.0,"IMPS/P2A/51171 10,000.",Medium,No,0.0,0.0,0.0,0.0,[],[],,
20260726_164425_DR VIJAY.pdf,Bank Statement,Payment,20250427,Suspense,Suspense,bank of baroda,5.9,"CHARGES FOR 5.90 3,",Medium,No,0.0,0.0,0.0,0.0,[],[],,
20260726_164425_DR VIJAY.pdf,Bank Statement,Payment,20250429,Suspense,Suspense,bank of baroda,20241.0,"SERJAI-JAIPUR/ 361 20,241.",Medium,No,0.0,0.0,0.0,0.0,[],[],,
20260726_164425_DR VIJAY.pdf,Bank Statement,Payment,20250429,Suspense,Suspense,bank of baroda,25000.0,"SERJAI-JAIPUR/ 360 25,000.",Medium,No,0.0,0.0,0.0,0.0,[],[],,
20260726_164425_DR VIJAY.pdf,Bank Statement,Payment,20250429,Suspense,Suspense,bank of baroda,15000.0,"SERJAI-JAIPUR/ 359 15,000.",Medium,No,0.0,0.0,0.0,0.0,[],[],,
20260726_164425_DR VIJAY.pdf,Bank Statement,Payment,20250429,Suspense,Suspense,bank of baroda,90000.0,"SERJAI-JAIPUR/ 358 90,000.",Medium,No,0.0,0.0,0.0,0.0,[],[],,
20260726_164425_DR VIJAY.pdf,Bank Statement,Payment,20250429,Suspense,Suspense,bank of baroda,30000.0,"SERJAI-JAIPUR/ 357 30,000.",Medium,No,0.0,0.0,0.0,0.0,[],[],,
20260726_164425_DR VIJAY.pdf,Bank Statement,Payment,20250429,Suspense,Suspense,bank of baroda,10000.0,"SERJAI-JAIPUR/ 353 10,000.",Medium,No,0.0,0.0,0.0,0.0,[],[],,
20260726_164425_DR VIJAY.pdf,Bank Statement,Payment,20250429,Suspense,Suspense,bank of baroda,20000.0,"SERJAI-JAIPUR/ 356 20,000.",Medium,No,0.0,0.0,0.0,0.0,[],[],,
20260726_164425_DR VIJAY.pdf,Bank Statement,Payment,20250430,Suspense,Suspense,bank of baroda,50000.0,"IMPS/P2A/51201 50,000.",Medium,No,0.0,0.0,0.0,0.0,[],[],,
20260726_164425_DR VIJAY.pdf,Bank Statement,Payment,20250430,Suspense,Suspense,bank of baroda,8.85,CHARGES FOR 8.85 72,Medium,No,0.0,0.0,0.0,0.0,[],[],,
20260726_164425_DR VIJAY.pdf,Bank Statement,Payment,20250430,Suspense,Suspense,bank of baroda,10000.0,"MBK/5120372821 37282112 10,000.",Medium,No,0.0,0.0,0.0,0.0,[],[],,
20260726_164425_DR VIJAY.pdf,Bank Statement,Payment,20250430,Suspense,Suspense,bank of baroda,3000.0,"MBK/5120372967 37296783 3,000.0",Medium,No,0.0,0.0,0.0,0.0,[],[],,
20260726_164425_DR VIJAY.pdf,Bank Statement,Payment,20250501,Suspense,Suspense,bank of baroda,14846.0,"RAIAJM-AJMER/G 364 14,846.",Medium,No,0.0,0.0,0.0,0.0,[],[],,
20260726_164425_DR VIJAY.pdf,Bank Statement,Payment,20250501,Suspense,Suspense,bank of baroda,30000.0,"SERJAI-JAIPUR/ 363 30,000.",Medium,No,0.0,0.0,0.0,0.0,[],[],,
20260726_164425_DR VIJAY.pdf,Bank Statement,Payment,20250501,Suspense,Suspense,bank of baroda,12000.0,"IMPS/P2A/51212 12,000.",Medium,No,0.0,0.0,0.0,0.0,[],[],,
20260726_164425_DR VIJAY.pdf,Bank Statement,Payment,20250501,Suspense,Suspense,bank of baroda,5.9,"CHARGES FOR 5.90 2,",Medium,No,0.0,0.0,0.0,0.0,[],[],,
20260726_164425_DR VIJAY.pdf,Bank Statement,Payment,20250502,Suspense,Suspense,bank of baroda,25000.0,"SERJAI-JAIPUR/ 25,000.",Medium,No,0.0,0.0,0.0,0.0,[],[],,
20260726_164425_DR VIJAY.pdf,Bank Statement,Receipt,20250502,Suspense,bank of baroda,Suspense,25000.0,"SERJAI-JAIPUR/ 25,000.",Medium,No,0.0,0.0,0.0,0.0,[],[],,
20260726_164425_DR VIJAY.pdf,Bank Statement,Payment,20250502,Suspense,Suspense,bank of baroda,15000.0,"SERJAI-JAIPUR/ 15,000.",Medium,No,0.0,0.0,0.0,0.0,[],[],,
20260726_164425_DR VIJAY.pdf,Bank Statement,Receipt,20250502,Suspense,bank of baroda,Suspense,15000.0,"SERJAI-JAIPUR/ 15,000.",Medium,No,0.0,0.0,0.0,0.0,[],[],,
20260726_164425_DR VIJAY.pdf,Bank Statement,Payment,20250502,Suspense,Suspense,bank of baroda,590.0,SERJAI-JAIPUR/ 590.00,Medium,No,0.0,0.0,0.0,0.0,[],[],,
20260726_164425_DR VIJAY.pdf,Bank Statement,Receipt,20250503,Suspense,bank of baroda,Suspense,1400.0,"UPI/1041720264 72026491 1,400.0",Medium,No,0.0,0.0,0.0,0.0,[],[],,
20260726_164425_DR VIJAY.pdf,Bank Statement,Payment,20250506,Suspense,Suspense,bank of baroda,336.0,IMPS/P2A/51261 336.00,Medium,No,0.0,0.0,0.0,0.0,[],[],,
20260726_164425_DR VIJAY.pdf,Bank Statement,Payment,20250506,Suspense,Suspense,bank of baroda,2.95,"CHARGES FOR 2.95 3,",Medium,No,0.0,0.0,0.0,0.0,[],[],,
20260726_164425_DR VIJAY.pdf,Bank Statement,Payment,20250509,Suspense,Suspense,bank of baroda,3000.0,"IMPS/P2A/51292 3,000.0",Medium,No,0.0,0.0,0.0,0.0,[],[],,
20260726_164425_DR VIJAY.pdf,Bank Statement,Payment,20250509,Suspense,Suspense,bank of baroda,5.9,CHARGES FOR 5.90 24,Medium,No,0.0,0.0,0.0,0.0,[],[],,
20260726_164425_DR VIJAY.pdf,Bank Statement,Receipt,20250511,Suspense,bank of baroda,Suspense,95000.0,"UPI/1046307019 30701922 95,000.",Medium,No,0.0,0.0,0.0,0.0,[],[],,
20260726_164425_DR VIJAY.pdf,Bank Statement,Receipt,20250512,Suspense,bank of baroda,Suspense,25000.0,"UPI/1046873201 87320174 25,000.",Medium,No,0.0,0.0,0.0,0.0,[],[],,
20260726_164425_DR VIJAY.pdf,Bank Statement,Payment,20250513,Suspense,Suspense,bank of baroda,70000.0,"SERJAI-JAIPUR/ 368 70,000.",Medium,No,0.0,0.0,0.0,0.0,[],[],,
20260726_164425_DR VIJAY.pdf,Bank Statement,Payment,20250513,Suspense,Suspense,bank of baroda,20000.0,"SERJAI-JAIPUR/ 366 20,000.",Medium,No,0.0,0.0,0.0,0.0,[],[],,
20260726_164425_DR VIJAY.pdf,Bank Statement,Payment,20250513,Suspense,Suspense,bank of baroda,3000.0,"IMPS/P2A/51331 3,000.0",Medium,No,0.0,0.0,0.0,0.0,[],[],,
20260726_164425_DR VIJAY.pdf,Bank Statement,Payment,20250513,Suspense,Suspense,bank of baroda,5.9,CHARGES FOR 5.90 27,Medium,No,0.0,0.0,0.0,0.0,[],[],,
20260726_164425_DR VIJAY.pdf,Bank Statement,Payment,20250514,Suspense,Suspense,bank of baroda,25000.0,"IMPS/P2A/51341 25,000.",Medium,No,0.0,0.0,0.0,0.0,[],[],,
20260726_164425_DR VIJAY.pdf,Bank Statement,Payment,20250514,Suspense,Suspense,bank of baroda,5.9,"CHARGES FOR 5.90 2,",Medium,No,0.0,0.0,0.0,0.0,[],[],,
20260726_164425_DR VIJAY.pdf,Bank Statement,Payment,20250516,Suspense,Suspense,bank of baroda,15000.0,"SERJAI-JAIPUR/ 15,000.",Medium,No,0.0,0.0,0.0,0.0,[],[],,
20260726_164425_DR VIJAY.pdf,Bank Statement,Receipt,20250516,Suspense,bank of baroda,Suspense,15000.0,"SERJAI-JAIPUR/ 15,000.",Medium,No,0.0,0.0,0.0,0.0,[],[],,
20260726_164425_DR VIJAY.pdf,Bank Statement,Payment,20250516,Suspense,Suspense,bank of baroda,295.0,SERJAI-JAIPUR/ 295.00,Medium,No,0.0,0.0,0.0,0.0,[],[],,
20260726_164425_DR VIJAY.pdf,Bank Statement,Receipt,20250520,Suspense,bank of baroda,Suspense,1318.0,"DIGITA-MUMBAI/ 1,318.0",Medium,No,0.0,0.0,0.0,0.0,[],[],,
20260726_164425_DR VIJAY.pdf,Bank Statement,Receipt,20250520,Suspense,bank of baroda,Suspense,414.0,DIGITA-MUMBAI/ 414.00,Medium,No,0.0,0.0,0.0,0.0,[],[],,
20260726_164425_DR VIJAY.pdf,Bank Statement,Receipt,20250520,Suspense,bank of baroda,Suspense,1036.0,DIGITA-MUMBAI/ 810.00,Medium,No,0.0,0.0,0.0,0.0,[],[],,
20260726_164425_DR VIJAY.pdf,Bank Statement,Receipt,20250520,Suspense,bank of baroda,Suspense,711.0,DIGITA-MUMBAI/ 711.00,Medium,No,0.0,0.0,0.0,0.0,[],[],,
20260726_164425_DR VIJAY.pdf,Bank Statement,Receipt,20250520,Suspense,bank of baroda,Suspense,1358.0,"DIGITA-MUMBAI/ 1,358.0",Medium,No,0.0,0.0,0.0,0.0,[],[],,
20260726_164425_DR VIJAY.pdf,Bank Statement,Receipt,20250520,Suspense,bank of baroda,Suspense,482.0,DIGITA-MUMBAI/ 482.00,Medium,No,0.0,0.0,0.0,0.0,[],[],,
20260726_164425_DR VIJAY.pdf,Bank Statement,Receipt,20250520,Suspense,bank of baroda,Suspense,1066.0,"DIGITA-MUMBAI/ 1,066.0",Medium,No,0.0,0.0,0.0,0.0,[],[],,
20260726_164425_DR VIJAY.pdf,Bank Statement,Receipt,20250520,Suspense,bank of baroda,Suspense,585.0,DIGITA-MUMBAI/ 585.00,Medium,No,0.0,0.0,0.0,0.0,[],[],,
20260726_164425_DR VIJAY.pdf,Bank Statement,Receipt,20250520,Suspense,bank of baroda,Suspense,744.0,DIGITA-MUMBAI/ 744.00,Medium,No,0.0,0.0,0.0,0.0,[],[],,
20260726_164425_DR VIJAY.pdf,Bank Statement,Receipt,20250520,Suspense,bank of baroda,Suspense,3022.0,"DIGITA-MUMBAI/ 3,022.0",Medium,No,0.0,0.0,0.0,0.0,[],[],,
20260726_164425_DR VIJAY.pdf,Bank Statement,Receipt,20250520,Suspense,bank of baroda,Suspense,1348.0,"DIGITA-MUMBAI/ 1,348.0",Medium,No,0.0,0.0,0.0,0.0,[],[],,
20260726_164425_DR VIJAY.pdf,Bank Statement,Receipt,20250520,Suspense,bank of baroda,Suspense,1785.0,"DIGITA-MUMBAI/ 1,785.0",Medium,No,0.0,0.0,0.0,0.0,[],[],,
20260726_164425_DR VIJAY.pdf,Bank Statement,Receipt,20250520,Suspense,bank of baroda,Suspense,441.0,DIGITA-MUMBAI/ 441.00,Medium,No,0.0,0.0,0.0,0.0,[],[],,
20260726_164425_DR VIJAY.pdf,Bank Statement,Receipt,20250520,Suspense,bank of baroda,Suspense,556.0,DIGITA-MUMBAI/ 556.00,Medium,No,0.0,0.0,0.0,0.0,[],[],,
20260726_164425_DR VIJAY.pdf,Bank Statement,Receipt,20250520,Suspense,bank of baroda,Suspense,1796.0,"DIGITA-MUMBAI/ 1,796.0",Medium,No,0.0,0.0,0.0,0.0,[],[],,
20260726_164425_DR VIJAY.pdf,Bank Statement,Receipt,20250520,Suspense,bank of baroda,Suspense,2264.0,"DIGITA-MUMBAI/ 2,264.0",Medium,No,0.0,0.0,0.0,0.0,[],[],,
20260726_164425_DR VIJAY.pdf,Bank Statement,Receipt,20250520,Suspense,bank of baroda,Suspense,985.0,DIGITA-MUMBAI/ 985.00,Medium,No,0.0,0.0,0.0,0.0,[],[],,
20260726_164425_DR VIJAY.pdf,Bank Statement,Receipt,20250520,Suspense,bank of baroda,Suspense,748.0,DIGITA-MUMBAI/ 748.00,Medium,No,0.0,0.0,0.0,0.0,[],[],,
20260726_164425_DR VIJAY.pdf,Bank Statement,Receipt,20250520,Suspense,bank of baroda,Suspense,627.0,DIGITA-MUMBAI/ 627.00,Medium,No,0.0,0.0,0.0,0.0,[],[],,
20260726_164425_DR VIJAY.pdf,Bank Statement,Payment,20250520,Suspense,Suspense,bank of baroda,20000.0,"IMPS/P2A/51401 20,000.",Medium,No,0.0,0.0,0.0,0.0,[],[],,
20260726_164425_DR VIJAY.pdf,Bank Statement,Payment,20250520,Suspense,Suspense,bank of baroda,5.9,"CHARGES FOR 5.90 3,",Medium,No,0.0,0.0,0.0,0.0,[],[],,
20260726_164425_DR VIJAY.pdf,Bank Statement,Payment,20250520,Suspense,Suspense,bank of baroda,3000.0,"IMPS/P2A/51401 3,000.0",Medium,No,0.0,0.0,0.0,0.0,[],[],,
20260726_164425_DR VIJAY.pdf,Bank Statement,Payment,20250520,Suspense,Suspense,bank of baroda,5.9,CHARGES FOR 5.90 21,Medium,No,0.0,0.0,0.0,0.0,[],[],,
20260726_164425_DR VIJAY.pdf,Bank Statement,Receipt,20250521,Suspense,bank of baroda,Suspense,1301.0,"DIGITA-MUMBAI/ 1,301.0",Medium,No,0.0,0.0,0.0,0.0,[],[],,
20260726_164425_DR VIJAY.pdf,Bank Statement,Receipt,20250521,Suspense,bank of baroda,Suspense,66.0,DIGITA-MUMBAI/ 66.00 1,Medium,No,0.0,0.0,0.0,0.0,[],[],,
20260726_164425_DR VIJAY.pdf,Bank Statement,Receipt,20250521,Suspense,bank of baroda,Suspense,1437.0,"DIGITA-MUMBAI/ 1,437.0",Medium,No,0.0,0.0,0.0,0.0,[],[],,
20260726_164425_DR VIJAY.pdf,Bank Statement,Receipt,20250521,Suspense,bank of baroda,Suspense,868.0,DIGITA-MUMBAI/ 868.00,Medium,No,0.0,0.0,0.0,0.0,[],[],,
20260726_164425_DR VIJAY.pdf,Bank Statement,Receipt,20250521,Suspense,bank of baroda,Suspense,1410.0,"DIGITA-MUMBAI/ 1,410.0",Medium,No,0.0,0.0,0.0,0.0,[],[],,
20260726_164425_DR VIJAY.pdf,Bank Statement,Receipt,20250521,Suspense,bank of baroda,Suspense,721.0,DIGITA-MUMBAI/ 721.00,Medium,No,0.0,0.0,0.0,0.0,[],[],,
20260726_164425_DR VIJAY.pdf,Bank Statement,Receipt,20250521,Suspense,bank of baroda,Suspense,1324.0,"DIGITA-MUMBAI/ 1,324.0",Medium,No,0.0,0.0,0.0,0.0,[],[],,
20260726_164425_DR VIJAY.pdf,Bank Statement,Receipt,20250521,Suspense,bank of baroda,Suspense,978.0,DIGITA-MUMBAI/ 978.00,Medium,No,0.0,0.0,0.0,0.0,[],[],,
20260726_164425_DR VIJAY.pdf,Bank Statement,Receipt,20250521,Suspense,bank of baroda,Suspense,2183.0,"DIGITA-MUMBAI/ 2,183.0",Medium,No,0.0,0.0,0.0,0.0,[],[],,
20260726_164425_DR VIJAY.pdf,Bank Statement,Receipt,20250521,Suspense,bank of baroda,Suspense,541.0,DIGITA-MUMBAI/ 541.00,Medium,No,0.0,0.0,0.0,0.0,[],[],,
20260726_164425_DR VIJAY.pdf,Bank Statement,Receipt,20250521,Suspense,bank of baroda,Suspense,167.0,DIGITA-MUMBAI/ 167.00,Medium,No,0.0,0.0,0.0,0.0,[],[],,
20260726_164425_DR VIJAY.pdf,Bank Statement,Receipt,20250521,Suspense,bank of baroda,Suspense,914.0,DIGITA-MUMBAI/ 914.00,Medium,No,0.0,0.0,0.0,0.0,[],[],,
20260726_164425_DR VIJAY.pdf,Bank Statement,Receipt,20250521,Suspense,bank of baroda,Suspense,389.0,DIGITA-MUMBAI/ 389.00,Medium,No,0.0,0.0,0.0,0.0,[],[],,
20260726_164425_DR VIJAY.pdf,Bank Statement,Receipt,20250521,Suspense,bank of baroda,Suspense,661.0,DIGITA-MUMBAI/ 661.00,Medium,No,0.0,0.0,0.0,0.0,[],[],,
20260726_164425_DR VIJAY.pdf,Bank Statement,Receipt,20250521,Suspense,bank of baroda,Suspense,665.0,DIGITA-MUMBAI/ 665.00,Medium,No,0.0,0.0,0.0,0.0,[],[],,
20260726_164425_DR VIJAY.pdf,Bank Statement,Receipt,20250521,Suspense,bank of baroda,Suspense,791.0,DIGITA-MUMBAI/ 791.00,Medium,No,0.0,0.0,0.0,0.0,[],[],,
20260726_164425_DR VIJAY.pdf,Bank Statement,Receipt,20250521,Suspense,bank of baroda,Suspense,525.0,DIGITA-MUMBAI/ 525.00,Medium,No,0.0,0.0,0.0,0.0,[],[],,
20260726_164425_DR VIJAY.pdf,Bank Statement,Receipt,20250521,Suspense,bank of baroda,Suspense,950.0,DIGITA-MUMBAI/ 950.00,Medium,No,0.0,0.0,0.0,0.0,[],[],,
20260726_164425_DR VIJAY.pdf,Bank Statement,Receipt,20250521,Suspense,bank of baroda,Suspense,331.0,DIGITA-MUMBAI/ 331.00,Medium,No,0.0,0.0,0.0,0.0,[],[],,
20260726_164425_DR VIJAY.pdf,Bank Statement,Receipt,20250521,Suspense,bank of baroda,Suspense,554.0,DIGITA-MUMBAI/ 554.00,Medium,No,0.0,0.0,0.0,0.0,[],[],,
20260726_164425_DR VIJAY.pdf,Bank Statement,Receipt,20250521,Suspense,bank of baroda,Suspense,513.0,DIGITA-MUMBAI/ 513.00,Medium,No,0.0,0.0,0.0,0.0,[],[],,
20260726_164425_DR VIJAY.pdf,Bank Statement,Receipt,20250521,Suspense,bank of baroda,Suspense,674.0,DIGITA-MUMBAI/ 674.00,Medium,No,0.0,0.0,0.0,0.0,[],[],,
20260726_164425_DR VIJAY.pdf,Bank Statement,Receipt,20250521,Suspense,bank of baroda,Suspense,592.0,DIGITA-MUMBAI/ 592.00,Medium,No,0.0,0.0,0.0,0.0,[],[],,
20260726_164425_DR VIJAY.pdf,Bank Statement,Receipt,20250521,Suspense,bank of baroda,Suspense,1001.0,"DIGITA-MUMBAI/ 1,001.0",Medium,No,0.0,0.0,0.0,0.0,[],[],,
20260726_164425_DR VIJAY.pdf,Bank Statement,Receipt,20250521,Suspense,bank of baroda,Suspense,1276.0,"DIGITA-MUMBAI/ 1,276.0",Medium,No,0.0,0.0,0.0,0.0,[],[],,
20260726_164425_DR VIJAY.pdf,Bank Statement,Receipt,20250521,Suspense,bank of baroda,Suspense,1269.0,DIGITA-MUMBAI/ 476.00,Medium,No,0.0,0.0,0.0,0.0,[],[],,
20260726_164425_DR VIJAY.pdf,Bank Statement,Receipt,20250521,Suspense,bank of baroda,Suspense,1198.0,"DIGITA-MUMBAI/ 1,198.0",Medium,No,0.0,0.0,0.0,0.0,[],[],,
20260726_164425_DR VIJAY.pdf,Bank Statement,Receipt,20250521,Suspense,bank of baroda,Suspense,1714.0,"DIGITA-MUMBAI/ 1,714.0",Medium,No,0.0,0.0,0.0,0.0,[],[],,
20260726_164425_DR VIJAY.pdf,Bank Statement,Receipt,20250521,Suspense,bank of baroda,Suspense,1100.0,"DIGITA-MUMBAI/ 1,100.0",Medium,No,0.0,0.0,0.0,0.0,[],[],,
20260726_164425_DR VIJAY.pdf,Bank Statement,Receipt,20250521,Suspense,bank of baroda,Suspense,1228.0,"DIGITA-MUMBAI/ 1,228.0",Medium,No,0.0,0.0,0.0,0.0,[],[],,
20260726_164425_DR VIJAY.pdf,Bank Statement,Receipt,20250521,Suspense,bank of baroda,Suspense,1444.0,"DIGITA-MUMBAI/ 1,444.0",Medium,No,0.0,0.0,0.0,0.0,[],[],,
20260726_164425_DR VIJAY.pdf,Bank Statement,Receipt,20250521,Suspense,bank of baroda,Suspense,813.0,DIGITA-MUMBAI/ 813.00,Medium,No,0.0,0.0,0.0,0.0,[],[],,
20260726_164425_DR VIJAY.pdf,Bank Statement,Receipt,20250521,Suspense,bank of baroda,Suspense,168.0,DIGITA-MUMBAI/ 168.00,Medium,No,0.0,0.0,0.0,0.0,[],[],,
20260726_164425_DR VIJAY.pdf,Bank Statement,Receipt,20250521,Suspense,bank of baroda,Suspense,594.0,DIGITA-MUMBAI/ 594.00,Medium,No,0.0,0.0,0.0,0.0,[],[],,
20260726_164425_DR VIJAY.pdf,Bank Statement,Receipt,20250521,Suspense,bank of baroda,Suspense,310.0,DIGITA-MUMBAI/ 310.00,Medium,No,0.0,0.0,0.0,0.0,[],[],,
20260726_164425_DR VIJAY.pdf,Bank Statement,Receipt,20250521,Suspense,bank of baroda,Suspense,691.0,DIGITA-MUMBAI/ 691.00,Medium,No,0.0,0.0,0.0,0.0,[],[],,
20260726_164425_DR VIJAY.pdf,Bank Statement,Receipt,20250521,Suspense,bank of baroda,Suspense,1177.0,"DIGITA-MUMBAI/ 1,177.0",Medium,No,0.0,0.0,0.0,0.0,[],[],,
20260726_164425_DR VIJAY.pdf,Bank Statement,Receipt,20250521,Suspense,bank of baroda,Suspense,207.0,DIGITA-MUMBAI/ 207.00,Medium,No,0.0,0.0,0.0,0.0,[],[],,
20260726_164425_DR VIJAY.pdf,Bank Statement,Receipt,20250521,Suspense,bank of baroda,Suspense,2146.0,"DIGITA-MUMBAI/ 2,146.0",Medium,No,0.0,0.0,0.0,0.0,[],[],,
20260726_164425_DR VIJAY.pdf,Bank Statement,Receipt,20250521,Suspense,bank of baroda,Suspense,2377.0,"DIGITA-MUMBAI/ 2,377.0",Medium,No,0.0,0.0,0.0,0.0,[],[],,
20260726_164425_DR VIJAY.pdf,Bank Statement,Receipt,20250521,Suspense,bank of baroda,Suspense,513.0,DIGITA-MUMBAI/ 513.00,Medium,No,0.0,0.0,0.0,0.0,[],[],,
20260726_164425_DR VIJAY.pdf,Bank Statement,Receipt,20250521,Suspense,bank of baroda,Suspense,1320.0,"DIGITA-MUMBAI/ 1,320.0",Medium,No,0.0,0.0,0.0,0.0,[],[],,
20260726_164425_DR VIJAY.pdf,Bank Statement,Receipt,20250521,Suspense,bank of baroda,Suspense,2519.0,"DIGITA-MUMBAI/ 2,519.0",Medium,No,0.0,0.0,0.0,0.0,[],[],,
20260726_164425_DR VIJAY.pdf,Bank Statement,Receipt,20250521,Suspense,bank of baroda,Suspense,1348.0,"DIGITA-MUMBAI/ 1,348.0",Medium,No,0.0,0.0,0.0,0.0,[],[],,
20260726_164425_DR VIJAY.pdf,Bank Statement,Receipt,20250521,Suspense,bank of baroda,Suspense,438.0,DIGITA-MUMBAI/ 438.00,Medium,No,0.0,0.0,0.0,0.0,[],[],,
20260726_164425_DR VIJAY.pdf,Bank Statement,Receipt,20250521,Suspense,bank of baroda,Suspense,1052.0,"DIGITA-MUMBAI/ 1,052.0",Medium,No,0.0,0.0,0.0,0.0,[],[],,
20260726_164425_DR VIJAY.pdf,Bank Statement,Receipt,20250521,Suspense,bank of baroda,Suspense,2907.0,"DIGITA-MUMBAI/ 2,907.0",Medium,No,0.0,0.0,0.0,0.0,[],[],,
20260726_164425_DR VIJAY.pdf,Bank Statement,Receipt,20250521,Suspense,bank of baroda,Suspense,551.0,DIGITA-MUMBAI/ 551.00,Medium,No,0.0,0.0,0.0,0.0,[],[],,
20260726_164425_DR VIJAY.pdf,Bank Statement,Receipt,20250521,Suspense,bank of baroda,Suspense,3286.0,"DIGITA-MUMBAI/ 3,286.0",Medium,No,0.0,0.0,0.0,0.0,[],[],,
20260726_164425_DR VIJAY.pdf,Bank Statement,Receipt,20250521,Suspense,bank of baroda,Suspense,3137.0,"DIGITA-MUMBAI/ 3,137.0",Medium,No,0.0,0.0,0.0,0.0,[],[],,
20260726_164425_DR VIJAY.pdf,Bank Statement,Receipt,20250521,Suspense,bank of baroda,Suspense,1473.0,"DIGITA-MUMBAI/ 1,473.0",Medium,No,0.0,0.0,0.0,0.0,[],[],,
20260726_164425_DR VIJAY.pdf,Bank Statement,Receipt,20250521,Suspense,bank of baroda,Suspense,550.0,DIGITA-MUMBAI/ 550.00,Medium,No,0.0,0.0,0.0,0.0,[],[],,
20260726_164425_DR VIJAY.pdf,Bank Statement,Receipt,20250521,Suspense,bank of baroda,Suspense,3254.0,"DIGITA-MUMBAI/ 3,254.0",Medium,No,0.0,0.0,0.0,0.0,[],[],,
20260726_164425_DR VIJAY.pdf,Bank Statement,Receipt,20250521,Suspense,bank of baroda,Suspense,666.0,DIGITA-MUMBAI/ 666.00,Medium,No,0.0,0.0,0.0,0.0,[],[],,
20260726_164425_DR VIJAY.pdf,Bank Statement,Receipt,20250521,Suspense,bank of baroda,Suspense,377.0,DIGITA-MUMBAI/ 377.00,Medium,No,0.0,0.0,0.0,0.0,[],[],,
20260726_164425_DR VIJAY.pdf,Bank Statement,Receipt,20250521,Suspense,bank of baroda,Suspense,1524.0,"DIGITA-MUMBAI/ 1,524.0",Medium,No,0.0,0.0,0.0,0.0,[],[],,
20260726_164425_DR VIJAY.pdf,Bank Statement,Receipt,20250521,Suspense,bank of baroda,Suspense,510.0,DIGITA-MUMBAI/ 510.00,Medium,No,0.0,0.0,0.0,0.0,[],[],,
20260726_164425_DR VIJAY.pdf,Bank Statement,Receipt,20250521,Suspense,bank of baroda,Suspense,430.0,DIGITA-MUMBAI/ 430.00,Medium,No,0.0,0.0,0.0,0.0,[],[],,
20260726_164425_DR VIJAY.pdf,Bank Statement,Receipt,20250521,Suspense,bank of baroda,Suspense,280.0,DIGITA-MUMBAI/ 280.00,Medium,No,0.0,0.0,0.0,0.0,[],[],,
20260726_164425_DR VIJAY.pdf,Bank Statement,Receipt,20250521,Suspense,bank of baroda,Suspense,373.0,DIGITA-MUMBAI/ 373.00,Medium,No,0.0,0.0,0.0,0.0,[],[],,
20260726_164425_DR VIJAY.pdf,Bank Statement,Receipt,20250521,Suspense,bank of baroda,Suspense,759.0,DIGITA-MUMBAI/ 759.00,Medium,No,0.0,0.0,0.0,0.0,[],[],,
20260726_164425_DR VIJAY.pdf,Bank Statement,Receipt,20250521,Suspense,bank of baroda,Suspense,1176.0,"DIGITA-MUMBAI/ 1,176.0",Medium,No,0.0,0.0,0.0,0.0,[],[],,
20260726_164425_DR VIJAY.pdf,Bank Statement,Receipt,20250521,Suspense,bank of baroda,Suspense,398.0,DIGITA-MUMBAI/ 398.00,Medium,No,0.0,0.0,0.0,0.0,[],[],,
20260726_164425_DR VIJAY.pdf,Bank Statement,Receipt,20250521,Suspense,bank of baroda,Suspense,1353.0,"DIGITA-MUMBAI/ 1,353.0",Medium,No,0.0,0.0,0.0,0.0,[],[],,
20260726_164425_DR VIJAY.pdf,Bank Statement,Receipt,20250521,Suspense,bank of baroda,Suspense,645.0,DIGITA-MUMBAI/ 645.00,Medium,No,0.0,0.0,0.0,0.0,[],[],,
20260726_164425_DR VIJAY.pdf,Bank Statement,Receipt,20250521,Suspense,bank of baroda,Suspense,15.0,DIGITA-MUMBAI/ 15.00 6,Medium,No,0.0,0.0,0.0,0.0,[],[],,
20260726_164425_DR VIJAY.pdf,Bank Statement,Receipt,20250521,Suspense,bank of baroda,Suspense,1000.0,"DIGITA-MUMBAI/ 1,000.0",Medium,No,0.0,0.0,0.0,0.0,[],[],,
20260726_164425_DR VIJAY.pdf,Bank Statement,Receipt,20250521,Suspense,bank of baroda,Suspense,672.0,DIGITA-MUMBAI/ 672.00,Medium,No,0.0,0.0,0.0,0.0,[],[],,
20260726_164425_DR VIJAY.pdf,Bank Statement,Receipt,20250521,Suspense,bank of baroda,Suspense,550.0,DIGITA-MUMBAI/ 550.00,Medium,No,0.0,0.0,0.0,0.0,[],[],,
20260726_164425_DR VIJAY.pdf,Bank Statement,Receipt,20250521,Suspense,bank of baroda,Suspense,614.0,DIGITA-MUMBAI/ 614.00,Medium,No,0.0,0.0,0.0,0.0,[],[],,
20260726_164425_DR VIJAY.pdf,Bank Statement,Receipt,20250521,Suspense,bank of baroda,Suspense,465.0,DIGITA-MUMBAI/ 465.00,Medium,No,0.0,0.0,0.0,0.0,[],[],,
20260726_164425_DR VIJAY.pdf,Bank Statement,Receipt,20250521,Suspense,bank of baroda,Suspense,2568.0,DIGITA-MUMBAI/ 739.00,Medium,No,0.0,0.0,0.0,0.0,[],[],,
20260726_164425_DR VIJAY.pdf,Bank Statement,Receipt,20250521,Suspense,bank of baroda,Suspense,98.0,DIGITA-MUMBAI/ 98.00 7,Medium,No,0.0,0.0,0.0,0.0,[],[],,
20260726_164425_DR VIJAY.pdf,Bank Statement,Receipt,20250521,Suspense,bank of baroda,Suspense,460.0,DIGITA-MUMBAI/ 460.00,Medium,No,0.0,0.0,0.0,0.0,[],[],,
20260726_164425_DR VIJAY.pdf,Bank Statement,Receipt,20250521,Suspense,bank of baroda,Suspense,1163.0,"DIGITA-MUMBAI/ 1,163.0",Medium,No,0.0,0.0,0.0,0.0,[],[],,
20260726_164425_DR VIJAY.pdf,Bank Statement,Receipt,20250521,Suspense,bank of baroda,Suspense,867.0,DIGITA-MUMBAI/ 867.00,Medium,No,0.0,0.0,0.0,0.0,[],[],,
20260726_164425_DR VIJAY.pdf,Bank Statement,Receipt,20250521,Suspense,bank of baroda,Suspense,641.0,DIGITA-MUMBAI/ 641.00,Medium,No,0.0,0.0,0.0,0.0,[],[],,
20260726_164425_DR VIJAY.pdf,Bank Statement,Receipt,20250521,Suspense,bank of baroda,Suspense,3075.0,"DIGITA-MUMBAI/ 3,075.0",Medium,No,0.0,0.0,0.0,0.0,[],[],,
20260726_164425_DR VIJAY.pdf,Bank Statement,Receipt,20250521,Suspense,bank of baroda,Suspense,1751.0,"DIGITA-MUMBAI/ 1,751.0",Medium,No,0.0,0.0,0.0,0.0,[],[],,
20260726_164425_DR VIJAY.pdf,Bank Statement,Receipt,20250521,Suspense,bank of baroda,Suspense,3959.0,"DIGITA-MUMBAI/ 3,959.0",Medium,No,0.0,0.0,0.0,0.0,[],[],,
20260726_164425_DR VIJAY.pdf,Bank Statement,Receipt,20250521,Suspense,bank of baroda,Suspense,486.0,DIGITA-MUMBAI/ 486.00,Medium,No,0.0,0.0,0.0,0.0,[],[],,
20260726_164425_DR VIJAY.pdf,Bank Statement,Receipt,20250521,Suspense,bank of baroda,Suspense,473.0,DIGITA-MUMBAI/ 473.00,Medium,No,0.0,0.0,0.0,0.0,[],[],,
20260726_164425_DR VIJAY.pdf,Bank Statement,Receipt,20250521,Suspense,bank of baroda,Suspense,1268.0,"DIGITA-MUMBAI/ 1,268.0",Medium,No,0.0,0.0,0.0,0.0,[],[],,
20260726_164425_DR VIJAY.pdf,Bank Statement,Receipt,20250521,Suspense,bank of baroda,Suspense,2945.0,"DIGITA-MUMBAI/ 2,945.0",Medium,No,0.0,0.0,0.0,0.0,[],[],,
20260726_164425_DR VIJAY.pdf,Bank Statement,Receipt,20250521,Suspense,bank of baroda,Suspense,1401.0,"DIGITA-MUMBAI/ 1,401.0",Medium,No,0.0,0.0,0.0,0.0,[],[],,
20260726_164425_DR VIJAY.pdf,Bank Statement,Receipt,20250521,Suspense,bank of baroda,Suspense,852.0,DIGITA-MUMBAI/ 852.00,Medium,No,0.0,0.0,0.0,0.0,[],[],,
20260726_164425_DR VIJAY.pdf,Bank Statement,Receipt,20250521,Suspense,bank of baroda,Suspense,2052.0,"DIGITA-MUMBAI/ 2,052.0",Medium,No,0.0,0.0,0.0,0.0,[],[],,
20260726_164425_DR VIJAY.pdf,Bank Statement,Receipt,20250521,Suspense,bank of baroda,Suspense,790.0,DIGITA-MUMBAI/ 790.00,Medium,No,0.0,0.0,0.0,0.0,[],[],,
20260726_164425_DR VIJAY.pdf,Bank Statement,Receipt,20250521,Suspense,bank of baroda,Suspense,1609.0,"DIGITA-MUMBAI/ 1,609.0",Medium,No,0.0,0.0,0.0,0.0,[],[],,
20260726_164425_DR VIJAY.pdf,Bank Statement,Receipt,20250521,Suspense,bank of baroda,Suspense,301.0,DIGITA-MUMBAI/ 301.00,Medium,No,0.0,0.0,0.0,0.0,[],[],,
20260726_164425_DR VIJAY.pdf,Bank Statement,Receipt,20250521,Suspense,bank of baroda,Suspense,695.0,DIGITA-MUMBAI/ 695.00,Medium,No,0.0,0.0,0.0,0.0,[],[],,
20260726_164425_DR VIJAY.pdf,Bank Statement,Receipt,20250521,Suspense,bank of baroda,Suspense,1982.0,"DIGITA-MUMBAI/ 1,982.0",Medium,No,0.0,0.0,0.0,0.0,[],[],,
20260726_164425_DR VIJAY.pdf,Bank Statement,Receipt,20250521,Suspense,bank of baroda,Suspense,1818.0,"DIGITA-MUMBAI/ 1,818.0",Medium,No,0.0,0.0,0.0,0.0,[],[],,
20260726_164425_DR VIJAY.pdf,Bank Statement,Receipt,20250521,Suspense,bank of baroda,Suspense,1643.0,"DIGITA-MUMBAI/ 1,643.0",Medium,No,0.0,0.0,0.0,0.0,[],[],,
20260726_164425_DR VIJAY.pdf,Bank Statement,Receipt,20250521,Suspense,bank of baroda,Suspense,214.0,DIGITA-MUMBAI/ 214.00,Medium,No,0.0,0.0,0.0,0.0,[],[],,
20260726_164425_DR VIJAY.pdf,Bank Statement,Receipt,20250521,Suspense,bank of baroda,Suspense,2640.0,"DIGITA-MUMBAI/ 2,640.0",Medium,No,0.0,0.0,0.0,0.0,[],[],,
20260726_164425_DR VIJAY.pdf,Bank Statement,Receipt,20250521,Suspense,bank of baroda,Suspense,978.0,DIGITA-MUMBAI/ 978.00,Medium,No,0.0,0.0,0.0,0.0,[],[],,
20260726_164425_DR VIJAY.pdf,Bank Statement,Receipt,20250521,Suspense,bank of baroda,Suspense,263.0,DIGITA-MUMBAI/ 263.00,Medium,No,0.0,0.0,0.0,0.0,[],[],,
20260726_164425_DR VIJAY.pdf,Bank Statement,Receipt,20250521,Suspense,bank of baroda,Suspense,1642.0,"DIGITA-MUMBAI/ 1,642.0",Medium,No,0.0,0.0,0.0,0.0,[],[],,
20260726_164425_DR VIJAY.pdf,Bank Statement,Receipt,20250521,Suspense,bank of baroda,Suspense,4205.0,"DIGITA-MUMBAI/ 4,205.0",Medium,No,0.0,0.0,0.0,0.0,[],[],,
20260726_164425_DR VIJAY.pdf,Bank Statement,Receipt,20250521,Suspense,bank of baroda,Suspense,965.0,DIGITA-MUMBAI/ 965.00,Medium,No,0.0,0.0,0.0,0.0,[],[],,
20260726_164425_DR VIJAY.pdf,Bank Statement,Receipt,20250521,Suspense,bank of baroda,Suspense,978.0,DIGITA-MUMBAI/ 978.00,Medium,No,0.0,0.0,0.0,0.0,[],[],,
20260726_164425_DR VIJAY.pdf,Bank Statement,Receipt,20250521,Suspense,bank of baroda,Suspense,44.0,DIGITA-MUMBAI/ 44.00 1,Medium,No,0.0,0.0,0.0,0.0,[],[],,
20260726_164425_DR VIJAY.pdf,Bank Statement,Receipt,20250521,Suspense,bank of baroda,Suspense,729.0,DIGITA-MUMBAI/ 729.00,Medium,No,0.0,0.0,0.0,0.0,[],[],,
20260726_164425_DR VIJAY.pdf,Bank Statement,Receipt,20250521,Suspense,bank of baroda,Suspense,2184.0,"DIGITA-MUMBAI/ 2,184.0",Medium,No,0.0,0.0,0.0,0.0,[],[],,
20260726_164425_DR VIJAY.pdf,Bank Statement,Receipt,20250521,Suspense,bank of baroda,Suspense,1027.0,"DIGITA-MUMBAI/ 1,027.0",Medium,No,0.0,0.0,0.0,0.0,[],[],,
20260726_164425_DR VIJAY.pdf,Bank Statement,Receipt,20250521,Suspense,bank of baroda,Suspense,905.0,DIGITA-MUMBAI/ 905.00,Medium,No,0.0,0.0,0.0,0.0,[],[],,
20260726_164425_DR VIJAY.pdf,Bank Statement,Receipt,20250521,Suspense,bank of baroda,Suspense,1617.0,"DIGITA-MUMBAI/ 1,617.0",Medium,No,0.0,0.0,0.0,0.0,[],[],,
20260726_164425_DR VIJAY.pdf,Bank Statement,Receipt,20250521,Suspense,bank of baroda,Suspense,783.0,DIGITA-MUMBAI/ 783.00,Medium,No,0.0,0.0,0.0,0.0,[],[],,
20260726_164425_DR VIJAY.pdf,Bank Statement,Receipt,20250521,Suspense,bank of baroda,Suspense,3180.0,"DIGITA-MUMBAI/ 3,180.0",Medium,No,0.0,0.0,0.0,0.0,[],[],,
20260726_164425_DR VIJAY.pdf,Bank Statement,Receipt,20250521,Suspense,bank of baroda,Suspense,1151.0,"DIGITA-MUMBAI/ 1,151.0",Medium,No,0.0,0.0,0.0,0.0,[],[],,
20260726_164425_DR VIJAY.pdf,Bank Statement,Receipt,20250521,Suspense,bank of baroda,Suspense,658.0,DIGITA-MUMBAI/ 658.00,Medium,No,0.0,0.0,0.0,0.0,[],[],,
20260726_164425_DR VIJAY.pdf,Bank Statement,Receipt,20250521,Suspense,bank of baroda,Suspense,3538.0,"DIGITA-MUMBAI/ 3,538.0",Medium,No,0.0,0.0,0.0,0.0,[],[],,
20260726_164425_DR VIJAY.pdf,Bank Statement,Receipt,20250521,Suspense,bank of baroda,Suspense,1501.0,"DIGITA-MUMBAI/ 1,501.0",Medium,No,0.0,0.0,0.0,0.0,[],[],,
20260726_164425_DR VIJAY.pdf,Bank Statement,Receipt,20250521,Suspense,bank of baroda,Suspense,371.0,DIGITA-MUMBAI/ 371.00,Medium,No,0.0,0.0,0.0,0.0,[],[],,
20260726_164425_DR VIJAY.pdf,Bank Statement,Receipt,20250521,Suspense,bank of baroda,Suspense,1106.0,"DIGITA-MUMBAI/ 1,106.0",Medium,No,0.0,0.0,0.0,0.0,[],[],,
20260726_164425_DR VIJAY.pdf,Bank Statement,Receipt,20250521,Suspense,bank of baroda,Suspense,964.0,DIGITA-MUMBAI/ 964.00,Medium,No,0.0,0.0,0.0,0.0,[],[],,
20260726_164425_DR VIJAY.pdf,Bank Statement,Receipt,20250521,Suspense,bank of baroda,Suspense,1557.0,DIGITA-MUMBAI/ 809.00,Medium,No,0.0,0.0,0.0,0.0,[],[],,
20260726_164425_DR VIJAY.pdf,Bank Statement,Receipt,20250521,Suspense,bank of baroda,Suspense,577.0,DIGITA-MUMBAI/ 577.00,Medium,No,0.0,0.0,0.0,0.0,[],[],,
20260726_164425_DR VIJAY.pdf,Bank Statement,Receipt,20250521,Suspense,bank of baroda,Suspense,810.0,DIGITA-MUMBAI/ 810.00,Medium,No,0.0,0.0,0.0,0.0,[],[],,
20260726_164425_DR VIJAY.pdf,Bank Statement,Receipt,20250521,Suspense,bank of baroda,Suspense,599.0,DIGITA-MUMBAI/ 599.00,Medium,No,0.0,0.0,0.0,0.0,[],[],,
20260726_164425_DR VIJAY.pdf,Bank Statement,Receipt,20250521,Suspense,bank of baroda,Suspense,727.0,DIGITA-MUMBAI/ 727.00,Medium,No,0.0,0.0,0.0,0.0,[],[],,
20260726_164425_DR VIJAY.pdf,Bank Statement,Receipt,20250521,Suspense,bank of baroda,Suspense,346.0,DIGITA-MUMBAI/ 346.00,Medium,No,0.0,0.0,0.0,0.0,[],[],,
20260726_164425_DR VIJAY.pdf,Bank Statement,Receipt,20250521,Suspense,bank of baroda,Suspense,414.0,DIGITA-MUMBAI/ 414.00,Medium,No,0.0,0.0,0.0,0.0,[],[],,
20260726_164425_DR VIJAY.pdf,Bank Statement,Receipt,20250521,Suspense,bank of baroda,Suspense,449.0,DIGITA-MUMBAI/ 449.00,Medium,No,0.0,0.0,0.0,0.0,[],[],,
20260726_164425_DR VIJAY.pdf,Bank Statement,Receipt,20250521,Suspense,bank of baroda,Suspense,1412.0,"DIGITA-MUMBAI/ 1,412.0",Medium,No,0.0,0.0,0.0,0.0,[],[],,
20260726_164425_DR VIJAY.pdf,Bank Statement,Receipt,20250521,Suspense,bank of baroda,Suspense,550.0,DIGITA-MUMBAI/ 550.00,Medium,No,0.0,0.0,0.0,0.0,[],[],,
20260726_164425_DR VIJAY.pdf,Bank Statement,Receipt,20250521,Suspense,bank of baroda,Suspense,470.0,DIGITA-MUMBAI/ 470.00,Medium,No,0.0,0.0,0.0,0.0,[],[],,
20260726_164425_DR VIJAY.pdf,Bank Statement,Receipt,20250521,Suspense,bank of baroda,Suspense,810.0,DIGITA-MUMBAI/ 810.00,Medium,No,0.0,0.0,0.0,0.0,[],[],,
20260726_164425_DR VIJAY.pdf,Bank Statement,Receipt,20250521,Suspense,bank of baroda,Suspense,331.0,DIGITA-MUMBAI/ 331.00,Medium,No,0.0,0.0,0.0,0.0,[],[],,
20260726_164425_DR VIJAY.pdf,Bank Statement,Receipt,20250521,Suspense,bank of baroda,Suspense,977.0,DIGITA-MUMBAI/ 977.00,Medium,No,0.0,0.0,0.0,0.0,[],[],,
20260726_164425_DR VIJAY.pdf,Bank Statement,Receipt,20250521,Suspense,bank of baroda,Suspense,802.0,DIGITA-MUMBAI/ 802.00,Medium,No,0.0,0.0,0.0,0.0,[],[],,
20260726_164425_DR VIJAY.pdf,Bank Statement,Receipt,20250521,Suspense,bank of baroda,Suspense,621.0,DIGITA-MUMBAI/ 621.00,Medium,No,0.0,0.0,0.0,0.0,[],[],,
20260726_164425_DR VIJAY.pdf,Bank Statement,Receipt,20250521,Suspense,bank of baroda,Suspense,978.0,DIGITA-MUMBAI/ 978.00,Medium,No,0.0,0.0,0.0,0.0,[],[],,
20260726_164425_DR VIJAY.pdf,Bank Statement,Receipt,20250521,Suspense,bank of baroda,Suspense,899.0,DIGITA-MUMBAI/ 899.00,Medium,No,0.0,0.0,0.0,0.0,[],[],,
20260726_164425_DR VIJAY.pdf,Bank Statement,Receipt,20250521,Suspense,bank of baroda,Suspense,3816.0,"DIGITA-MUMBAI/ 3,816.0",Medium,No,0.0,0.0,0.0,0.0,[],[],,
20260726_164425_DR VIJAY.pdf,Bank Statement,Receipt,20250521,Suspense,bank of baroda,Suspense,1074.0,"DIGITA-MUMBAI/ 1,074.0",Medium,No,0.0,0.0,0.0,0.0,[],[],,
20260726_164425_DR VIJAY.pdf,Bank Statement,Receipt,20250521,Suspense,bank of baroda,Suspense,199.0,DIGITA-MUMBAI/ 199.00,Medium,No,0.0,0.0,0.0,0.0,[],[],,
20260726_164425_DR VIJAY.pdf,Bank Statement,Receipt,20250521,Suspense,bank of baroda,Suspense,427.0,DIGITA-MUMBAI/ 427.00,Medium,No,0.0,0.0,0.0,0.0,[],[],,
20260726_164425_DR VIJAY.pdf,Bank Statement,Receipt,20250521,Suspense,bank of baroda,Suspense,616.0,DIGITA-MUMBAI/ 616.00,Medium,No,0.0,0.0,0.0,0.0,[],[],,
20260726_164425_DR VIJAY.pdf,Bank Statement,Receipt,20250521,Suspense,bank of baroda,Suspense,472.0,DIGITA-MUMBAI/ 472.00,Medium,No,0.0,0.0,0.0,0.0,[],[],,
20260726_164425_DR VIJAY.pdf,Bank Statement,Receipt,20250521,Suspense,bank of baroda,Suspense,1523.0,"DIGITA-MUMBAI/ 1,523.0",Medium,No,0.0,0.0,0.0,0.0,[],[],,
20260726_164425_DR VIJAY.pdf,Bank Statement,Receipt,20250521,Suspense,bank of baroda,Suspense,369.0,DIGITA-MUMBAI/ 369.00,Medium,No,0.0,0.0,0.0,0.0,[],[],,
20260726_164425_DR VIJAY.pdf,Bank Statement,Receipt,20250521,Suspense,bank of baroda,Suspense,2050.0,"DIGITA-MUMBAI/ 2,050.0",Medium,No,0.0,0.0,0.0,0.0,[],[],,
20260726_164425_DR VIJAY.pdf,Bank Statement,Receipt,20250521,Suspense,bank of baroda,Suspense,323.0,DIGITA-MUMBAI/ 323.00,Medium,No,0.0,0.0,0.0,0.0,[],[],,
20260726_164425_DR VIJAY.pdf,Bank Statement,Receipt,20250521,Suspense,bank of baroda,Suspense,1231.0,"DIGITA-MUMBAI/ 1,231.0",Medium,No,0.0,0.0,0.0,0.0,[],[],,
20260726_164425_DR VIJAY.pdf,Bank Statement,Receipt,20250521,Suspense,bank of baroda,Suspense,743.0,DIGITA-MUMBAI/ 743.00,Medium,No,0.0,0.0,0.0,0.0,[],[],,
20260726_164425_DR VIJAY.pdf,Bank Statement,Receipt,20250521,Suspense,bank of baroda,Suspense,540.0,DIGITA-MUMBAI/ 540.00,Medium,No,0.0,0.0,0.0,0.0,[],[],,
20260726_164425_DR VIJAY.pdf,Bank Statement,Receipt,20250521,Suspense,bank of baroda,Suspense,886.0,DIGITA-MUMBAI/ 886.00,Medium,No,0.0,0.0,0.0,0.0,[],[],,
20260726_164425_DR VIJAY.pdf,Bank Statement,Receipt,20250521,Suspense,bank of baroda,Suspense,2062.0,"DIGITA-MUMBAI/ 2,062.0",Medium,No,0.0,0.0,0.0,0.0,[],[],,
20260726_164425_DR VIJAY.pdf,Bank Statement,Receipt,20250521,Suspense,bank of baroda,Suspense,1274.0,"DIGITA-MUMBAI/ 1,274.0",Medium,No,0.0,0.0,0.0,0.0,[],[],,
20260726_164425_DR VIJAY.pdf,Bank Statement,Receipt,20250521,Suspense,bank of baroda,Suspense,498.0,DIGITA-MUMBAI/ 498.00,Medium,No,0.0,0.0,0.0,0.0,[],[],,
20260726_164425_DR VIJAY.pdf,Bank Statement,Receipt,20250521,Suspense,bank of baroda,Suspense,1881.0,"DIGITA-MUMBAI/ 1,881.0",Medium,No,0.0,0.0,0.0,0.0,[],[],,
20260726_164425_DR VIJAY.pdf,Bank Statement,Receipt,20250521,Suspense,bank of baroda,Suspense,1080.0,"DIGITA-MUMBAI/ 1,080.0",Medium,No,0.0,0.0,0.0,0.0,[],[],,
20260726_164425_DR VIJAY.pdf,Bank Statement,Receipt,20250521,Suspense,bank of baroda,Suspense,794.0,DIGITA-MUMBAI/ 794.00,Medium,No,0.0,0.0,0.0,0.0,[],[],,
20260726_164425_DR VIJAY.pdf,Bank Statement,Receipt,20250521,Suspense,bank of baroda,Suspense,1226.0,"DIGITA-MUMBAI/ 1,226.0",Medium,No,0.0,0.0,0.0,0.0,[],[],,
20260726_164425_DR VIJAY.pdf,Bank Statement,Receipt,20250521,Suspense,bank of baroda,Suspense,256.0,DIGITA-MUMBAI/ 256.00,Medium,No,0.0,0.0,0.0,0.0,[],[],,
20260726_164425_DR VIJAY.pdf,Bank Statement,Receipt,20250521,Suspense,bank of baroda,Suspense,710.0,DIGITA-MUMBAI/ 710.00,Medium,No,0.0,0.0,0.0,0.0,[],[],,
20260726_164425_DR VIJAY.pdf,Bank Statement,Receipt,20250521,Suspense,bank of baroda,Suspense,2292.0,"DIGITA-MUMBAI/ 2,292.0",Medium,No,0.0,0.0,0.0,0.0,[],[],,
20260726_164425_DR VIJAY.pdf,Bank Statement,Receipt,20250521,Suspense,bank of baroda,Suspense,1561.0,"DIGITA-MUMBAI/ 1,561.0",Medium,No,0.0,0.0,0.0,0.0,[],[],,
20260726_164425_DR VIJAY.pdf,Bank Statement,Receipt,20250521,Suspense,bank of baroda,Suspense,1534.0,"DIGITA-MUMBAI/ 1,534.0",Medium,No,0.0,0.0,0.0,0.0,[],[],,
20260726_164425_DR VIJAY.pdf,Bank Statement,Receipt,20250521,Suspense,bank of baroda,Suspense,215.0,DIGITA-MUMBAI/ 215.00,Medium,No,0.0,0.0,0.0,0.0,[],[],,
20260726_164425_DR VIJAY.pdf,Bank Statement,Receipt,20250521,Suspense,bank of baroda,Suspense,80.0,DIGITA-MUMBAI/ 80.00 1,Medium,No,0.0,0.0,0.0,0.0,[],[],,
20260726_164425_DR VIJAY.pdf,Bank Statement,Receipt,20250521,Suspense,bank of baroda,Suspense,1298.0,DIGITA-MUMBAI/ 674.00,Medium,No,0.0,0.0,0.0,0.0,[],[],,
20260726_164425_DR VIJAY.pdf,Bank Statement,Receipt,20250521,Suspense,bank of baroda,Suspense,1000.0,"DIGITA-MUMBAI/ 1,000.0",Medium,No,0.0,0.0,0.0,0.0,[],[],,
20260726_164425_DR VIJAY.pdf,Bank Statement,Receipt,20250521,Suspense,bank of baroda,Suspense,2727.0,"DIGITA-MUMBAI/ 2,727.0",Medium,No,0.0,0.0,0.0,0.0,[],[],,
20260726_164425_DR VIJAY.pdf,Bank Statement,Receipt,20250521,Suspense,bank of baroda,Suspense,1012.0,"DIGITA-MUMBAI/ 1,012.0",Medium,No,0.0,0.0,0.0,0.0,[],[],,
20260726_164425_DR VIJAY.pdf,Bank Statement,Receipt,20250521,Suspense,bank of baroda,Suspense,937.0,DIGITA-MUMBAI/ 937.00,Medium,No,0.0,0.0,0.0,0.0,[],[],,
20260726_164425_DR VIJAY.pdf,Bank Statement,Receipt,20250521,Suspense,bank of baroda,Suspense,517.0,DIGITA-MUMBAI/ 517.00,Medium,No,0.0,0.0,0.0,0.0,[],[],,
20260726_164425_DR VIJAY.pdf,Bank Statement,Receipt,20250521,Suspense,bank of baroda,Suspense,523.0,DIGITA-MUMBAI/ 523.00,Medium,No,0.0,0.0,0.0,0.0,[],[],,
20260726_164425_DR VIJAY.pdf,Bank Statement,Receipt,20250521,Suspense,bank of baroda,Suspense,298.0,DIGITA-MUMBAI/ 298.00,Medium,No,0.0,0.0,0.0,0.0,[],[],,
20260726_164425_DR VIJAY.pdf,Bank Statement,Receipt,20250521,Suspense,bank of baroda,Suspense,1304.0,"DIGITA-MUMBAI/ 1,304.0",Medium,No,0.0,0.0,0.0,0.0,[],[],,
20260726_164425_DR VIJAY.pdf,Bank Statement,Receipt,20250521,Suspense,bank of baroda,Suspense,2210.0,"DIGITA-MUMBAI/ 2,210.0",Medium,No,0.0,0.0,0.0,0.0,[],[],,
20260726_164425_DR VIJAY.pdf,Bank Statement,Receipt,20250521,Suspense,bank of baroda,Suspense,2248.0,"DIGITA-MUMBAI/ 2,248.0",Medium,No,0.0,0.0,0.0,0.0,[],[],,
20260726_164425_DR VIJAY.pdf,Bank Statement,Receipt,20250521,Suspense,bank of baroda,Suspense,548.0,DIGITA-MUMBAI/ 548.00,Medium,No,0.0,0.0,0.0,0.0,[],[],,
20260726_164425_DR VIJAY.pdf,Bank Statement,Receipt,20250521,Suspense,bank of baroda,Suspense,571.0,DIGITA-MUMBAI/ 571.00,Medium,No,0.0,0.0,0.0,0.0,[],[],,
20260726_164425_DR VIJAY.pdf,Bank Statement,Receipt,20250521,Suspense,bank of baroda,Suspense,913.0,DIGITA-MUMBAI/ 913.00,Medium,No,0.0,0.0,0.0,0.0,[],[],,
20260726_164425_DR VIJAY.pdf,Bank Statement,Receipt,20250521,Suspense,bank of baroda,Suspense,474.0,DIGITA-MUMBAI/ 474.00,Medium,No,0.0,0.0,0.0,0.0,[],[],,
20260726_164425_DR VIJAY.pdf,Bank Statement,Receipt,20250521,Suspense,bank of baroda,Suspense,992.0,DIGITA-MUMBAI/ 992.00,Medium,No,0.0,0.0,0.0,0.0,[],[],,
20260726_164425_DR VIJAY.pdf,Bank Statement,Receipt,20250521,Suspense,bank of baroda,Suspense,2678.0,"DIGITA-MUMBAI/ 2,678.0",Medium,No,0.0,0.0,0.0,0.0,[],[],,
20260726_164425_DR VIJAY.pdf,Bank Statement,Receipt,20250521,Suspense,bank of baroda,Suspense,468.0,DIGITA-MUMBAI/ 468.00,Medium,No,0.0,0.0,0.0,0.0,[],[],,
20260726_164425_DR VIJAY.pdf,Bank Statement,Receipt,20250521,Suspense,bank of baroda,Suspense,985.0,DIGITA-MUMBAI/ 985.00,Medium,No,0.0,0.0,0.0,0.0,[],[],,
20260726_164425_DR VIJAY.pdf,Bank Statement,Receipt,20250521,Suspense,bank of baroda,Suspense,268.0,DIGITA-MUMBAI/ 268.00,Medium,No,0.0,0.0,0.0,0.0,[],[],,
20260726_164425_DR VIJAY.pdf,Bank Statement,Receipt,20250521,Suspense,bank of baroda,Suspense,453.0,DIGITA-MUMBAI/ 453.00,Medium,No,0.0,0.0,0.0,0.0,[],[],,
20260726_164425_DR VIJAY.pdf,Bank Statement,Receipt,20250521,Suspense,bank of baroda,Suspense,527.0,DIGITA-MUMBAI/ 527.00,Medium,No,0.0,0.0,0.0,0.0,[],[],,
20260726_164425_DR VIJAY.pdf,Bank Statement,Receipt,20250521,Suspense,bank of baroda,Suspense,813.0,DIGITA-MUMBAI/ 813.00,Medium,No,0.0,0.0,0.0,0.0,[],[],,
20260726_164425_DR VIJAY.pdf,Bank Statement,Receipt,20250521,Suspense,bank of baroda,Suspense,994.0,DIGITA-MUMBAI/ 994.00,Medium,No,0.0,0.0,0.0,0.0,[],[],,
20260726_164425_DR VIJAY.pdf,Bank Statement,Receipt,20250521,Suspense,bank of baroda,Suspense,299.0,DIGITA-MUMBAI/ 299.00,Medium,No,0.0,0.0,0.0,0.0,[],[],,
20260726_164425_DR VIJAY.pdf,Bank Statement,Receipt,20250521,Suspense,bank of baroda,Suspense,466.0,DIGITA-MUMBAI/ 466.00,Medium,No,0.0,0.0,0.0,0.0,[],[],,
20260726_164425_DR VIJAY.pdf,Bank Statement,Receipt,20250521,Suspense,bank of baroda,Suspense,3267.0,"DIGITA-MUMBAI/ 3,267.0",Medium,No,0.0,0.0,0.0,0.0,[],[],,
20260726_164425_DR VIJAY.pdf,Bank Statement,Receipt,20250521,Suspense,bank of baroda,Suspense,552.0,DIGITA-MUMBAI/ 552.00,Medium,No,0.0,0.0,0.0,0.0,[],[],,
20260726_164425_DR VIJAY.pdf,Bank Statement,Receipt,20250521,Suspense,bank of baroda,Suspense,1058.0,"DIGITA-MUMBAI/ 1,058.0",Medium,No,0.0,0.0,0.0,0.0,[],[],,
20260726_164425_DR VIJAY.pdf,Bank Statement,Receipt,20250521,Suspense,bank of baroda,Suspense,2248.0,"DIGITA-MUMBAI/ 2,248.0",Medium,No,0.0,0.0,0.0,0.0,[],[],,
20260726_164425_DR VIJAY.pdf,Bank Statement,Receipt,20250521,Suspense,bank of baroda,Suspense,1161.0,"DIGITA-MUMBAI/ 1,161.0",Medium,No,0.0,0.0,0.0,0.0,[],[],,
20260726_164425_DR VIJAY.pdf,Bank Statement,Receipt,20250521,Suspense,bank of baroda,Suspense,762.0,DIGITA-MUMBAI/ 762.00,Medium,No,0.0,0.0,0.0,0.0,[],[],,
20260726_164425_DR VIJAY.pdf,Bank Statement,Receipt,20250521,Suspense,bank of baroda,Suspense,2737.0,"DIGITA-MUMBAI/ 2,737.0",Medium,No,0.0,0.0,0.0,0.0,[],[],,
20260726_164425_DR VIJAY.pdf,Bank Statement,Receipt,20250521,Suspense,bank of baroda,Suspense,1001.0,"DIGITA-MUMBAI/ 1,001.0",Medium,No,0.0,0.0,0.0,0.0,[],[],,
20260726_164425_DR VIJAY.pdf,Bank Statement,Receipt,20250521,Suspense,bank of baroda,Suspense,2275.0,"DIGITA-MUMBAI/ 2,275.0",Medium,No,0.0,0.0,0.0,0.0,[],[],,
20260726_164425_DR VIJAY.pdf,Bank Statement,Receipt,20250521,Suspense,bank of baroda,Suspense,473.0,DIGITA-MUMBAI/ 473.00,Medium,No,0.0,0.0,0.0,0.0,[],[],,
20260726_164425_DR VIJAY.pdf,Bank Statement,Receipt,20250521,Suspense,bank of baroda,Suspense,719.0,DIGITA-MUMBAI/ 719.00,Medium,No,0.0,0.0,0.0,0.0,[],[],,
20260726_164425_DR VIJAY.pdf,Bank Statement,Receipt,20250521,Suspense,bank of baroda,Suspense,769.0,DIGITA-MUMBAI/ 769.00,Medium,No,0.0,0.0,0.0,0.0,[],[],,
20260726_164425_DR VIJAY.pdf,Bank Statement,Receipt,20250521,Suspense,bank of baroda,Suspense,1040.0,"DIGITA-MUMBAI/ 1,040.0",Medium,No,0.0,0.0,0.0,0.0,[],[],,
20260726_164425_DR VIJAY.pdf,Bank Statement,Receipt,20250521,Suspense,bank of baroda,Suspense,277.0,DIGITA-MUMBAI/ 277.00,Medium,No,0.0,0.0,0.0,0.0,[],[],,
20260726_164425_DR VIJAY.pdf,Bank Statement,Receipt,20250521,Suspense,bank of baroda,Suspense,549.0,DIGITA-MUMBAI/ 549.00,Medium,No,0.0,0.0,0.0,0.0,[],[],,
20260726_164425_DR VIJAY.pdf,Bank Statement,Receipt,20250521,Suspense,bank of baroda,Suspense,2132.0,"DIGITA-MUMBAI/ 2,132.0",Medium,No,0.0,0.0,0.0,0.0,[],[],,
20260726_164425_DR VIJAY.pdf,Bank Statement,Receipt,20250521,Suspense,bank of baroda,Suspense,2311.0,"DIGITA-MUMBAI/ 2,311.0",Medium,No,0.0,0.0,0.0,0.0,[],[],,
20260726_164425_DR VIJAY.pdf,Bank Statement,Receipt,20250521,Suspense,bank of baroda,Suspense,126.0,DIGITA-MUMBAI/ 126.00,Medium,No,0.0,0.0,0.0,0.0,[],[],,
20260726_164425_DR VIJAY.pdf,Bank Statement,Receipt,20250521,Suspense,bank of baroda,Suspense,765.0,DIGITA-MUMBAI/ 765.00,Medium,No,0.0,0.0,0.0,0.0,[],[],,
20260726_164425_DR VIJAY.pdf,Bank Statement,Receipt,20250521,Suspense,bank of baroda,Suspense,1060.0,"DIGITA-MUMBAI/ 1,060.0",Medium,No,0.0,0.0,0.0,0.0,[],[],,
20260726_164425_DR VIJAY.pdf,Bank Statement,Receipt,20250521,Suspense,bank of baroda,Suspense,2057.0,DIGITA-MUMBAI/ 994.00,Medium,No,0.0,0.0,0.0,0.0,[],[],,
20260726_164425_DR VIJAY.pdf,Bank Statement,Receipt,20250521,Suspense,bank of baroda,Suspense,929.0,DIGITA-MUMBAI/ 929.00,Medium,No,0.0,0.0,0.0,0.0,[],[],,
20260726_164425_DR VIJAY.pdf,Bank Statement,Receipt,20250521,Suspense,bank of baroda,Suspense,477.0,DIGITA-MUMBAI/ 477.00,Medium,No,0.0,0.0,0.0,0.0,[],[],,
20260726_164425_DR VIJAY.pdf,Bank Statement,Receipt,20250521,Suspense,bank of baroda,Suspense,168.0,DIGITA-MUMBAI/ 168.00,Medium,No,0.0,0.0,0.0,0.0,[],[],,
20260726_164425_DR VIJAY.pdf,Bank Statement,Receipt,20250521,Suspense,bank of baroda,Suspense,606.0,DIGITA-MUMBAI/ 606.00,Medium,No,0.0,0.0,0.0,0.0,[],[],,
20260726_164425_DR VIJAY.pdf,Bank Statement,Receipt,20250521,Suspense,bank of baroda,Suspense,689.0,DIGITA-MUMBAI/ 689.00,Medium,No,0.0,0.0,0.0,0.0,[],[],,
20260726_164425_DR VIJAY.pdf,Bank Statement,Receipt,20250521,Suspense,bank of baroda,Suspense,690.0,DIGITA-MUMBAI/ 690.00,Medium,No,0.0,0.0,0.0,0.0,[],[],,
20260726_164425_DR VIJAY.pdf,Bank Statement,Receipt,20250521,Suspense,bank of baroda,Suspense,656.0,DIGITA-MUMBAI/ 656.00,Medium,No,0.0,0.0,0.0,0.0,[],[],,
20260726_164425_DR VIJAY.pdf,Bank Statement,Receipt,20250521,Suspense,bank of baroda,Suspense,1639.0,"DIGITA-MUMBAI/ 1,639.0",Medium,No,0.0,0.0,0.0,0.0,[],[],,
20260726_164425_DR VIJAY.pdf,Bank Statement,Receipt,20250521,Suspense,bank of baroda,Suspense,1153.0,"DIGITA-MUMBAI/ 1,153.0",Medium,No,0.0,0.0,0.0,0.0,[],[],,
20260726_164425_DR VIJAY.pdf,Bank Statement,Receipt,20250521,Suspense,bank of baroda,Suspense,2528.0,"DIGITA-MUMBAI/ 2,528.0",Medium,No,0.0,0.0,0.0,0.0,[],[],,
20260726_164425_DR VIJAY.pdf,Bank Statement,Receipt,20250521,Suspense,bank of baroda,Suspense,953.0,DIGITA-MUMBAI/ 953.00,Medium,No,0.0,0.0,0.0,0.0,[],[],,
20260726_164425_DR VIJAY.pdf,Bank Statement,Receipt,20250521,Suspense,bank of baroda,Suspense,809.0,DIGITA-MUMBAI/ 809.00,Medium,No,0.0,0.0,0.0,0.0,[],[],,
20260726_164425_DR VIJAY.pdf,Bank Statement,Receipt,20250521,Suspense,bank of baroda,Suspense,1421.0,"DIGITA-MUMBAI/ 1,421.0",Medium,No,0.0,0.0,0.0,0.0,[],[],,
20260726_164425_DR VIJAY.pdf,Bank Statement,Receipt,20250521,Suspense,bank of baroda,Suspense,2590.0,"DIGITA-MUMBAI/ 2,590.0",Medium,No,0.0,0.0,0.0,0.0,[],[],,
20260726_164425_DR VIJAY.pdf,Bank Statement,Receipt,20250521,Suspense,bank of baroda,Suspense,666.0,DIGITA-MUMBAI/ 666.00,Medium,No,0.0,0.0,0.0,0.0,[],[],,
20260726_164425_DR VIJAY.pdf,Bank Statement,Receipt,20250521,Suspense,bank of baroda,Suspense,552.0,DIGITA-MUMBAI/ 552.00,Medium,No,0.0,0.0,0.0,0.0,[],[],,
20260726_164425_DR VIJAY.pdf,Bank Statement,Receipt,20250521,Suspense,bank of baroda,Suspense,1368.0,"DIGITA-MUMBAI/ 1,368.0",Medium,No,0.0,0.0,0.0,0.0,[],[],,
20260726_164425_DR VIJAY.pdf,Bank Statement,Receipt,20250521,Suspense,bank of baroda,Suspense,207.0,DIGITA-MUMBAI/ 207.00,Medium,No,0.0,0.0,0.0,0.0,[],[],,
20260726_164425_DR VIJAY.pdf,Bank Statement,Receipt,20250521,Suspense,bank of baroda,Suspense,560.0,DIGITA-MUMBAI/ 560.00,Medium,No,0.0,0.0,0.0,0.0,[],[],,
20260726_164425_DR VIJAY.pdf,Bank Statement,Receipt,20250521,Suspense,bank of baroda,Suspense,702.0,DIGITA-MUMBAI/ 702.00,Medium,No,0.0,0.0,0.0,0.0,[],[],,
20260726_164425_DR VIJAY.pdf,Bank Statement,Receipt,20250521,Suspense,bank of baroda,Suspense,809.0,DIGITA-MUMBAI/ 809.00,Medium,No,0.0,0.0,0.0,0.0,[],[],,
20260726_164425_DR VIJAY.pdf,Bank Statement,Receipt,20250521,Suspense,bank of baroda,Suspense,1334.0,"DIGITA-MUMBAI/ 1,334.0",Medium,No,0.0,0.0,0.0,0.0,[],[],,
20260726_164425_DR VIJAY.pdf,Bank Statement,Receipt,20250521,Suspense,bank of baroda,Suspense,641.0,DIGITA-MUMBAI/ 641.00,Medium,No,0.0,0.0,0.0,0.0,[],[],,
20260726_164425_DR VIJAY.pdf,Bank Statement,Receipt,20250521,Suspense,bank of baroda,Suspense,1074.0,"DIGITA-MUMBAI/ 1,074.0",Medium,No,0.0,0.0,0.0,0.0,[],[],,
20260726_164425_DR VIJAY.pdf,Bank Statement,Receipt,20250521,Suspense,bank of baroda,Suspense,1894.0,"DIGITA-MUMBAI/ 1,894.0",Medium,No,0.0,0.0,0.0,0.0,[],[],,
20260726_164425_DR VIJAY.pdf,Bank Statement,Receipt,20250521,Suspense,bank of baroda,Suspense,80.0,DIGITA-MUMBAI/ 80.00 2,Medium,No,0.0,0.0,0.0,0.0,[],[],,
20260726_164425_DR VIJAY.pdf,Bank Statement,Receipt,20250521,Suspense,bank of baroda,Suspense,633.0,DIGITA-MUMBAI/ 633.00,Medium,No,0.0,0.0,0.0,0.0,[],[],,
20260726_164425_DR VIJAY.pdf,Bank Statement,Receipt,20250521,Suspense,bank of baroda,Suspense,1721.0,"DIGITA-MUMBAI/ 1,721.0",Medium,No,0.0,0.0,0.0,0.0,[],[],,
20260726_164425_DR VIJAY.pdf,Bank Statement,Receipt,20250521,Suspense,bank of baroda,Suspense,778.0,DIGITA-MUMBAI/ 778.00,Medium,No,0.0,0.0,0.0,0.0,[],[],,
20260726_164425_DR VIJAY.pdf,Bank Statement,Receipt,20250521,Suspense,bank of baroda,Suspense,2303.0,"DIGITA-MUMBAI/ 2,303.0",Medium,No,0.0,0.0,0.0,0.0,[],[],,
20260726_164425_DR VIJAY.pdf,Bank Statement,Receipt,20250521,Suspense,bank of baroda,Suspense,1555.0,"DIGITA-MUMBAI/ 1,555.0",Medium,No,0.0,0.0,0.0,0.0,[],[],,
20260726_164425_DR VIJAY.pdf,Bank Statement,Receipt,20250521,Suspense,bank of baroda,Suspense,196.0,DIGITA-MUMBAI/ 196.00,Medium,No,0.0,0.0,0.0,0.0,[],[],,
20260726_164425_DR VIJAY.pdf,Bank Statement,Receipt,20250521,Suspense,bank of baroda,Suspense,414.0,DIGITA-MUMBAI/ 414.00,Medium,No,0.0,0.0,0.0,0.0,[],[],,
20260726_164425_DR VIJAY.pdf,Bank Statement,Receipt,20250521,Suspense,bank of baroda,Suspense,738.0,DIGITA-MUMBAI/ 738.00,Medium,No,0.0,0.0,0.0,0.0,[],[],,
20260726_164425_DR VIJAY.pdf,Bank Statement,Receipt,20250521,Suspense,bank of baroda,Suspense,145.0,DIGITA-MUMBAI/ 145.00,Medium,No,0.0,0.0,0.0,0.0,[],[],,
20260726_164425_DR VIJAY.pdf,Bank Statement,Receipt,20250521,Suspense,bank of baroda,Suspense,650.0,DIGITA-MUMBAI/ 650.00,Medium,No,0.0,0.0,0.0,0.0,[],[],,
20260726_164425_DR VIJAY.pdf,Bank Statement,Receipt,20250521,Suspense,bank of baroda,Suspense,1148.0,"DIGITA-MUMBAI/ 1,148.0",Medium,No,0.0,0.0,0.0,0.0,[],[],,
20260726_164425_DR VIJAY.pdf,Bank Statement,Receipt,20250521,Suspense,bank of baroda,Suspense,65.0,DIGITA-MUMBAI/ 65.00 2,Medium,No,0.0,0.0,0.0,0.0,[],[],,
20260726_164425_DR VIJAY.pdf,Bank Statement,Receipt,20250521,Suspense,bank of baroda,Suspense,671.0,DIGITA-MUMBAI/ 671.00,Medium,No,0.0,0.0,0.0,0.0,[],[],,
20260726_164425_DR VIJAY.pdf,Bank Statement,Receipt,20250521,Suspense,bank of baroda,Suspense,414.0,DIGITA-MUMBAI/ 414.00,Medium,No,0.0,0.0,0.0,0.0,[],[],,
20260726_164425_DR VIJAY.pdf,Bank Statement,Receipt,20250521,Suspense,bank of baroda,Suspense,883.0,DIGITA-MUMBAI/ 883.00,Medium,No,0.0,0.0,0.0,0.0,[],[],,
20260726_164425_DR VIJAY.pdf,Bank Statement,Receipt,20250521,Suspense,bank of baroda,Suspense,548.0,DIGITA-MUMBAI/ 548.00,Medium,No,0.0,0.0,0.0,0.0,[],[],,
20260726_164425_DR VIJAY.pdf,Bank Statement,Receipt,20250521,Suspense,bank of baroda,Suspense,900.0,DIGITA-MUMBAI/ 900.00,Medium,No,0.0,0.0,0.0,0.0,[],[],,
20260726_164425_DR VIJAY.pdf,Bank Statement,Receipt,20250521,Suspense,bank of baroda,Suspense,768.0,DIGITA-MUMBAI/ 768.00,Medium,No,0.0,0.0,0.0,0.0,[],[],,
20260726_164425_DR VIJAY.pdf,Bank Statement,Receipt,20250521,Suspense,bank of baroda,Suspense,836.0,DIGITA-MUMBAI/ 836.00,Medium,No,0.0,0.0,0.0,0.0,[],[],,
20260726_164425_DR VIJAY.pdf,Bank Statement,Receipt,20250521,Suspense,bank of baroda,Suspense,1962.0,DIGITA-MUMBAI/ 859.00,Medium,No,0.0,0.0,0.0,0.0,[],[],,
20260726_164425_DR VIJAY.pdf,Bank Statement,Receipt,20250521,Suspense,bank of baroda,Suspense,398.0,DIGITA-MUMBAI/ 398.00,Medium,No,0.0,0.0,0.0,0.0,[],[],,
20260726_164425_DR VIJAY.pdf,Bank Statement,Receipt,20250521,Suspense,bank of baroda,Suspense,1183.0,"DIGITA-MUMBAI/ 1,183.0",Medium,No,0.0,0.0,0.0,0.0,[],[],,
20260726_164425_DR VIJAY.pdf,Bank Statement,Receipt,20250521,Suspense,bank of baroda,Suspense,117.0,DIGITA-MUMBAI/ 117.00,Medium,No,0.0,0.0,0.0,0.0,[],[],,
20260726_164425_DR VIJAY.pdf,Bank Statement,Receipt,20250521,Suspense,bank of baroda,Suspense,550.0,DIGITA-MUMBAI/ 550.00,Medium,No,0.0,0.0,0.0,0.0,[],[],,
20260726_164425_DR VIJAY.pdf,Bank Statement,Receipt,20250521,Suspense,bank of baroda,Suspense,357.0,DIGITA-MUMBAI/ 357.00,Medium,No,0.0,0.0,0.0,0.0,[],[],,
20260726_164425_DR VIJAY.pdf,Bank Statement,Receipt,20250521,Suspense,bank of baroda,Suspense,58.0,DIGITA-MUMBAI/ 58.00 2,Medium,No,0.0,0.0,0.0,0.0,[],[],,
20260726_164425_DR VIJAY.pdf,Bank Statement,Receipt,20250521,Suspense,bank of baroda,Suspense,559.0,DIGITA-MUMBAI/ 559.00,Medium,No,0.0,0.0,0.0,0.0,[],[],,
20260726_164425_DR VIJAY.pdf,Bank Statement,Receipt,20250521,Suspense,bank of baroda,Suspense,570.0,DIGITA-MUMBAI/ 570.00,Medium,No,0.0,0.0,0.0,0.0,[],[],,
20260726_164425_DR VIJAY.pdf,Bank Statement,Receipt,20250521,Suspense,bank of baroda,Suspense,1232.0,"DIGITA-MUMBAI/ 1,232.0",Medium,No,0.0,0.0,0.0,0.0,[],[],,
20260726_164425_DR VIJAY.pdf,Bank Statement,Receipt,20250521,Suspense,bank of baroda,Suspense,931.0,DIGITA-MUMBAI/ 931.00,Medium,No,0.0,0.0,0.0,0.0,[],[],,
20260726_164425_DR VIJAY.pdf,Bank Statement,Receipt,20250521,Suspense,bank of baroda,Suspense,535.0,DIGITA-MUMBAI/ 535.00,Medium,No,0.0,0.0,0.0,0.0,[],[],,
20260726_164425_DR VIJAY.pdf,Bank Statement,Receipt,20250521,Suspense,bank of baroda,Suspense,563.0,DIGITA-MUMBAI/ 563.00,Medium,No,0.0,0.0,0.0,0.0,[],[],,
20260726_164425_DR VIJAY.pdf,Bank Statement,Receipt,20250521,Suspense,bank of baroda,Suspense,945.0,DIGITA-MUMBAI/ 945.00,Medium,No,0.0,0.0,0.0,0.0,[],[],,
20260726_164425_DR VIJAY.pdf,Bank Statement,Receipt,20250521,Suspense,bank of baroda,Suspense,1225.0,"DIGITA-MUMBAI/ 1,225.0",Medium,No,0.0,0.0,0.0,0.0,[],[],,
20260726_164425_DR VIJAY.pdf,Bank Statement,Receipt,20250521,Suspense,bank of baroda,Suspense,547.0,DIGITA-MUMBAI/ 547.00,Medium,No,0.0,0.0,0.0,0.0,[],[],,
20260726_164425_DR VIJAY.pdf,Bank Statement,Receipt,20250521,Suspense,bank of baroda,Suspense,516.0,DIGITA-MUMBAI/ 516.00,Medium,No,0.0,0.0,0.0,0.0,[],[],,
20260726_164425_DR VIJAY.pdf,Bank Statement,Receipt,20250521,Suspense,bank of baroda,Suspense,1139.0,"DIGITA-MUMBAI/ 1,139.0",Medium,No,0.0,0.0,0.0,0.0,[],[],,
20260726_164425_DR VIJAY.pdf,Bank Statement,Receipt,20250521,Suspense,bank of baroda,Suspense,666.0,DIGITA-MUMBAI/ 666.00,Medium,No,0.0,0.0,0.0,0.0,[],[],,
20260726_164425_DR VIJAY.pdf,Bank Statement,Receipt,20250521,Suspense,bank of baroda,Suspense,1027.0,"DIGITA-MUMBAI/ 1,027.0",Medium,No,0.0,0.0,0.0,0.0,[],[],,
20260726_164425_DR VIJAY.pdf,Bank Statement,Receipt,20250521,Suspense,bank of baroda,Suspense,1365.0,"DIGITA-MUMBAI/ 1,365.0",Medium,No,0.0,0.0,0.0,0.0,[],[],,
20260726_164425_DR VIJAY.pdf,Bank Statement,Receipt,20250521,Suspense,bank of baroda,Suspense,2201.0,"DIGITA-MUMBAI/ 2,201.0",Medium,No,0.0,0.0,0.0,0.0,[],[],,
20260726_164425_DR VIJAY.pdf,Bank Statement,Receipt,20250521,Suspense,bank of baroda,Suspense,1212.0,"DIGITA-MUMBAI/ 1,212.0",Medium,No,0.0,0.0,0.0,0.0,[],[],,
20260726_164425_DR VIJAY.pdf,Bank Statement,Receipt,20250521,Suspense,bank of baroda,Suspense,1623.0,"DIGITA-MUMBAI/ 1,623.0",Medium,No,0.0,0.0,0.0,0.0,[],[],,
20260726_164425_DR VIJAY.pdf,Bank Statement,Receipt,20250521,Suspense,bank of baroda,Suspense,642.0,DIGITA-MUMBAI/ 642.00,Medium,No,0.0,0.0,0.0,0.0,[],[],,
20260726_164425_DR VIJAY.pdf,Bank Statement,Receipt,20250521,Suspense,bank of baroda,Suspense,1082.0,"DIGITA-MUMBAI/ 1,082.0",Medium,No,0.0,0.0,0.0,0.0,[],[],,
20260726_164425_DR VIJAY.pdf,Bank Statement,Receipt,20250521,Suspense,bank of baroda,Suspense,1493.0,"DIGITA-MUMBAI/ 1,493.0",Medium,No,0.0,0.0,0.0,0.0,[],[],,
20260726_164425_DR VIJAY.pdf,Bank Statement,Receipt,20250521,Suspense,bank of baroda,Suspense,1342.0,"DIGITA-MUMBAI/ 1,342.0",Medium,No,0.0,0.0,0.0,0.0,[],[],,
20260726_164425_DR VIJAY.pdf,Bank Statement,Receipt,20250521,Suspense,bank of baroda,Suspense,654.0,DIGITA-MUMBAI/ 654.00,Medium,No,0.0,0.0,0.0,0.0,[],[],,
20260726_164425_DR VIJAY.pdf,Bank Statement,Receipt,20250521,Suspense,bank of baroda,Suspense,2745.0,"DIGITA-MUMBAI/ 2,745.0",Medium,No,0.0,0.0,0.0,0.0,[],[],,
20260726_164425_DR VIJAY.pdf,Bank Statement,Receipt,20250521,Suspense,bank of baroda,Suspense,145.0,DIGITA-MUMBAI/ 145.00,Medium,No,0.0,0.0,0.0,0.0,[],[],,
20260726_164425_DR VIJAY.pdf,Bank Statement,Receipt,20250521,Suspense,bank of baroda,Suspense,421.0,DIGITA-MUMBAI/ 421.00,Medium,No,0.0,0.0,0.0,0.0,[],[],,
20260726_164425_DR VIJAY.pdf,Bank Statement,Receipt,20250521,Suspense,bank of baroda,Suspense,349.0,DIGITA-MUMBAI/ 349.00,Medium,No,0.0,0.0,0.0,0.0,[],[],,
20260726_164425_DR VIJAY.pdf,Bank Statement,Receipt,20250521,Suspense,bank of baroda,Suspense,728.0,DIGITA-MUMBAI/ 728.00,Medium,No,0.0,0.0,0.0,0.0,[],[],,
20260726_164425_DR VIJAY.pdf,Bank Statement,Receipt,20250521,Suspense,bank of baroda,Suspense,1268.0,"DIGITA-MUMBAI/ 1,268.0",Medium,No,0.0,0.0,0.0,0.0,[],[],,
20260726_164425_DR VIJAY.pdf,Bank Statement,Receipt,20250521,Suspense,bank of baroda,Suspense,815.0,DIGITA-MUMBAI/ 815.00,Medium,No,0.0,0.0,0.0,0.0,[],[],,
20260726_164425_DR VIJAY.pdf,Bank Statement,Receipt,20250521,Suspense,bank of baroda,Suspense,866.0,DIGITA-MUMBAI/ 866.00,Medium,No,0.0,0.0,0.0,0.0,[],[],,
20260726_164425_DR VIJAY.pdf,Bank Statement,Receipt,20250521,Suspense,bank of baroda,Suspense,658.0,DIGITA-MUMBAI/ 658.00,Medium,No,0.0,0.0,0.0,0.0,[],[],,
20260726_164425_DR VIJAY.pdf,Bank Statement,Receipt,20250521,Suspense,bank of baroda,Suspense,2587.0,"DIGITA-MUMBAI/ 2,587.0",Medium,No,0.0,0.0,0.0,0.0,[],[],,
20260726_164425_DR VIJAY.pdf,Bank Statement,Receipt,20250521,Suspense,bank of baroda,Suspense,3026.0,"DIGITA-MUMBAI/ 3,026.0",Medium,No,0.0,0.0,0.0,0.0,[],[],,
20260726_164425_DR VIJAY.pdf,Bank Statement,Receipt,20250521,Suspense,bank of baroda,Suspense,1195.0,"DIGITA-MUMBAI/ 1,195.0",Medium,No,0.0,0.0,0.0,0.0,[],[],,
20260726_164425_DR VIJAY.pdf,Bank Statement,Receipt,20250521,Suspense,bank of baroda,Suspense,624.0,DIGITA-MUMBAI/ 624.00,Medium,No,0.0,0.0,0.0,0.0,[],[],,
20260726_164425_DR VIJAY.pdf,Bank Statement,Receipt,20250521,Suspense,bank of baroda,Suspense,673.0,DIGITA-MUMBAI/ 673.00,Medium,No,0.0,0.0,0.0,0.0,[],[],,
20260726_164425_DR VIJAY.pdf,Bank Statement,Receipt,20250521,Suspense,bank of baroda,Suspense,913.0,DIGITA-MUMBAI/ 913.00,Medium,No,0.0,0.0,0.0,0.0,[],[],,
20260726_164425_DR VIJAY.pdf,Bank Statement,Receipt,20250521,Suspense,bank of baroda,Suspense,1046.0,"DIGITA-MUMBAI/ 1,046.0",Medium,No,0.0,0.0,0.0,0.0,[],[],,
20260726_164425_DR VIJAY.pdf,Bank Statement,Receipt,20250521,Suspense,bank of baroda,Suspense,1155.0,"DIGITA-MUMBAI/ 1,155.0",Medium,No,0.0,0.0,0.0,0.0,[],[],,
20260726_164425_DR VIJAY.pdf,Bank Statement,Receipt,20250521,Suspense,bank of baroda,Suspense,6426.0,"DIGITA-MUMBAI/ 3,795.0",Medium,No,0.0,0.0,0.0,0.0,[],[],,
20260726_164425_DR VIJAY.pdf,Bank Statement,Receipt,20250521,Suspense,bank of baroda,Suspense,1733.0,"DIGITA-MUMBAI/ 1,733.0",Medium,No,0.0,0.0,0.0,0.0,[],[],,
20260726_164425_DR VIJAY.pdf,Bank Statement,Receipt,20250521,Suspense,bank of baroda,Suspense,564.0,DIGITA-MUMBAI/ 564.00,Medium,No,0.0,0.0,0.0,0.0,[],[],,
20260726_164425_DR VIJAY.pdf,Bank Statement,Receipt,20250521,Suspense,bank of baroda,Suspense,710.0,DIGITA-MUMBAI/ 710.00,Medium,No,0.0,0.0,0.0,0.0,[],[],,
20260726_164425_DR VIJAY.pdf,Bank Statement,Receipt,20250521,Suspense,bank of baroda,Suspense,913.0,DIGITA-MUMBAI/ 913.00,Medium,No,0.0,0.0,0.0,0.0,[],[],,
20260726_164425_DR VIJAY.pdf,Bank Statement,Receipt,20250521,Suspense,bank of baroda,Suspense,1530.0,"DIGITA-MUMBAI/ 1,530.0",Medium,No,0.0,0.0,0.0,0.0,[],[],,
20260726_164425_DR VIJAY.pdf,Bank Statement,Receipt,20250521,Suspense,bank of baroda,Suspense,1677.0,"DIGITA-MUMBAI/ 1,677.0",Medium,No,0.0,0.0,0.0,0.0,[],[],,
20260726_164425_DR VIJAY.pdf,Bank Statement,Receipt,20250521,Suspense,bank of baroda,Suspense,1276.0,"DIGITA-MUMBAI/ 1,276.0",Medium,No,0.0,0.0,0.0,0.0,[],[],,
20260726_164425_DR VIJAY.pdf,Bank Statement,Receipt,20250521,Suspense,bank of baroda,Suspense,1363.0,"DIGITA-MUMBAI/ 1,363.0",Medium,No,0.0,0.0,0.0,0.0,[],[],,
20260726_164425_DR VIJAY.pdf,Bank Statement,Receipt,20250521,Suspense,bank of baroda,Suspense,514.0,DIGITA-MUMBAI/ 514.00,Medium,No,0.0,0.0,0.0,0.0,[],[],,
20260726_164425_DR VIJAY.pdf,Bank Statement,Receipt,20250521,Suspense,bank of baroda,Suspense,915.0,DIGITA-MUMBAI/ 915.00,Medium,No,0.0,0.0,0.0,0.0,[],[],,
20260726_164425_DR VIJAY.pdf,Bank Statement,Receipt,20250521,Suspense,bank of baroda,Suspense,2010.0,"DIGITA-MUMBAI/ 2,010.0",Medium,No,0.0,0.0,0.0,0.0,[],[],,
20260726_164425_DR VIJAY.pdf,Bank Statement,Receipt,20250521,Suspense,bank of baroda,Suspense,321.0,DIGITA-MUMBAI/ 321.00,Medium,No,0.0,0.0,0.0,0.0,[],[],,
20260726_164425_DR VIJAY.pdf,Bank Statement,Receipt,20250521,Suspense,bank of baroda,Suspense,565.0,DIGITA-MUMBAI/ 565.00,Medium,No,0.0,0.0,0.0,0.0,[],[],,
20260726_164425_DR VIJAY.pdf,Bank Statement,Receipt,20250521,Suspense,bank of baroda,Suspense,1505.0,"DIGITA-MUMBAI/ 1,505.0",Medium,No,0.0,0.0,0.0,0.0,[],[],,
20260726_164425_DR VIJAY.pdf,Bank Statement,Receipt,20250521,Suspense,bank of baroda,Suspense,623.0,DIGITA-MUMBAI/ 623.00,Medium,No,0.0,0.0,0.0,0.0,[],[],,
20260726_164425_DR VIJAY.pdf,Bank Statement,Receipt,20250521,Suspense,bank of baroda,Suspense,2116.0,"DIGITA-MUMBAI/ 2,116.0",Medium,No,0.0,0.0,0.0,0.0,[],[],,
20260726_164425_DR VIJAY.pdf,Bank Statement,Receipt,20250521,Suspense,bank of baroda,Suspense,1614.0,"DIGITA-MUMBAI/ 1,614.0",Medium,No,0.0,0.0,0.0,0.0,[],[],,
20260726_164425_DR VIJAY.pdf,Bank Statement,Receipt,20250521,Suspense,bank of baroda,Suspense,913.0,DIGITA-MUMBAI/ 913.00,Medium,No,0.0,0.0,0.0,0.0,[],[],,
20260726_164425_DR VIJAY.pdf,Bank Statement,Receipt,20250521,Suspense,bank of baroda,Suspense,710.0,DIGITA-MUMBAI/ 710.00,Medium,No,0.0,0.0,0.0,0.0,[],[],,
20260726_164425_DR VIJAY.pdf,Bank Statement,Receipt,20250521,Suspense,bank of baroda,Suspense,1216.0,"DIGITA-MUMBAI/ 1,216.0",Medium,No,0.0,0.0,0.0,0.0,[],[],,
20260726_164425_DR VIJAY.pdf,Bank Statement,Receipt,20250521,Suspense,bank of baroda,Suspense,454.0,DIGITA-MUMBAI/ 454.00,Medium,No,0.0,0.0,0.0,0.0,[],[],,
20260726_164425_DR VIJAY.pdf,Bank Statement,Receipt,20250521,Suspense,bank of baroda,Suspense,775.0,DIGITA-MUMBAI/ 775.00,Medium,No,0.0,0.0,0.0,0.0,[],[],,
20260726_164425_DR VIJAY.pdf,Bank Statement,Receipt,20250521,Suspense,bank of baroda,Suspense,1951.0,"DIGITA-MUMBAI/ 1,951.0",Medium,No,0.0,0.0,0.0,0.0,[],[],,
20260726_164425_DR VIJAY.pdf,Bank Statement,Receipt,20250521,Suspense,bank of baroda,Suspense,878.0,DIGITA-MUMBAI/ 878.00,Medium,No,0.0,0.0,0.0,0.0,[],[],,
20260726_164425_DR VIJAY.pdf,Bank Statement,Receipt,20250521,Suspense,bank of baroda,Suspense,888.0,DIGITA-MUMBAI/ 888.00,Medium,No,0.0,0.0,0.0,0.0,[],[],,
20260726_164425_DR VIJAY.pdf,Bank Statement,Receipt,20250521,Suspense,bank of baroda,Suspense,1903.0,"DIGITA-MUMBAI/ 1,903.0",Medium,No,0.0,0.0,0.0,0.0,[],[],,
20260726_164425_DR VIJAY.pdf,Bank Statement,Receipt,20250521,Suspense,bank of baroda,Suspense,3900.0,"DIGITA-MUMBAI/ 3,900.0",Medium,No,0.0,0.0,0.0,0.0,[],[],,
20260726_164425_DR VIJAY.pdf,Bank Statement,Receipt,20250521,Suspense,bank of baroda,Suspense,710.0,DIGITA-MUMBAI/ 710.00,Medium,No,0.0,0.0,0.0,0.0,[],[],,
20260726_164425_DR VIJAY.pdf,Bank Statement,Receipt,20250521,Suspense,bank of baroda,Suspense,947.0,DIGITA-MUMBAI/ 947.00,Medium,No,0.0,0.0,0.0,0.0,[],[],,
20260726_164425_DR VIJAY.pdf,Bank Statement,Receipt,20250521,Suspense,bank of baroda,Suspense,1332.0,"DIGITA-MUMBAI/ 1,332.0",Medium,No,0.0,0.0,0.0,0.0,[],[],,
20260726_164425_DR VIJAY.pdf,Bank Statement,Receipt,20250521,Suspense,bank of baroda,Suspense,1007.0,"DIGITA-MUMBAI/ 1,007.0",Medium,No,0.0,0.0,0.0,0.0,[],[],,
20260726_164425_DR VIJAY.pdf,Bank Statement,Receipt,20250521,Suspense,bank of baroda,Suspense,658.0,DIGITA-MUMBAI/ 658.00,Medium,No,0.0,0.0,0.0,0.0,[],[],,
20260726_164425_DR VIJAY.pdf,Bank Statement,Receipt,20250521,Suspense,bank of baroda,Suspense,507.0,DIGITA-MUMBAI/ 507.00,Medium,No,0.0,0.0,0.0,0.0,[],[],,
20260726_164425_DR VIJAY.pdf,Bank Statement,Receipt,20250521,Suspense,bank of baroda,Suspense,634.0,DIGITA-MUMBAI/ 634.00,Medium,No,0.0,0.0,0.0,0.0,[],[],,
20260726_164425_DR VIJAY.pdf,Bank Statement,Receipt,20250521,Suspense,bank of baroda,Suspense,885.0,DIGITA-MUMBAI/ 885.00,Medium,No,0.0,0.0,0.0,0.0,[],[],,
20260726_164425_DR VIJAY.pdf,Bank Statement,Receipt,20250521,Suspense,bank of baroda,Suspense,2157.0,"DIGITA-MUMBAI/ 2,157.0",Medium,No,0.0,0.0,0.0,0.0,[],[],,
20260726_164425_DR VIJAY.pdf,Bank Statement,Receipt,20250521,Suspense,bank of baroda,Suspense,1590.0,"DIGITA-MUMBAI/ 1,590.0",Medium,No,0.0,0.0,0.0,0.0,[],[],,
20260726_164425_DR VIJAY.pdf,Bank Statement,Receipt,20250521,Suspense,bank of baroda,Suspense,4500.0,"DIGITA-MUMBAI/ 4,500.0",Medium,No,0.0,0.0,0.0,0.0,[],[],,
20260726_164425_DR VIJAY.pdf,Bank Statement,Receipt,20250521,Suspense,bank of baroda,Suspense,1800.0,"DIGITA-MUMBAI/ 1,800.0",Medium,No,0.0,0.0,0.0,0.0,[],[],,
20260726_164425_DR VIJAY.pdf,Bank Statement,Receipt,20250521,Suspense,bank of baroda,Suspense,913.0,DIGITA-MUMBAI/ 913.00,Medium,No,0.0,0.0,0.0,0.0,[],[],,
20260726_164425_DR VIJAY.pdf,Bank Statement,Receipt,20250521,Suspense,bank of baroda,Suspense,1502.0,"DIGITA-MUMBAI/ 1,502.0",Medium,No,0.0,0.0,0.0,0.0,[],[],,
20260726_164425_DR VIJAY.pdf,Bank Statement,Receipt,20250521,Suspense,bank of baroda,Suspense,427.0,DIGITA-MUMBAI/ 427.00,Medium,No,0.0,0.0,0.0,0.0,[],[],,
20260726_164425_DR VIJAY.pdf,Bank Statement,Receipt,20250521,Suspense,bank of baroda,Suspense,530.0,DIGITA-MUMBAI/ 530.00,Medium,No,0.0,0.0,0.0,0.0,[],[],,
20260726_164425_DR VIJAY.pdf,Bank Statement,Receipt,20250521,Suspense,bank of baroda,Suspense,574.0,DIGITA-MUMBAI/ 574.00,Medium,No,0.0,0.0,0.0,0.0,[],[],,
20260726_164425_DR VIJAY.pdf,Bank Statement,Receipt,20250521,Suspense,bank of baroda,Suspense,1661.0,"DIGITA-MUMBAI/ 1,661.0",Medium,No,0.0,0.0,0.0,0.0,[],[],,
20260726_164425_DR VIJAY.pdf,Bank Statement,Receipt,20250521,Suspense,bank of baroda,Suspense,1048.0,DIGITA-MUMBAI/ 631.00,Medium,No,0.0,0.0,0.0,0.0,[],[],,
20260726_164425_DR VIJAY.pdf,Bank Statement,Payment,20250522,Suspense,Suspense,bank of baroda,2.12,"SMS Charges 2.12 3,",Medium,No,0.0,0.0,0.0,0.0,[],[],,
20260726_164425_DR VIJAY.pdf,Bank Statement,Payment,20250522,Suspense,Suspense,bank of baroda,200000.0,"MBK/5142802752 80275225 2,00,00",Medium,No,0.0,0.0,0.0,0.0,[],[],,
20260726_164425_DR VIJAY.pdf,Bank Statement,Payment,20250522,Suspense,Suspense,bank of baroda,15000.0,"IMPS/P2A/51421 15,000.",Medium,No,0.0,0.0,0.0,0.0,[],[],,
20260726_164425_DR VIJAY.pdf,Bank Statement,Payment,20250522,Suspense,Suspense,bank of baroda,5.9,"CHARGES FOR 5.90 1,",Medium,No,0.0,0.0,0.0,0.0,[],[],,
20260726_164425_DR VIJAY.pdf,Bank Statement,Payment,20250522,Suspense,Suspense,bank of baroda,32000.0,"MBK/5142843108 84310867 32,000.",Medium,No,0.0,0.0,0.0,0.0,[],[],,
20260726_164425_DR VIJAY.pdf,Bank Statement,Payment,20250523,Suspense,Suspense,bank of baroda,16289.0,"SERJAI-JAIPUR/ 370 16,289.",Medium,No,0.0,0.0,0.0,0.0,[],[],,
20260726_164425_DR VIJAY.pdf,Bank Statement,Payment,20250523,Suspense,Suspense,bank of baroda,86928.0,"SERJAI-JAIPUR/ 369 86,928.",Medium,No,0.0,0.0,0.0,0.0,[],[],,
20260726_164425_DR VIJAY.pdf,Bank Statement,Payment,20250523,Suspense,Suspense,bank of baroda,1200.0,"MBK/5143938327 93832713 1,200.0",Medium,No,0.0,0.0,0.0,0.0,[],[],,
20260726_164425_DR VIJAY.pdf,Bank Statement,Payment,20250526,Suspense,Suspense,bank of baroda,30000.0,"SERJAI-JAIPUR/ 367 30,000.",Medium,No,0.0,0.0,0.0,0.0,[],[],,
20260726_164425_DR VIJAY.pdf,Bank Statement,Receipt,20250529,Suspense,bank of baroda,Suspense,7500.0,"UPI/1055613689 61368915 7,500.0",Medium,No,0.0,0.0,0.0,0.0,[],[],,
20260726_164425_DR VIJAY.pdf,Bank Statement,Payment,20250529,Suspense,Suspense,bank of baroda,7445.0,"SERJAI-JAIPUR/ 7,445.0",Medium,No,0.0,0.0,0.0,0.0,[],[],,
20260726_164425_DR VIJAY.pdf,Bank Statement,Receipt,20250529,Suspense,bank of baroda,Suspense,7445.0,"SERJAI-JAIPUR/ 7,445.0",Medium,No,0.0,0.0,0.0,0.0,[],[],,
20260726_164425_DR VIJAY.pdf,Bank Statement,Payment,20250529,Suspense,Suspense,bank of baroda,295.0,SERJAI-JAIPUR/ 295.00,Medium,No,0.0,0.0,0.0,0.0,[],[],,
20260726_164425_DR VIJAY.pdf,Bank Statement,Receipt,20250603,Suspense,bank of baroda,Suspense,3000.0,"UPI/1058493264 49326424 3,000.0",Medium,No,0.0,0.0,0.0,0.0,[],[],,
20260726_164425_DR VIJAY.pdf,Bank Statement,Payment,20250603,Suspense,Suspense,bank of baroda,10000.0,"MBK/5154085824 8582466 10,000.",Medium,No,0.0,0.0,0.0,0.0,[],[],,
20260726_164425_DR VIJAY.pdf,Bank Statement,Receipt,20250603,Suspense,bank of baroda,Suspense,3000.0,"UPI/1058541174 54117483 3,000.0",Medium,No,0.0,0.0,0.0,0.0,[],[],,
20260726_164425_DR VIJAY.pdf,Bank Statement,Payment,20250611,Suspense,Suspense,bank of baroda,3000.0,"IMPS/P2A/51622 3,000.0",Medium,No,0.0,0.0,0.0,0.0,[],[],,
20260726_164425_DR VIJAY.pdf,Bank Statement,Payment,20250611,Suspense,Suspense,bank of baroda,5.9,CHARGES FOR 5.90 68,Medium,No,0.0,0.0,0.0,0.0,[],[],,
20260726_164425_DR VIJAY.pdf,Bank Statement,Payment,20250616,Suspense,Suspense,bank of baroda,600.0,IMPS/P2A/51671 600.00,Medium,No,0.0,0.0,0.0,0.0,[],[],,
20260726_164425_DR VIJAY.pdf,Bank Statement,Payment,20250616,Suspense,Suspense,bank of baroda,2.95,CHARGES FOR 2.95 83,Medium,No,0.0,0.0,0.0,0.0,[],[],,
20260726_164425_DR VIJAY.pdf,Bank Statement,Payment,20250617,Suspense,Suspense,bank of baroda,83.56,0000-MUMBAI/LE 83.56 0,Medium,No,0.0,0.0,0.0,0.0,[],[],,
20260726_164425_DR VIJAY.pdf,Bank Statement,Receipt,20250617,Suspense,bank of baroda,Suspense,90000.0,"UPI/1066190959 19095997 90,000.",Medium,No,0.0,0.0,0.0,0.0,[],[],,
20260726_164425_DR VIJAY.pdf,Bank Statement,Receipt,20250617,Suspense,bank of baroda,Suspense,110000.0,"DIGITA-MUMBAI/ 1,10,00",Medium,No,0.0,0.0,0.0,0.0,[],[],,
20260726_164425_DR VIJAY.pdf,Bank Statement,Payment,20250617,Suspense,Suspense,bank of baroda,25000.0,"IMPS/P2A/51681 25,000.",Medium,No,0.0,0.0,0.0,0.0,[],[],,
20260726_164425_DR VIJAY.pdf,Bank Statement,Payment,20250617,Suspense,Suspense,bank of baroda,5.9,"CHARGES FOR 5.90 1,",Medium,No,0.0,0.0,0.0,0.0,[],[],,
20260726_164425_DR VIJAY.pdf,Bank Statement,Receipt,20250617,Suspense,bank of baroda,Suspense,25000.0,"IMPS/P2A/51681 25,000.",Medium,No,0.0,0.0,0.0,0.0,[],[],,
20260726_164425_DR VIJAY.pdf,Bank Statement,Receipt,20250617,Suspense,bank of baroda,Suspense,5.9,"CHARGES FOR 5.90 2,",Medium,No,0.0,0.0,0.0,0.0,[],[],,
20260726_164425_DR VIJAY.pdf,Bank Statement,Payment,20250617,Suspense,Suspense,bank of baroda,25000.0,"IMPS/P2A/51681 25,000.",Medium,No,0.0,0.0,0.0,0.0,[],[],,
20260726_164425_DR VIJAY.pdf,Bank Statement,Payment,20250617,Suspense,Suspense,bank of baroda,5.9,"CHARGES FOR 5.90 1,",Medium,No,0.0,0.0,0.0,0.0,[],[],,
20260726_164425_DR VIJAY.pdf,Bank Statement,Payment,20250618,Suspense,Suspense,bank of baroda,19500.0,"IMPS/P2A/51690 19,500.",Medium,No,0.0,0.0,0.0,0.0,[],[],,
20260726_164425_DR VIJAY.pdf,Bank Statement,Payment,20250618,Suspense,Suspense,bank of baroda,5.9,"CHARGES FOR 5.90 1,",Medium,No,0.0,0.0,0.0,0.0,[],[],,
20260726_164425_DR VIJAY.pdf,Bank Statement,Payment,20250618,Suspense,Suspense,bank of baroda,10613.0,"RAIAJM-AJMER/G 374 10,613.",Medium,No,0.0,0.0,0.0,0.0,[],[],,
20260726_164425_DR VIJAY.pdf,Bank Statement,Receipt,20250618,Suspense,bank of baroda,Suspense,10000.0,"UPI/1066726586 72658616 10,000.",Medium,No,0.0,0.0,0.0,0.0,[],[],,
20260726_164425_DR VIJAY.pdf,Bank Statement,Payment,20250619,Suspense,Suspense,bank of baroda,30000.0,"SERJAI-JAIPUR/ 371 30,000.",Medium,No,0.0,0.0,0.0,0.0,[],[],,
20260726_164425_DR VIJAY.pdf,Bank Statement,Payment,20250619,Suspense,Suspense,bank of baroda,20000.0,"SERJAI-JAIPUR/ 372 20,000.",Medium,No,0.0,0.0,0.0,0.0,[],[],,
20260726_164425_DR VIJAY.pdf,Bank Statement,Payment,20250619,Suspense,Suspense,bank of baroda,25000.0,"SERJAI-JAIPUR/ 376 25,000.",Medium,No,0.0,0.0,0.0,0.0,[],[],,
20260726_164425_DR VIJAY.pdf,Bank Statement,Payment,20250619,Suspense,Suspense,bank of baroda,20000.0,"SERJAI-JAIPUR/ 377 20,000.",Medium,No,0.0,0.0,0.0,0.0,[],[],,
20260726_164425_DR VIJAY.pdf,Bank Statement,Payment,20250619,Suspense,Suspense,bank of baroda,18000.0,"SERJAI-JAIPUR/ 373 18,000.",Medium,No,0.0,0.0,0.0,0.0,[],[],,
20260726_164425_DR VIJAY.pdf,Bank Statement,Receipt,20250620,Suspense,bank of baroda,Suspense,30000.0,"UPI/1067678535 67853593 30,000.",Medium,No,0.0,0.0,0.0,0.0,[],[],,
20260726_164425_DR VIJAY.pdf,Bank Statement,Payment,20250620,Suspense,Suspense,bank of baroda,12523.0,"SERJAI-JAIPUR/ 378 12,523.",Medium,No,0.0,0.0,0.0,0.0,[],[],,
20260726_164425_DR VIJAY.pdf,Bank Statement,Payment,20250620,Suspense,Suspense,bank of baroda,21238.0,"SERJAI-JAIPUR/ 375 21,238.",Medium,No,0.0,0.0,0.0,0.0,[],[],,
20260726_164425_DR VIJAY.pdf,Bank Statement,Payment,20250622,Suspense,Suspense,bank of baroda,4046.44,"LEDGER FOLIO 4,046.4",Medium,No,0.0,0.0,0.0,0.0,[],[],,
20260726_164425_DR VIJAY.pdf,Bank Statement,Receipt,20250623,Suspense,bank of baroda,Suspense,30000.0,"UPI/1069155093 15509372 30,000.",Medium,No,0.0,0.0,0.0,0.0,[],[],,
20260726_164425_DR VIJAY.pdf,Bank Statement,Payment,20250623,Suspense,Suspense,bank of baroda,7445.0,"SERJAI-JAIPUR/ 300 7,445.0",Medium,No,0.0,0.0,0.0,0.0,[],[],,
20260726_164425_DR VIJAY.pdf,Bank Statement,Receipt,20250623,Suspense,bank of baroda,Suspense,20000.0,"UPI/1069307391 30739189 20,000.",Medium,No,0.0,0.0,0.0,0.0,[],[],,
20260726_164425_DR VIJAY.pdf,Bank Statement,Receipt,20250624,Suspense,bank of baroda,Suspense,29997.88,"SMS Charges 2.12 1,",Medium,No,0.0,0.0,0.0,0.0,[],[],,
20260726_164425_DR VIJAY.pdf,Bank Statement,Receipt,20250624,Suspense,bank of baroda,Suspense,20000.0,"UPI/1069763727 76372714 20,000.",Medium,No,0.0,0.0,0.0,0.0,[],[],,
20260726_164425_DR VIJAY.pdf,Bank Statement,Payment,20250624,Suspense,Suspense,bank of baroda,30000.0,"SERJAI-JAIPUR/ 379 30,000.",Medium,No,0.0,0.0,0.0,0.0,[],[],,
20260726_164425_DR VIJAY.pdf,Bank Statement,Payment,20250625,Suspense,Suspense,bank of baroda,20000.0,"SERJAI-JAIPUR/ 380 20,000.",Medium,No,0.0,0.0,0.0,0.0,[],[],,
20260726_164425_DR VIJAY.pdf,Bank Statement,Payment,20250625,Suspense,Suspense,bank of baroda,20000.0,"SERJAI-JAIPUR/ 383 20,000.",Medium,No,0.0,0.0,0.0,0.0,[],[],,
20260726_164425_DR VIJAY.pdf,Bank Statement,Payment,20250626,Suspense,Suspense,bank of baroda,10000.0,"SERJAI-JAIPUR/ 381 10,000.",Medium,No,0.0,0.0,0.0,0.0,[],[],,
20260726_164425_DR VIJAY.pdf,Bank Statement,Payment,20250626,Suspense,Suspense,bank of baroda,20000.0,"SERJAI-JAIPUR/ 384 20,000.",Medium,No,0.0,0.0,0.0,0.0,[],[],,
20260726_164425_DR VIJAY.pdf,Bank Statement,Receipt,20250627,Suspense,bank of baroda,Suspense,15000.0,"UPI/1071417159 41715961 15,000.",Medium,No,0.0,0.0,0.0,0.0,[],[],,
20260726_164425_DR VIJAY.pdf,Bank Statement,Receipt,20250628,Suspense,bank of baroda,Suspense,15000.0,"UPI/1071746047 74604766 15,000.",Medium,No,0.0,0.0,0.0,0.0,[],[],,
20260726_164425_DR VIJAY.pdf,Bank Statement,Receipt,20250628,Suspense,bank of baroda,Suspense,30000.0,"UPI/1071784436 78443626 30,000.",Medium,No,0.0,0.0,0.0,0.0,[],[],,
20260726_164425_DR VIJAY.pdf,Bank Statement,Payment,20250630,Suspense,Suspense,bank of baroda,9364.0,"SERJAI-JAIPUR/ 382 9,364.0",Medium,No,0.0,0.0,0.0,0.0,[],[],,
20260726_164425_DR VIJAY.pdf,Bank Statement,Payment,20250701,Suspense,Suspense,bank of baroda,25000.0,"SERJAI-JAIPUR/ 388 25,000.",Medium,No,0.0,0.0,0.0,0.0,[],[],,
20260726_164425_DR VIJAY.pdf,Bank Statement,Payment,20250701,Suspense,Suspense,bank of baroda,30000.0,"SERJAI-JAIPUR/ 386 30,000.",Medium,No,0.0,0.0,0.0,0.0,[],[],,
20260726_164425_DR VIJAY.pdf,Bank Statement,Payment,20250701,Suspense,Suspense,bank of baroda,20000.0,"SERJAI-JAIPUR/ 385 20,000.",Medium,No,0.0,0.0,0.0,0.0,[],[],,
20260726_164425_DR VIJAY.pdf,Bank Statement,Receipt,20250701,Suspense,bank of baroda,Suspense,102589.0,"VAISHA-AJMER/F 1,02,58",Medium,No,0.0,0.0,0.0,0.0,[],[],,
20260726_164425_DR VIJAY.pdf,Bank Statement,Payment,20250701,Suspense,Suspense,bank of baroda,100000.0,"VAISHA-AJMER/F 1,00,00",Medium,No,0.0,0.0,0.0,0.0,[],[],,
20260726_164425_DR VIJAY.pdf,Bank Statement,Receipt,20250701,Suspense,bank of baroda,Suspense,7000.0,"UPI/1073668369 66836936 7,000.0",Medium,No,0.0,0.0,0.0,0.0,[],[],,
20260726_164425_DR VIJAY.pdf,Bank Statement,Payment,20250701,Suspense,Suspense,bank of baroda,10000.0,"MBK/5182099016 9901683 10,000.",Medium,No,0.0,0.0,0.0,0.0,[],[],,
20260726_164425_DR VIJAY.pdf,Bank Statement,Receipt,20250703,Suspense,bank of baroda,Suspense,6000.0,"UPI/1074672251 67225124 6,000.0",Medium,No,0.0,0.0,0.0,0.0,[],[],,
20260726_164425_DR VIJAY.pdf,Bank Statement,Payment,20250705,Suspense,Suspense,bank of baroda,1947.0,"VAISHA-AJMER/1 1,947.0",Medium,No,0.0,0.0,0.0,0.0,[],[],,
20260726_164425_DR VIJAY.pdf,Bank Statement,Payment,20250706,Suspense,Suspense,bank of baroda,3000.0,"IMPS/P2A/51871 3,000.0",Medium,No,0.0,0.0,0.0,0.0,[],[],,
20260726_164425_DR VIJAY.pdf,Bank Statement,Payment,20250706,Suspense,Suspense,bank of baroda,5.9,"CHARGES FOR 5.90 2,",Medium,No,0.0,0.0,0.0,0.0,[],[],,
20260726_164425_DR VIJAY.pdf,Bank Statement,Payment,20250710,Suspense,Suspense,bank of baroda,2000.0,"IMPS/P2A/51912 2,000.0",Medium,No,0.0,0.0,0.0,0.0,[],[],,
20260726_164425_DR VIJAY.pdf,Bank Statement,Payment,20250710,Suspense,Suspense,bank of baroda,5.9,CHARGES FOR 5.90 88,Medium,No,0.0,0.0,0.0,0.0,[],[],,
20260726_164425_DR VIJAY.pdf,Bank Statement,Receipt,20250711,Suspense,bank of baroda,Suspense,467899.0,"DIGITA-MUMBAI/ 4,67,89",Medium,No,0.0,0.0,0.0,0.0,[],[],,
20260726_164425_DR VIJAY.pdf,Bank Statement,Payment,20250711,Suspense,Suspense,bank of baroda,25000.0,"IMPS/P2A/51922 25,000.",Medium,No,0.0,0.0,0.0,0.0,[],[],,
20260726_164425_DR VIJAY.pdf,Bank Statement,Payment,20250711,Suspense,Suspense,bank of baroda,5.9,"CHARGES FOR 5.90 4,",Medium,No,0.0,0.0,0.0,0.0,[],[],,
20260726_164425_DR VIJAY.pdf,Bank Statement,Receipt,20250711,Suspense,bank of baroda,Suspense,2109.0,"DIGITA-MUMBAI/ 2,109.0",Medium,No,0.0,0.0,0.0,0.0,[],[],,
20260726_164425_DR VIJAY.pdf,Bank Statement,Receipt,20250711,Suspense,bank of baroda,Suspense,3224.0,"DIGITA-MUMBAI/ 3,224.0",Medium,No,0.0,0.0,0.0,0.0,[],[],,
20260726_164425_DR VIJAY.pdf,Bank Statement,Receipt,20250711,Suspense,bank of baroda,Suspense,1377.0,"DIGITA-MUMBAI/ 1,377.0",Medium,No,0.0,0.0,0.0,0.0,[],[],,
20260726_164425_DR VIJAY.pdf,Bank Statement,Receipt,20250711,Suspense,bank of baroda,Suspense,1472.0,"DIGITA-MUMBAI/ 1,472.0",Medium,No,0.0,0.0,0.0,0.0,[],[],,
20260726_164425_DR VIJAY.pdf,Bank Statement,Receipt,20250711,Suspense,bank of baroda,Suspense,303.0,DIGITA-MUMBAI/ 303.00,Medium,No,0.0,0.0,0.0,0.0,[],[],,
20260726_164425_DR VIJAY.pdf,Bank Statement,Receipt,20250711,Suspense,bank of baroda,Suspense,968.0,DIGITA-MUMBAI/ 968.00,Medium,No,0.0,0.0,0.0,0.0,[],[],,
20260726_164425_DR VIJAY.pdf,Bank Statement,Receipt,20250711,Suspense,bank of baroda,Suspense,546.0,DIGITA-MUMBAI/ 546.00,Medium,No,0.0,0.0,0.0,0.0,[],[],,
20260726_164425_DR VIJAY.pdf,Bank Statement,Receipt,20250711,Suspense,bank of baroda,Suspense,629.0,DIGITA-MUMBAI/ 629.00,Medium,No,0.0,0.0,0.0,0.0,[],[],,
20260726_164425_DR VIJAY.pdf,Bank Statement,Receipt,20250711,Suspense,bank of baroda,Suspense,486.0,DIGITA-MUMBAI/ 486.00,Medium,No,0.0,0.0,0.0,0.0,[],[],,
20260726_164425_DR VIJAY.pdf,Bank Statement,Receipt,20250711,Suspense,bank of baroda,Suspense,1246.0,"DIGITA-MUMBAI/ 1,246.0",Medium,No,0.0,0.0,0.0,0.0,[],[],,
20260726_164425_DR VIJAY.pdf,Bank Statement,Receipt,20250711,Suspense,bank of baroda,Suspense,2478.0,"DIGITA-MUMBAI/ 2,478.0",Medium,No,0.0,0.0,0.0,0.0,[],[],,
20260726_164425_DR VIJAY.pdf,Bank Statement,Receipt,20250711,Suspense,bank of baroda,Suspense,2890.0,"DIGITA-MUMBAI/ 2,890.0",Medium,No,0.0,0.0,0.0,0.0,[],[],,
20260726_164425_DR VIJAY.pdf,Bank Statement,Receipt,20250711,Suspense,bank of baroda,Suspense,167.0,DIGITA-MUMBAI/ 167.00,Medium,No,0.0,0.0,0.0,0.0,[],[],,
20260726_164425_DR VIJAY.pdf,Bank Statement,Receipt,20250711,Suspense,bank of baroda,Suspense,906.0,DIGITA-MUMBAI/ 906.00,Medium,No,0.0,0.0,0.0,0.0,[],[],,
20260726_164425_DR VIJAY.pdf,Bank Statement,Receipt,20250711,Suspense,bank of baroda,Suspense,5606.0,"DIGITA-MUMBAI/ 5,606.0",Medium,No,0.0,0.0,0.0,0.0,[],[],,
20260726_164425_DR VIJAY.pdf,Bank Statement,Receipt,20250711,Suspense,bank of baroda,Suspense,707.0,DIGITA-MUMBAI/ 707.00,Medium,No,0.0,0.0,0.0,0.0,[],[],,
20260726_164425_DR VIJAY.pdf,Bank Statement,Receipt,20250711,Suspense,bank of baroda,Suspense,1571.0,"DIGITA-MUMBAI/ 1,571.0",Medium,No,0.0,0.0,0.0,0.0,[],[],,
20260726_164425_DR VIJAY.pdf,Bank Statement,Receipt,20250711,Suspense,bank of baroda,Suspense,989.0,DIGITA-MUMBAI/ 989.00,Medium,No,0.0,0.0,0.0,0.0,[],[],,
20260726_164425_DR VIJAY.pdf,Bank Statement,Receipt,20250711,Suspense,bank of baroda,Suspense,631.0,DIGITA-MUMBAI/ 631.00,Medium,No,0.0,0.0,0.0,0.0,[],[],,
20260726_164425_DR VIJAY.pdf,Bank Statement,Receipt,20250711,Suspense,bank of baroda,Suspense,2508.0,DIGITA-MUMBAI/ 800.00,Medium,No,0.0,0.0,0.0,0.0,[],[],,
20260726_164425_DR VIJAY.pdf,Bank Statement,Receipt,20250711,Suspense,bank of baroda,Suspense,1011.0,"DIGITA-MUMBAI/ 1,011.0",Medium,No,0.0,0.0,0.0,0.0,[],[],,
20260726_164425_DR VIJAY.pdf,Bank Statement,Receipt,20250711,Suspense,bank of baroda,Suspense,776.0,DIGITA-MUMBAI/ 776.00,Medium,No,0.0,0.0,0.0,0.0,[],[],,
20260726_164425_DR VIJAY.pdf,Bank Statement,Receipt,20250711,Suspense,bank of baroda,Suspense,838.0,DIGITA-MUMBAI/ 838.00,Medium,No,0.0,0.0,0.0,0.0,[],[],,
20260726_164425_DR VIJAY.pdf,Bank Statement,Receipt,20250711,Suspense,bank of baroda,Suspense,1309.0,"DIGITA-MUMBAI/ 1,309.0",Medium,No,0.0,0.0,0.0,0.0,[],[],,
20260726_164425_DR VIJAY.pdf,Bank Statement,Receipt,20250711,Suspense,bank of baroda,Suspense,407.0,DIGITA-MUMBAI/ 407.00,Medium,No,0.0,0.0,0.0,0.0,[],[],,
20260726_164425_DR VIJAY.pdf,Bank Statement,Receipt,20250711,Suspense,bank of baroda,Suspense,913.0,DIGITA-MUMBAI/ 913.00,Medium,No,0.0,0.0,0.0,0.0,[],[],,
20260726_164425_DR VIJAY.pdf,Bank Statement,Receipt,20250711,Suspense,bank of baroda,Suspense,427.0,DIGITA-MUMBAI/ 427.00,Medium,No,0.0,0.0,0.0,0.0,[],[],,
20260726_164425_DR VIJAY.pdf,Bank Statement,Receipt,20250711,Suspense,bank of baroda,Suspense,1465.0,"DIGITA-MUMBAI/ 1,465.0",Medium,No,0.0,0.0,0.0,0.0,[],[],,
20260726_164425_DR VIJAY.pdf,Bank Statement,Receipt,20250711,Suspense,bank of baroda,Suspense,1424.0,"DIGITA-MUMBAI/ 1,424.0",Medium,No,0.0,0.0,0.0,0.0,[],[],,
20260726_164425_DR VIJAY.pdf,Bank Statement,Receipt,20250711,Suspense,bank of baroda,Suspense,651.0,DIGITA-MUMBAI/ 651.00,Medium,No,0.0,0.0,0.0,0.0,[],[],,
20260726_164425_DR VIJAY.pdf,Bank Statement,Receipt,20250711,Suspense,bank of baroda,Suspense,2575.0,"DIGITA-MUMBAI/ 2,575.0",Medium,No,0.0,0.0,0.0,0.0,[],[],,
20260726_164425_DR VIJAY.pdf,Bank Statement,Receipt,20250711,Suspense,bank of baroda,Suspense,671.0,DIGITA-MUMBAI/ 671.00,Medium,No,0.0,0.0,0.0,0.0,[],[],,
20260726_164425_DR VIJAY.pdf,Bank Statement,Receipt,20250711,Suspense,bank of baroda,Suspense,1312.0,"DIGITA-MUMBAI/ 1,312.0",Medium,No,0.0,0.0,0.0,0.0,[],[],,
20260726_164425_DR VIJAY.pdf,Bank Statement,Receipt,20250711,Suspense,bank of baroda,Suspense,656.0,DIGITA-MUMBAI/ 656.00,Medium,No,0.0,0.0,0.0,0.0,[],[],,
20260726_164425_DR VIJAY.pdf,Bank Statement,Receipt,20250711,Suspense,bank of baroda,Suspense,298.0,DIGITA-MUMBAI/ 298.00,Medium,No,0.0,0.0,0.0,0.0,[],[],,
20260726_164425_DR VIJAY.pdf,Bank Statement,Receipt,20250711,Suspense,bank of baroda,Suspense,918.0,DIGITA-MUMBAI/ 918.00,Medium,No,0.0,0.0,0.0,0.0,[],[],,
20260726_164425_DR VIJAY.pdf,Bank Statement,Receipt,20250711,Suspense,bank of baroda,Suspense,913.0,DIGITA-MUMBAI/ 913.00,Medium,No,0.0,0.0,0.0,0.0,[],[],,
20260726_164425_DR VIJAY.pdf,Bank Statement,Receipt,20250711,Suspense,bank of baroda,Suspense,2529.0,"DIGITA-MUMBAI/ 2,529.0",Medium,No,0.0,0.0,0.0,0.0,[],[],,
20260726_164425_DR VIJAY.pdf,Bank Statement,Receipt,20250711,Suspense,bank of baroda,Suspense,913.0,DIGITA-MUMBAI/ 913.00,Medium,No,0.0,0.0,0.0,0.0,[],[],,
20260726_164425_DR VIJAY.pdf,Bank Statement,Receipt,20250711,Suspense,bank of baroda,Suspense,1505.0,"DIGITA-MUMBAI/ 1,505.0",Medium,No,0.0,0.0,0.0,0.0,[],[],,
20260726_164425_DR VIJAY.pdf,Bank Statement,Receipt,20250711,Suspense,bank of baroda,Suspense,2343.0,"DIGITA-MUMBAI/ 2,343.0",Medium,No,0.0,0.0,0.0,0.0,[],[],,
20260726_164425_DR VIJAY.pdf,Bank Statement,Receipt,20250711,Suspense,bank of baroda,Suspense,577.0,DIGITA-MUMBAI/ 577.00,Medium,No,0.0,0.0,0.0,0.0,[],[],,
20260726_164425_DR VIJAY.pdf,Bank Statement,Receipt,20250711,Suspense,bank of baroda,Suspense,2675.0,"DIGITA-MUMBAI/ 2,675.0",Medium,No,0.0,0.0,0.0,0.0,[],[],,
20260726_164425_DR VIJAY.pdf,Bank Statement,Receipt,20250711,Suspense,bank of baroda,Suspense,1218.0,"DIGITA-MUMBAI/ 1,218.0",Medium,No,0.0,0.0,0.0,0.0,[],[],,
20260726_164425_DR VIJAY.pdf,Bank Statement,Receipt,20250711,Suspense,bank of baroda,Suspense,632.0,DIGITA-MUMBAI/ 632.00,Medium,No,0.0,0.0,0.0,0.0,[],[],,
20260726_164425_DR VIJAY.pdf,Bank Statement,Receipt,20250711,Suspense,bank of baroda,Suspense,707.0,DIGITA-MUMBAI/ 707.00,Medium,No,0.0,0.0,0.0,0.0,[],[],,
20260726_164425_DR VIJAY.pdf,Bank Statement,Receipt,20250711,Suspense,bank of baroda,Suspense,751.0,DIGITA-MUMBAI/ 751.00,Medium,No,0.0,0.0,0.0,0.0,[],[],,
20260726_164425_DR VIJAY.pdf,Bank Statement,Receipt,20250711,Suspense,bank of baroda,Suspense,427.0,DIGITA-MUMBAI/ 427.00,Medium,No,0.0,0.0,0.0,0.0,[],[],,
20260726_164425_DR VIJAY.pdf,Bank Statement,Receipt,20250711,Suspense,bank of baroda,Suspense,1147.0,"DIGITA-MUMBAI/ 1,147.0",Medium,No,0.0,0.0,0.0,0.0,[],[],,
20260726_164425_DR VIJAY.pdf,Bank Statement,Receipt,20250711,Suspense,bank of baroda,Suspense,441.0,DIGITA-MUMBAI/ 441.00,Medium,No,0.0,0.0,0.0,0.0,[],[],,
20260726_164425_DR VIJAY.pdf,Bank Statement,Receipt,20250711,Suspense,bank of baroda,Suspense,810.0,DIGITA-MUMBAI/ 810.00,Medium,No,0.0,0.0,0.0,0.0,[],[],,
20260726_164425_DR VIJAY.pdf,Bank Statement,Receipt,20250711,Suspense,bank of baroda,Suspense,777.0,DIGITA-MUMBAI/ 777.00,Medium,No,0.0,0.0,0.0,0.0,[],[],,
20260726_164425_DR VIJAY.pdf,Bank Statement,Receipt,20250711,Suspense,bank of baroda,Suspense,581.0,DIGITA-MUMBAI/ 581.00,Medium,No,0.0,0.0,0.0,0.0,[],[],,
20260726_164425_DR VIJAY.pdf,Bank Statement,Receipt,20250711,Suspense,bank of baroda,Suspense,1062.0,"DIGITA-MUMBAI/ 1,062.0",Medium,No,0.0,0.0,0.0,0.0,[],[],,
20260726_164425_DR VIJAY.pdf,Bank Statement,Receipt,20250711,Suspense,bank of baroda,Suspense,260.0,DIGITA-MUMBAI/ 260.00,Medium,No,0.0,0.0,0.0,0.0,[],[],,
20260726_164425_DR VIJAY.pdf,Bank Statement,Receipt,20250711,Suspense,bank of baroda,Suspense,1427.0,"DIGITA-MUMBAI/ 1,427.0",Medium,No,0.0,0.0,0.0,0.0,[],[],,
20260726_164425_DR VIJAY.pdf,Bank Statement,Receipt,20250711,Suspense,bank of baroda,Suspense,2177.0,"DIGITA-MUMBAI/ 2,177.0",Medium,No,0.0,0.0,0.0,0.0,[],[],,
20260726_164425_DR VIJAY.pdf,Bank Statement,Receipt,20250711,Suspense,bank of baroda,Suspense,2296.0,"DIGITA-MUMBAI/ 2,296.0",Medium,No,0.0,0.0,0.0,0.0,[],[],,
20260726_164425_DR VIJAY.pdf,Bank Statement,Receipt,20250711,Suspense,bank of baroda,Suspense,744.0,DIGITA-MUMBAI/ 744.00,Medium,No,0.0,0.0,0.0,0.0,[],[],,
20260726_164425_DR VIJAY.pdf,Bank Statement,Receipt,20250711,Suspense,bank of baroda,Suspense,1309.0,"DIGITA-MUMBAI/ 1,309.0",Medium,No,0.0,0.0,0.0,0.0,[],[],,
20260726_164425_DR VIJAY.pdf,Bank Statement,Receipt,20250711,Suspense,bank of baroda,Suspense,2183.0,"DIGITA-MUMBAI/ 2,183.0",Medium,No,0.0,0.0,0.0,0.0,[],[],,
20260726_164425_DR VIJAY.pdf,Bank Statement,Receipt,20250711,Suspense,bank of baroda,Suspense,1069.0,"DIGITA-MUMBAI/ 1,069.0",Medium,No,0.0,0.0,0.0,0.0,[],[],,
20260726_164425_DR VIJAY.pdf,Bank Statement,Receipt,20250711,Suspense,bank of baroda,Suspense,491.0,DIGITA-MUMBAI/ 491.00,Medium,No,0.0,0.0,0.0,0.0,[],[],,
20260726_164425_DR VIJAY.pdf,Bank Statement,Receipt,20250711,Suspense,bank of baroda,Suspense,1364.0,"DIGITA-MUMBAI/ 1,364.0",Medium,No,0.0,0.0,0.0,0.0,[],[],,
20260726_164425_DR VIJAY.pdf,Bank Statement,Receipt,20250711,Suspense,bank of baroda,Suspense,1550.0,"DIGITA-MUMBAI/ 1,550.0",Medium,No,0.0,0.0,0.0,0.0,[],[],,
20260726_164425_DR VIJAY.pdf,Bank Statement,Receipt,20250711,Suspense,bank of baroda,Suspense,3540.0,"DIGITA-MUMBAI/ 2,091.0",Medium,No,0.0,0.0,0.0,0.0,[],[],,
20260726_164425_DR VIJAY.pdf,Bank Statement,Receipt,20250711,Suspense,bank of baroda,Suspense,2470.0,"DIGITA-MUMBAI/ 2,470.0",Medium,No,0.0,0.0,0.0,0.0,[],[],,
20260726_164425_DR VIJAY.pdf,Bank Statement,Receipt,20250711,Suspense,bank of baroda,Suspense,2395.0,"DIGITA-MUMBAI/ 2,395.0",Medium,No,0.0,0.0,0.0,0.0,[],[],,
20260726_164425_DR VIJAY.pdf,Bank Statement,Receipt,20250711,Suspense,bank of baroda,Suspense,5073.0,"DIGITA-MUMBAI/ 5,073.0",Medium,No,0.0,0.0,0.0,0.0,[],[],,
20260726_164425_DR VIJAY.pdf,Bank Statement,Receipt,20250711,Suspense,bank of baroda,Suspense,1147.0,"DIGITA-MUMBAI/ 1,147.0",Medium,No,0.0,0.0,0.0,0.0,[],[],,
20260726_164425_DR VIJAY.pdf,Bank Statement,Receipt,20250711,Suspense,bank of baroda,Suspense,945.0,DIGITA-MUMBAI/ 945.00,Medium,No,0.0,0.0,0.0,0.0,[],[],,
20260726_164425_DR VIJAY.pdf,Bank Statement,Receipt,20250711,Suspense,bank of baroda,Suspense,578.0,DIGITA-MUMBAI/ 578.00,Medium,No,0.0,0.0,0.0,0.0,[],[],,
20260726_164425_DR VIJAY.pdf,Bank Statement,Receipt,20250711,Suspense,bank of baroda,Suspense,1031.0,"DIGITA-MUMBAI/ 1,031.0",Medium,No,0.0,0.0,0.0,0.0,[],[],,
20260726_164425_DR VIJAY.pdf,Bank Statement,Receipt,20250711,Suspense,bank of baroda,Suspense,779.0,DIGITA-MUMBAI/ 779.00,Medium,No,0.0,0.0,0.0,0.0,[],[],,
20260726_164425_DR VIJAY.pdf,Bank Statement,Receipt,20250711,Suspense,bank of baroda,Suspense,1786.0,"DIGITA-MUMBAI/ 1,786.0",Medium,No,0.0,0.0,0.0,0.0,[],[],,
20260726_164425_DR VIJAY.pdf,Bank Statement,Receipt,20250711,Suspense,bank of baroda,Suspense,661.0,DIGITA-MUMBAI/ 661.00,Medium,No,0.0,0.0,0.0,0.0,[],[],,
20260726_164425_DR VIJAY.pdf,Bank Statement,Receipt,20250711,Suspense,bank of baroda,Suspense,505.0,DIGITA-MUMBAI/ 505.00,Medium,No,0.0,0.0,0.0,0.0,[],[],,
20260726_164425_DR VIJAY.pdf,Bank Statement,Receipt,20250711,Suspense,bank of baroda,Suspense,993.0,DIGITA-MUMBAI/ 993.00,Medium,No,0.0,0.0,0.0,0.0,[],[],,
20260726_164425_DR VIJAY.pdf,Bank Statement,Receipt,20250711,Suspense,bank of baroda,Suspense,936.0,DIGITA-MUMBAI/ 936.00,Medium,No,0.0,0.0,0.0,0.0,[],[],,
20260726_164425_DR VIJAY.pdf,Bank Statement,Receipt,20250711,Suspense,bank of baroda,Suspense,1294.0,"DIGITA-MUMBAI/ 1,294.0",Medium,No,0.0,0.0,0.0,0.0,[],[],,
20260726_164425_DR VIJAY.pdf,Bank Statement,Receipt,20250711,Suspense,bank of baroda,Suspense,1516.0,"DIGITA-MUMBAI/ 1,516.0",Medium,No,0.0,0.0,0.0,0.0,[],[],,
20260726_164425_DR VIJAY.pdf,Bank Statement,Receipt,20250711,Suspense,bank of baroda,Suspense,1060.0,"DIGITA-MUMBAI/ 1,060.0",Medium,No,0.0,0.0,0.0,0.0,[],[],,
20260726_164425_DR VIJAY.pdf,Bank Statement,Receipt,20250711,Suspense,bank of baroda,Suspense,572.0,DIGITA-MUMBAI/ 572.00,Medium,No,0.0,0.0,0.0,0.0,[],[],,
20260726_164425_DR VIJAY.pdf,Bank Statement,Receipt,20250711,Suspense,bank of baroda,Suspense,540.0,DIGITA-MUMBAI/ 540.00,Medium,No,0.0,0.0,0.0,0.0,[],[],,
20260726_164425_DR VIJAY.pdf,Bank Statement,Receipt,20250711,Suspense,bank of baroda,Suspense,569.0,DIGITA-MUMBAI/ 569.00,Medium,No,0.0,0.0,0.0,0.0,[],[],,
20260726_164425_DR VIJAY.pdf,Bank Statement,Receipt,20250711,Suspense,bank of baroda,Suspense,2987.0,"DIGITA-MUMBAI/ 2,987.0",Medium,No,0.0,0.0,0.0,0.0,[],[],,
20260726_164425_DR VIJAY.pdf,Bank Statement,Receipt,20250711,Suspense,bank of baroda,Suspense,2972.0,"DIGITA-MUMBAI/ 2,972.0",Medium,No,0.0,0.0,0.0,0.0,[],[],,
20260726_164425_DR VIJAY.pdf,Bank Statement,Receipt,20250711,Suspense,bank of baroda,Suspense,1663.0,"DIGITA-MUMBAI/ 1,663.0",Medium,No,0.0,0.0,0.0,0.0,[],[],,
20260726_164425_DR VIJAY.pdf,Bank Statement,Receipt,20250711,Suspense,bank of baroda,Suspense,1828.0,"DIGITA-MUMBAI/ 1,828.0",Medium,No,0.0,0.0,0.0,0.0,[],[],,
20260726_164425_DR VIJAY.pdf,Bank Statement,Receipt,20250711,Suspense,bank of baroda,Suspense,550.0,DIGITA-MUMBAI/ 550.00,Medium,No,0.0,0.0,0.0,0.0,[],[],,
20260726_164425_DR VIJAY.pdf,Bank Statement,Receipt,20250711,Suspense,bank of baroda,Suspense,2328.0,"DIGITA-MUMBAI/ 2,328.0",Medium,No,0.0,0.0,0.0,0.0,[],[],,
20260726_164425_DR VIJAY.pdf,Bank Statement,Receipt,20250711,Suspense,bank of baroda,Suspense,897.0,DIGITA-MUMBAI/ 897.00,Medium,No,0.0,0.0,0.0,0.0,[],[],,
20260726_164425_DR VIJAY.pdf,Bank Statement,Receipt,20250711,Suspense,bank of baroda,Suspense,938.0,DIGITA-MUMBAI/ 938.00,Medium,No,0.0,0.0,0.0,0.0,[],[],,
20260726_164425_DR VIJAY.pdf,Bank Statement,Receipt,20250711,Suspense,bank of baroda,Suspense,929.0,DIGITA-MUMBAI/ 929.00,Medium,No,0.0,0.0,0.0,0.0,[],[],,
20260726_164425_DR VIJAY.pdf,Bank Statement,Receipt,20250711,Suspense,bank of baroda,Suspense,1363.0,"DIGITA-MUMBAI/ 1,363.0",Medium,No,0.0,0.0,0.0,0.0,[],[],,
20260726_164425_DR VIJAY.pdf,Bank Statement,Receipt,20250711,Suspense,bank of baroda,Suspense,1074.0,"DIGITA-MUMBAI/ 1,074.0",Medium,No,0.0,0.0,0.0,0.0,[],[],,
20260726_164425_DR VIJAY.pdf,Bank Statement,Receipt,20250711,Suspense,bank of baroda,Suspense,749.0,DIGITA-MUMBAI/ 749.00,Medium,No,0.0,0.0,0.0,0.0,[],[],,
20260726_164425_DR VIJAY.pdf,Bank Statement,Receipt,20250711,Suspense,bank of baroda,Suspense,1534.0,"DIGITA-MUMBAI/ 1,534.0",Medium,No,0.0,0.0,0.0,0.0,[],[],,
20260726_164425_DR VIJAY.pdf,Bank Statement,Receipt,20250711,Suspense,bank of baroda,Suspense,549.0,DIGITA-MUMBAI/ 549.00,Medium,No,0.0,0.0,0.0,0.0,[],[],,
20260726_164425_DR VIJAY.pdf,Bank Statement,Receipt,20250711,Suspense,bank of baroda,Suspense,2226.0,"DIGITA-MUMBAI/ 2,226.0",Medium,No,0.0,0.0,0.0,0.0,[],[],,
20260726_164425_DR VIJAY.pdf,Bank Statement,Receipt,20250711,Suspense,bank of baroda,Suspense,1449.0,"DIGITA-MUMBAI/ 1,449.0",Medium,No,0.0,0.0,0.0,0.0,[],[],,
20260726_164425_DR VIJAY.pdf,Bank Statement,Receipt,20250711,Suspense,bank of baroda,Suspense,1472.0,"DIGITA-MUMBAI/ 1,472.0",Medium,No,0.0,0.0,0.0,0.0,[],[],,
20260726_164425_DR VIJAY.pdf,Bank Statement,Receipt,20250711,Suspense,bank of baroda,Suspense,482.0,DIGITA-MUMBAI/ 482.00,Medium,No,0.0,0.0,0.0,0.0,[],[],,
20260726_164425_DR VIJAY.pdf,Bank Statement,Receipt,20250711,Suspense,bank of baroda,Suspense,577.0,DIGITA-MUMBAI/ 577.00,Medium,No,0.0,0.0,0.0,0.0,[],[],,
20260726_164425_DR VIJAY.pdf,Bank Statement,Receipt,20250711,Suspense,bank of baroda,Suspense,2621.0,"DIGITA-MUMBAI/ 2,621.0",Medium,No,0.0,0.0,0.0,0.0,[],[],,
20260726_164425_DR VIJAY.pdf,Bank Statement,Receipt,20250711,Suspense,bank of baroda,Suspense,904.0,DIGITA-MUMBAI/ 904.00,Medium,No,0.0,0.0,0.0,0.0,[],[],,
20260726_164425_DR VIJAY.pdf,Bank Statement,Receipt,20250711,Suspense,bank of baroda,Suspense,1636.0,"DIGITA-MUMBAI/ 1,636.0",Medium,No,0.0,0.0,0.0,0.0,[],[],,
20260726_164425_DR VIJAY.pdf,Bank Statement,Receipt,20250711,Suspense,bank of baroda,Suspense,1295.0,"DIGITA-MUMBAI/ 1,295.0",Medium,No,0.0,0.0,0.0,0.0,[],[],,
20260726_164425_DR VIJAY.pdf,Bank Statement,Receipt,20250711,Suspense,bank of baroda,Suspense,741.0,DIGITA-MUMBAI/ 741.00,Medium,No,0.0,0.0,0.0,0.0,[],[],,
20260726_164425_DR VIJAY.pdf,Bank Statement,Receipt,20250711,Suspense,bank of baroda,Suspense,1261.0,"DIGITA-MUMBAI/ 1,261.0",Medium,No,0.0,0.0,0.0,0.0,[],[],,
20260726_164425_DR VIJAY.pdf,Bank Statement,Receipt,20250711,Suspense,bank of baroda,Suspense,990.0,DIGITA-MUMBAI/ 990.00,Medium,No,0.0,0.0,0.0,0.0,[],[],,
20260726_164425_DR VIJAY.pdf,Bank Statement,Receipt,20250711,Suspense,bank of baroda,Suspense,5285.0,"DIGITA-MUMBAI/ 4,770.0",Medium,No,0.0,0.0,0.0,0.0,[],[],,
20260726_164425_DR VIJAY.pdf,Bank Statement,Receipt,20250711,Suspense,bank of baroda,Suspense,2408.0,"DIGITA-MUMBAI/ 2,408.0",Medium,No,0.0,0.0,0.0,0.0,[],[],,
20260726_164425_DR VIJAY.pdf,Bank Statement,Receipt,20250711,Suspense,bank of baroda,Suspense,4568.0,"DIGITA-MUMBAI/ 4,568.0",Medium,No,0.0,0.0,0.0,0.0,[],[],,
20260726_164425_DR VIJAY.pdf,Bank Statement,Receipt,20250711,Suspense,bank of baroda,Suspense,1571.0,"DIGITA-MUMBAI/ 1,571.0",Medium,No,0.0,0.0,0.0,0.0,[],[],,
20260726_164425_DR VIJAY.pdf,Bank Statement,Receipt,20250711,Suspense,bank of baroda,Suspense,1033.0,"DIGITA-MUMBAI/ 1,033.0",Medium,No,0.0,0.0,0.0,0.0,[],[],,
20260726_164425_DR VIJAY.pdf,Bank Statement,Receipt,20250711,Suspense,bank of baroda,Suspense,1084.0,"DIGITA-MUMBAI/ 1,084.0",Medium,No,0.0,0.0,0.0,0.0,[],[],,
20260726_164425_DR VIJAY.pdf,Bank Statement,Receipt,20250711,Suspense,bank of baroda,Suspense,611.0,DIGITA-MUMBAI/ 611.00,Medium,No,0.0,0.0,0.0,0.0,[],[],,
20260726_164425_DR VIJAY.pdf,Bank Statement,Receipt,20250711,Suspense,bank of baroda,Suspense,2616.0,"DIGITA-MUMBAI/ 2,616.0",Medium,No,0.0,0.0,0.0,0.0,[],[],,
20260726_164425_DR VIJAY.pdf,Bank Statement,Receipt,20250711,Suspense,bank of baroda,Suspense,742.0,DIGITA-MUMBAI/ 742.00,Medium,No,0.0,0.0,0.0,0.0,[],[],,
20260726_164425_DR VIJAY.pdf,Bank Statement,Receipt,20250711,Suspense,bank of baroda,Suspense,975.0,DIGITA-MUMBAI/ 975.00,Medium,No,0.0,0.0,0.0,0.0,[],[],,
20260726_164425_DR VIJAY.pdf,Bank Statement,Receipt,20250711,Suspense,bank of baroda,Suspense,2538.0,"DIGITA-MUMBAI/ 2,538.0",Medium,No,0.0,0.0,0.0,0.0,[],[],,
20260726_164425_DR VIJAY.pdf,Bank Statement,Receipt,20250711,Suspense,bank of baroda,Suspense,1783.0,"DIGITA-MUMBAI/ 1,783.0",Medium,No,0.0,0.0,0.0,0.0,[],[],,
20260726_164425_DR VIJAY.pdf,Bank Statement,Receipt,20250711,Suspense,bank of baroda,Suspense,166.0,DIGITA-MUMBAI/ 166.00,Medium,No,0.0,0.0,0.0,0.0,[],[],,
20260726_164425_DR VIJAY.pdf,Bank Statement,Receipt,20250711,Suspense,bank of baroda,Suspense,233.0,DIGITA-MUMBAI/ 233.00,Medium,No,0.0,0.0,0.0,0.0,[],[],,
20260726_164425_DR VIJAY.pdf,Bank Statement,Receipt,20250711,Suspense,bank of baroda,Suspense,679.0,DIGITA-MUMBAI/ 679.00,Medium,No,0.0,0.0,0.0,0.0,[],[],,
20260726_164425_DR VIJAY.pdf,Bank Statement,Receipt,20250711,Suspense,bank of baroda,Suspense,1720.0,"DIGITA-MUMBAI/ 1,720.0",Medium,No,0.0,0.0,0.0,0.0,[],[],,
20260726_164425_DR VIJAY.pdf,Bank Statement,Receipt,20250711,Suspense,bank of baroda,Suspense,815.0,DIGITA-MUMBAI/ 815.00,Medium,No,0.0,0.0,0.0,0.0,[],[],,
20260726_164425_DR VIJAY.pdf,Bank Statement,Receipt,20250711,Suspense,bank of baroda,Suspense,1552.0,"DIGITA-MUMBAI/ 1,552.0",Medium,No,0.0,0.0,0.0,0.0,[],[],,
20260726_164425_DR VIJAY.pdf,Bank Statement,Receipt,20250711,Suspense,bank of baroda,Suspense,1385.0,"DIGITA-MUMBAI/ 1,385.0",Medium,No,0.0,0.0,0.0,0.0,[],[],,
20260726_164425_DR VIJAY.pdf,Bank Statement,Receipt,20250711,Suspense,bank of baroda,Suspense,367.0,DIGITA-MUMBAI/ 367.00,Medium,No,0.0,0.0,0.0,0.0,[],[],,
20260726_164425_DR VIJAY.pdf,Bank Statement,Receipt,20250711,Suspense,bank of baroda,Suspense,1131.0,"DIGITA-MUMBAI/ 1,131.0",Medium,No,0.0,0.0,0.0,0.0,[],[],,
20260726_164425_DR VIJAY.pdf,Bank Statement,Receipt,20250711,Suspense,bank of baroda,Suspense,913.0,DIGITA-MUMBAI/ 913.00,Medium,No,0.0,0.0,0.0,0.0,[],[],,
20260726_164425_DR VIJAY.pdf,Bank Statement,Receipt,20250711,Suspense,bank of baroda,Suspense,637.0,DIGITA-MUMBAI/ 637.00,Medium,No,0.0,0.0,0.0,0.0,[],[],,
20260726_164425_DR VIJAY.pdf,Bank Statement,Receipt,20250711,Suspense,bank of baroda,Suspense,913.0,DIGITA-MUMBAI/ 913.00,Medium,No,0.0,0.0,0.0,0.0,[],[],,
20260726_164425_DR VIJAY.pdf,Bank Statement,Receipt,20250711,Suspense,bank of baroda,Suspense,3913.0,"DIGITA-MUMBAI/ 3,913.0",Medium,No,0.0,0.0,0.0,0.0,[],[],,
20260726_164425_DR VIJAY.pdf,Bank Statement,Receipt,20250711,Suspense,bank of baroda,Suspense,1465.0,"DIGITA-MUMBAI/ 1,465.0",Medium,No,0.0,0.0,0.0,0.0,[],[],,
20260726_164425_DR VIJAY.pdf,Bank Statement,Receipt,20250711,Suspense,bank of baroda,Suspense,2296.0,"DIGITA-MUMBAI/ 2,296.0",Medium,No,0.0,0.0,0.0,0.0,[],[],,
20260726_164425_DR VIJAY.pdf,Bank Statement,Receipt,20250711,Suspense,bank of baroda,Suspense,932.0,DIGITA-MUMBAI/ 932.00,Medium,No,0.0,0.0,0.0,0.0,[],[],,
20260726_164425_DR VIJAY.pdf,Bank Statement,Receipt,20250711,Suspense,bank of baroda,Suspense,1212.0,"DIGITA-MUMBAI/ 1,212.0",Medium,No,0.0,0.0,0.0,0.0,[],[],,
20260726_164425_DR VIJAY.pdf,Bank Statement,Receipt,20250711,Suspense,bank of baroda,Suspense,1685.0,"DIGITA-MUMBAI/ 1,685.0",Medium,No,0.0,0.0,0.0,0.0,[],[],,
20260726_164425_DR VIJAY.pdf,Bank Statement,Receipt,20250711,Suspense,bank of baroda,Suspense,1249.0,"DIGITA-MUMBAI/ 1,249.0",Medium,No,0.0,0.0,0.0,0.0,[],[],,
20260726_164425_DR VIJAY.pdf,Bank Statement,Receipt,20250711,Suspense,bank of baroda,Suspense,198.0,DIGITA-MUMBAI/ 198.00,Medium,No,0.0,0.0,0.0,0.0,[],[],,
20260726_164425_DR VIJAY.pdf,Bank Statement,Receipt,20250711,Suspense,bank of baroda,Suspense,973.0,DIGITA-MUMBAI/ 973.00,Medium,No,0.0,0.0,0.0,0.0,[],[],,
20260726_164425_DR VIJAY.pdf,Bank Statement,Receipt,20250711,Suspense,bank of baroda,Suspense,568.0,DIGITA-MUMBAI/ 568.00,Medium,No,0.0,0.0,0.0,0.0,[],[],,
20260726_164425_DR VIJAY.pdf,Bank Statement,Receipt,20250711,Suspense,bank of baroda,Suspense,2624.0,"DIGITA-MUMBAI/ 2,624.0",Medium,No,0.0,0.0,0.0,0.0,[],[],,
20260726_164425_DR VIJAY.pdf,Bank Statement,Receipt,20250711,Suspense,bank of baroda,Suspense,2456.0,"DIGITA-MUMBAI/ 2,456.0",Medium,No,0.0,0.0,0.0,0.0,[],[],,
20260726_164425_DR VIJAY.pdf,Bank Statement,Receipt,20250711,Suspense,bank of baroda,Suspense,1270.0,"DIGITA-MUMBAI/ 1,270.0",Medium,No,0.0,0.0,0.0,0.0,[],[],,
20260726_164425_DR VIJAY.pdf,Bank Statement,Receipt,20250711,Suspense,bank of baroda,Suspense,3049.0,"DIGITA-MUMBAI/ 3,049.0",Medium,No,0.0,0.0,0.0,0.0,[],[],,
20260726_164425_DR VIJAY.pdf,Bank Statement,Receipt,20250711,Suspense,bank of baroda,Suspense,1242.0,"DIGITA-MUMBAI/ 1,242.0",Medium,No,0.0,0.0,0.0,0.0,[],[],,
20260726_164425_DR VIJAY.pdf,Bank Statement,Receipt,20250711,Suspense,bank of baroda,Suspense,1060.0,"DIGITA-MUMBAI/ 1,060.0",Medium,No,0.0,0.0,0.0,0.0,[],[],,
20260726_164425_DR VIJAY.pdf,Bank Statement,Receipt,20250711,Suspense,bank of baroda,Suspense,2761.0,"DIGITA-MUMBAI/ 2,761.0",Medium,No,0.0,0.0,0.0,0.0,[],[],,
20260726_164425_DR VIJAY.pdf,Bank Statement,Receipt,20250711,Suspense,bank of baroda,Suspense,913.0,DIGITA-MUMBAI/ 913.00,Medium,No,0.0,0.0,0.0,0.0,[],[],,
20260726_164425_DR VIJAY.pdf,Bank Statement,Receipt,20250711,Suspense,bank of baroda,Suspense,994.0,DIGITA-MUMBAI/ 994.00,Medium,No,0.0,0.0,0.0,0.0,[],[],,
20260726_164425_DR VIJAY.pdf,Bank Statement,Receipt,20250711,Suspense,bank of baroda,Suspense,1775.0,"DIGITA-MUMBAI/ 1,775.0",Medium,No,0.0,0.0,0.0,0.0,[],[],,
20260726_164425_DR VIJAY.pdf,Bank Statement,Receipt,20250711,Suspense,bank of baroda,Suspense,1380.0,"DIGITA-MUMBAI/ 1,380.0",Medium,No,0.0,0.0,0.0,0.0,[],[],,
20260726_164425_DR VIJAY.pdf,Bank Statement,Receipt,20250711,Suspense,bank of baroda,Suspense,1531.0,"DIGITA-MUMBAI/ 1,531.0",Medium,No,0.0,0.0,0.0,0.0,[],[],,
20260726_164425_DR VIJAY.pdf,Bank Statement,Receipt,20250711,Suspense,bank of baroda,Suspense,2799.0,"DIGITA-MUMBAI/ 1,794.0",Medium,No,0.0,0.0,0.0,0.0,[],[],,
20260726_164425_DR VIJAY.pdf,Bank Statement,Receipt,20250711,Suspense,bank of baroda,Suspense,1732.0,"DIGITA-MUMBAI/ 1,732.0",Medium,No,0.0,0.0,0.0,0.0,[],[],,
20260726_164425_DR VIJAY.pdf,Bank Statement,Receipt,20250711,Suspense,bank of baroda,Suspense,1119.0,"DIGITA-MUMBAI/ 1,119.0",Medium,No,0.0,0.0,0.0,0.0,[],[],,
20260726_164425_DR VIJAY.pdf,Bank Statement,Receipt,20250711,Suspense,bank of baroda,Suspense,2346.0,"DIGITA-MUMBAI/ 2,346.0",Medium,No,0.0,0.0,0.0,0.0,[],[],,
20260726_164425_DR VIJAY.pdf,Bank Statement,Receipt,20250711,Suspense,bank of baroda,Suspense,609.0,DIGITA-MUMBAI/ 609.00,Medium,No,0.0,0.0,0.0,0.0,[],[],,
20260726_164425_DR VIJAY.pdf,Bank Statement,Receipt,20250711,Suspense,bank of baroda,Suspense,3449.0,"DIGITA-MUMBAI/ 3,449.0",Medium,No,0.0,0.0,0.0,0.0,[],[],,
20260726_164425_DR VIJAY.pdf,Bank Statement,Receipt,20250711,Suspense,bank of baroda,Suspense,861.0,DIGITA-MUMBAI/ 861.00,Medium,No,0.0,0.0,0.0,0.0,[],[],,
20260726_164425_DR VIJAY.pdf,Bank Statement,Receipt,20250711,Suspense,bank of baroda,Suspense,1789.0,"DIGITA-MUMBAI/ 1,789.0",Medium,No,0.0,0.0,0.0,0.0,[],[],,
20260726_164425_DR VIJAY.pdf,Bank Statement,Receipt,20250711,Suspense,bank of baroda,Suspense,470.0,DIGITA-MUMBAI/ 470.00,Medium,No,0.0,0.0,0.0,0.0,[],[],,
20260726_164425_DR VIJAY.pdf,Bank Statement,Receipt,20250711,Suspense,bank of baroda,Suspense,943.0,DIGITA-MUMBAI/ 943.00,Medium,No,0.0,0.0,0.0,0.0,[],[],,
20260726_164425_DR VIJAY.pdf,Bank Statement,Receipt,20250711,Suspense,bank of baroda,Suspense,1198.0,"DIGITA-MUMBAI/ 1,198.0",Medium,No,0.0,0.0,0.0,0.0,[],[],,
20260726_164425_DR VIJAY.pdf,Bank Statement,Receipt,20250711,Suspense,bank of baroda,Suspense,1436.0,"DIGITA-MUMBAI/ 1,436.0",Medium,No,0.0,0.0,0.0,0.0,[],[],,
20260726_164425_DR VIJAY.pdf,Bank Statement,Receipt,20250711,Suspense,bank of baroda,Suspense,2637.0,"DIGITA-MUMBAI/ 2,637.0",Medium,No,0.0,0.0,0.0,0.0,[],[],,
20260726_164425_DR VIJAY.pdf,Bank Statement,Receipt,20250711,Suspense,bank of baroda,Suspense,2571.0,"DIGITA-MUMBAI/ 2,571.0",Medium,No,0.0,0.0,0.0,0.0,[],[],,
20260726_164425_DR VIJAY.pdf,Bank Statement,Receipt,20250711,Suspense,bank of baroda,Suspense,1922.0,"DIGITA-MUMBAI/ 1,922.0",Medium,No,0.0,0.0,0.0,0.0,[],[],,
20260726_164425_DR VIJAY.pdf,Bank Statement,Receipt,20250711,Suspense,bank of baroda,Suspense,1180.0,"DIGITA-MUMBAI/ 1,180.0",Medium,No,0.0,0.0,0.0,0.0,[],[],,
20260726_164425_DR VIJAY.pdf,Bank Statement,Receipt,20250711,Suspense,bank of baroda,Suspense,759.0,DIGITA-MUMBAI/ 759.00,Medium,No,0.0,0.0,0.0,0.0,[],[],,
20260726_164425_DR VIJAY.pdf,Bank Statement,Receipt,20250711,Suspense,bank of baroda,Suspense,1104.0,"DIGITA-MUMBAI/ 1,104.0",Medium,No,0.0,0.0,0.0,0.0,[],[],,
20260726_164425_DR VIJAY.pdf,Bank Statement,Receipt,20250711,Suspense,bank of baroda,Suspense,2756.0,"DIGITA-MUMBAI/ 2,756.0",Medium,No,0.0,0.0,0.0,0.0,[],[],,
20260726_164425_DR VIJAY.pdf,Bank Statement,Receipt,20250711,Suspense,bank of baroda,Suspense,657.0,DIGITA-MUMBAI/ 657.00,Medium,No,0.0,0.0,0.0,0.0,[],[],,
20260726_164425_DR VIJAY.pdf,Bank Statement,Receipt,20250711,Suspense,bank of baroda,Suspense,1817.0,"DIGITA-MUMBAI/ 1,817.0",Medium,No,0.0,0.0,0.0,0.0,[],[],,
20260726_164425_DR VIJAY.pdf,Bank Statement,Receipt,20250711,Suspense,bank of baroda,Suspense,1164.0,"DIGITA-MUMBAI/ 1,164.0",Medium,No,0.0,0.0,0.0,0.0,[],[],,
20260726_164425_DR VIJAY.pdf,Bank Statement,Receipt,20250711,Suspense,bank of baroda,Suspense,756.0,DIGITA-MUMBAI/ 756.00,Medium,No,0.0,0.0,0.0,0.0,[],[],,
20260726_164425_DR VIJAY.pdf,Bank Statement,Receipt,20250711,Suspense,bank of baroda,Suspense,1385.0,"DIGITA-MUMBAI/ 1,385.0",Medium,No,0.0,0.0,0.0,0.0,[],[],,
20260726_164425_DR VIJAY.pdf,Bank Statement,Receipt,20250711,Suspense,bank of baroda,Suspense,1005.0,"DIGITA-MUMBAI/ 1,005.0",Medium,No,0.0,0.0,0.0,0.0,[],[],,
20260726_164425_DR VIJAY.pdf,Bank Statement,Receipt,20250711,Suspense,bank of baroda,Suspense,2617.0,"DIGITA-MUMBAI/ 2,617.0",Medium,No,0.0,0.0,0.0,0.0,[],[],,
20260726_164425_DR VIJAY.pdf,Bank Statement,Receipt,20250711,Suspense,bank of baroda,Suspense,2023.0,"DIGITA-MUMBAI/ 2,023.0",Medium,No,0.0,0.0,0.0,0.0,[],[],,
20260726_164425_DR VIJAY.pdf,Bank Statement,Receipt,20250711,Suspense,bank of baroda,Suspense,767.0,DIGITA-MUMBAI/ 767.00,Medium,No,0.0,0.0,0.0,0.0,[],[],,
20260726_164425_DR VIJAY.pdf,Bank Statement,Receipt,20250711,Suspense,bank of baroda,Suspense,161.0,DIGITA-MUMBAI/ 161.00,Medium,No,0.0,0.0,0.0,0.0,[],[],,
20260726_164425_DR VIJAY.pdf,Bank Statement,Receipt,20250711,Suspense,bank of baroda,Suspense,2162.0,"DIGITA-MUMBAI/ 2,162.0",Medium,No,0.0,0.0,0.0,0.0,[],[],,
20260726_164425_DR VIJAY.pdf,Bank Statement,Receipt,20250711,Suspense,bank of baroda,Suspense,638.0,DIGITA-MUMBAI/ 638.00,Medium,No,0.0,0.0,0.0,0.0,[],[],,
20260726_164425_DR VIJAY.pdf,Bank Statement,Receipt,20250711,Suspense,bank of baroda,Suspense,1769.0,"DIGITA-MUMBAI/ 1,769.0",Medium,No,0.0,0.0,0.0,0.0,[],[],,
20260726_164425_DR VIJAY.pdf,Bank Statement,Receipt,20250711,Suspense,bank of baroda,Suspense,810.0,DIGITA-MUMBAI/ 810.00,Medium,No,0.0,0.0,0.0,0.0,[],[],,
20260726_164425_DR VIJAY.pdf,Bank Statement,Receipt,20250711,Suspense,bank of baroda,Suspense,1260.0,"DIGITA-MUMBAI/ 1,260.0",Medium,No,0.0,0.0,0.0,0.0,[],[],,
20260726_164425_DR VIJAY.pdf,Bank Statement,Receipt,20250711,Suspense,bank of baroda,Suspense,1789.0,"DIGITA-MUMBAI/ 1,789.0",Medium,No,0.0,0.0,0.0,0.0,[],[],,
20260726_164425_DR VIJAY.pdf,Bank Statement,Receipt,20250711,Suspense,bank of baroda,Suspense,2398.0,"DIGITA-MUMBAI/ 2,398.0",Medium,No,0.0,0.0,0.0,0.0,[],[],,
20260726_164425_DR VIJAY.pdf,Bank Statement,Receipt,20250711,Suspense,bank of baroda,Suspense,2712.0,"DIGITA-MUMBAI/ 2,712.0",Medium,No,0.0,0.0,0.0,0.0,[],[],,
20260726_164425_DR VIJAY.pdf,Bank Statement,Receipt,20250711,Suspense,bank of baroda,Suspense,466.0,DIGITA-MUMBAI/ 466.00,Medium,No,0.0,0.0,0.0,0.0,[],[],,
20260726_164425_DR VIJAY.pdf,Bank Statement,Receipt,20250711,Suspense,bank of baroda,Suspense,1473.0,"DIGITA-MUMBAI/ 1,473.0",Medium,No,0.0,0.0,0.0,0.0,[],[],,
20260726_164425_DR VIJAY.pdf,Bank Statement,Receipt,20250711,Suspense,bank of baroda,Suspense,687.0,DIGITA-MUMBAI/ 687.00,Medium,No,0.0,0.0,0.0,0.0,[],[],,
20260726_164425_DR VIJAY.pdf,Bank Statement,Receipt,20250711,Suspense,bank of baroda,Suspense,1110.0,"DIGITA-MUMBAI/ 1,110.0",Medium,No,0.0,0.0,0.0,0.0,[],[],,
20260726_164425_DR VIJAY.pdf,Bank Statement,Receipt,20250711,Suspense,bank of baroda,Suspense,1550.0,"DIGITA-MUMBAI/ 1,550.0",Medium,No,0.0,0.0,0.0,0.0,[],[],,
20260726_164425_DR VIJAY.pdf,Bank Statement,Receipt,20250711,Suspense,bank of baroda,Suspense,1477.0,"DIGITA-MUMBAI/ 1,477.0",Medium,No,0.0,0.0,0.0,0.0,[],[],,
20260726_164425_DR VIJAY.pdf,Bank Statement,Receipt,20250711,Suspense,bank of baroda,Suspense,1032.0,"DIGITA-MUMBAI/ 1,032.0",Medium,No,0.0,0.0,0.0,0.0,[],[],,
20260726_164425_DR VIJAY.pdf,Bank Statement,Receipt,20250711,Suspense,bank of baroda,Suspense,590.0,DIGITA-MUMBAI/ 590.00,Medium,No,0.0,0.0,0.0,0.0,[],[],,
20260726_164425_DR VIJAY.pdf,Bank Statement,Receipt,20250711,Suspense,bank of baroda,Suspense,1312.0,"DIGITA-MUMBAI/ 1,312.0",Medium,No,0.0,0.0,0.0,0.0,[],[],,
20260726_164425_DR VIJAY.pdf,Bank Statement,Receipt,20250711,Suspense,bank of baroda,Suspense,1236.0,DIGITA-MUMBAI/ 753.00,Medium,No,0.0,0.0,0.0,0.0,[],[],,
20260726_164425_DR VIJAY.pdf,Bank Statement,Receipt,20250711,Suspense,bank of baroda,Suspense,1769.0,"DIGITA-MUMBAI/ 1,769.0",Medium,No,0.0,0.0,0.0,0.0,[],[],,
20260726_164425_DR VIJAY.pdf,Bank Statement,Receipt,20250711,Suspense,bank of baroda,Suspense,1414.0,"DIGITA-MUMBAI/ 1,414.0",Medium,No,0.0,0.0,0.0,0.0,[],[],,
20260726_164425_DR VIJAY.pdf,Bank Statement,Receipt,20250711,Suspense,bank of baroda,Suspense,1180.0,"DIGITA-MUMBAI/ 1,180.0",Medium,No,0.0,0.0,0.0,0.0,[],[],,
20260726_164425_DR VIJAY.pdf,Bank Statement,Receipt,20250711,Suspense,bank of baroda,Suspense,1617.0,"DIGITA-MUMBAI/ 1,617.0",Medium,No,0.0,0.0,0.0,0.0,[],[],,
20260726_164425_DR VIJAY.pdf,Bank Statement,Receipt,20250711,Suspense,bank of baroda,Suspense,111.0,DIGITA-MUMBAI/ 111.00,Medium,No,0.0,0.0,0.0,0.0,[],[],,
20260726_164425_DR VIJAY.pdf,Bank Statement,Receipt,20250711,Suspense,bank of baroda,Suspense,465.0,DIGITA-MUMBAI/ 465.00,Medium,No,0.0,0.0,0.0,0.0,[],[],,
20260726_164425_DR VIJAY.pdf,Bank Statement,Receipt,20250711,Suspense,bank of baroda,Suspense,846.0,DIGITA-MUMBAI/ 846.00,Medium,No,0.0,0.0,0.0,0.0,[],[],,
20260726_164425_DR VIJAY.pdf,Bank Statement,Receipt,20250711,Suspense,bank of baroda,Suspense,1011.0,"DIGITA-MUMBAI/ 1,011.0",Medium,No,0.0,0.0,0.0,0.0,[],[],,
20260726_164425_DR VIJAY.pdf,Bank Statement,Receipt,20250711,Suspense,bank of baroda,Suspense,931.0,DIGITA-MUMBAI/ 931.00,Medium,No,0.0,0.0,0.0,0.0,[],[],,
20260726_164425_DR VIJAY.pdf,Bank Statement,Receipt,20250711,Suspense,bank of baroda,Suspense,2103.0,"DIGITA-MUMBAI/ 2,103.0",Medium,No,0.0,0.0,0.0,0.0,[],[],,
20260726_164425_DR VIJAY.pdf,Bank Statement,Receipt,20250711,Suspense,bank of baroda,Suspense,832.0,DIGITA-MUMBAI/ 832.00,Medium,No,0.0,0.0,0.0,0.0,[],[],,
20260726_164425_DR VIJAY.pdf,Bank Statement,Receipt,20250711,Suspense,bank of baroda,Suspense,995.0,DIGITA-MUMBAI/ 995.00,Medium,No,0.0,0.0,0.0,0.0,[],[],,
20260726_164425_DR VIJAY.pdf,Bank Statement,Receipt,20250711,Suspense,bank of baroda,Suspense,532.0,DIGITA-MUMBAI/ 532.00,Medium,No,0.0,0.0,0.0,0.0,[],[],,
20260726_164425_DR VIJAY.pdf,Bank Statement,Receipt,20250711,Suspense,bank of baroda,Suspense,561.0,DIGITA-MUMBAI/ 561.00,Medium,No,0.0,0.0,0.0,0.0,[],[],,
20260726_164425_DR VIJAY.pdf,Bank Statement,Receipt,20250711,Suspense,bank of baroda,Suspense,998.0,DIGITA-MUMBAI/ 998.00,Medium,No,0.0,0.0,0.0,0.0,[],[],,
20260726_164425_DR VIJAY.pdf,Bank Statement,Receipt,20250711,Suspense,bank of baroda,Suspense,80.0,DIGITA-MUMBAI/ 80.00 7,Medium,No,0.0,0.0,0.0,0.0,[],[],,
20260726_164425_DR VIJAY.pdf,Bank Statement,Receipt,20250711,Suspense,bank of baroda,Suspense,763.0,DIGITA-MUMBAI/ 763.00,Medium,No,0.0,0.0,0.0,0.0,[],[],,
20260726_164425_DR VIJAY.pdf,Bank Statement,Receipt,20250711,Suspense,bank of baroda,Suspense,1856.0,"DIGITA-MUMBAI/ 1,856.0",Medium,No,0.0,0.0,0.0,0.0,[],[],,
20260726_164425_DR VIJAY.pdf,Bank Statement,Receipt,20250711,Suspense,bank of baroda,Suspense,190.0,DIGITA-MUMBAI/ 190.00,Medium,No,0.0,0.0,0.0,0.0,[],[],,
20260726_164425_DR VIJAY.pdf,Bank Statement,Receipt,20250711,Suspense,bank of baroda,Suspense,1078.0,"DIGITA-MUMBAI/ 1,078.0",Medium,No,0.0,0.0,0.0,0.0,[],[],,
20260726_164425_DR VIJAY.pdf,Bank Statement,Receipt,20250711,Suspense,bank of baroda,Suspense,1200.0,"DIGITA-MUMBAI/ 1,200.0",Medium,No,0.0,0.0,0.0,0.0,[],[],,
20260726_164425_DR VIJAY.pdf,Bank Statement,Receipt,20250711,Suspense,bank of baroda,Suspense,388.0,DIGITA-MUMBAI/ 388.00,Medium,No,0.0,0.0,0.0,0.0,[],[],,
20260726_164425_DR VIJAY.pdf,Bank Statement,Receipt,20250711,Suspense,bank of baroda,Suspense,1500.0,"DIGITA-MUMBAI/ 1,500.0",Medium,No,0.0,0.0,0.0,0.0,[],[],,
20260726_164425_DR VIJAY.pdf,Bank Statement,Receipt,20250711,Suspense,bank of baroda,Suspense,856.0,DIGITA-MUMBAI/ 856.00,Medium,No,0.0,0.0,0.0,0.0,[],[],,
20260726_164425_DR VIJAY.pdf,Bank Statement,Receipt,20250711,Suspense,bank of baroda,Suspense,835.0,DIGITA-MUMBAI/ 835.00,Medium,No,0.0,0.0,0.0,0.0,[],[],,
20260726_164425_DR VIJAY.pdf,Bank Statement,Receipt,20250711,Suspense,bank of baroda,Suspense,1298.0,"DIGITA-MUMBAI/ 1,298.0",Medium,No,0.0,0.0,0.0,0.0,[],[],,
20260726_164425_DR VIJAY.pdf,Bank Statement,Receipt,20250711,Suspense,bank of baroda,Suspense,403.0,DIGITA-MUMBAI/ 403.00,Medium,No,0.0,0.0,0.0,0.0,[],[],,
20260726_164425_DR VIJAY.pdf,Bank Statement,Receipt,20250711,Suspense,bank of baroda,Suspense,813.0,DIGITA-MUMBAI/ 813.00,Medium,No,0.0,0.0,0.0,0.0,[],[],,
20260726_164425_DR VIJAY.pdf,Bank Statement,Receipt,20250711,Suspense,bank of baroda,Suspense,1720.0,"DIGITA-MUMBAI/ 1,720.0",Medium,No,0.0,0.0,0.0,0.0,[],[],,
20260726_164425_DR VIJAY.pdf,Bank Statement,Receipt,20250711,Suspense,bank of baroda,Suspense,1207.0,"DIGITA-MUMBAI/ 1,207.0",Medium,No,0.0,0.0,0.0,0.0,[],[],,
20260726_164425_DR VIJAY.pdf,Bank Statement,Receipt,20250711,Suspense,bank of baroda,Suspense,3771.0,"DIGITA-MUMBAI/ 3,771.0",Medium,No,0.0,0.0,0.0,0.0,[],[],,
20260726_164425_DR VIJAY.pdf,Bank Statement,Receipt,20250711,Suspense,bank of baroda,Suspense,570.0,DIGITA-MUMBAI/ 570.00,Medium,No,0.0,0.0,0.0,0.0,[],[],,
20260726_164425_DR VIJAY.pdf,Bank Statement,Receipt,20250711,Suspense,bank of baroda,Suspense,438.0,DIGITA-MUMBAI/ 438.00,Medium,No,0.0,0.0,0.0,0.0,[],[],,
20260726_164425_DR VIJAY.pdf,Bank Statement,Receipt,20250711,Suspense,bank of baroda,Suspense,1677.0,"DIGITA-MUMBAI/ 1,677.0",Medium,No,0.0,0.0,0.0,0.0,[],[],,
20260726_164425_DR VIJAY.pdf,Bank Statement,Receipt,20250711,Suspense,bank of baroda,Suspense,1810.0,"DIGITA-MUMBAI/ 1,810.0",Medium,No,0.0,0.0,0.0,0.0,[],[],,
20260726_164425_DR VIJAY.pdf,Bank Statement,Receipt,20250711,Suspense,bank of baroda,Suspense,1447.0,"DIGITA-MUMBAI/ 1,447.0",Medium,No,0.0,0.0,0.0,0.0,[],[],,
20260726_164425_DR VIJAY.pdf,Bank Statement,Receipt,20250711,Suspense,bank of baroda,Suspense,2613.0,"DIGITA-MUMBAI/ 2,613.0",Medium,No,0.0,0.0,0.0,0.0,[],[],,
20260726_164425_DR VIJAY.pdf,Bank Statement,Receipt,20250711,Suspense,bank of baroda,Suspense,1094.0,"DIGITA-MUMBAI/ 1,094.0",Medium,No,0.0,0.0,0.0,0.0,[],[],,
20260726_164425_DR VIJAY.pdf,Bank Statement,Receipt,20250711,Suspense,bank of baroda,Suspense,1257.0,"DIGITA-MUMBAI/ 1,257.0",Medium,No,0.0,0.0,0.0,0.0,[],[],,
20260726_164425_DR VIJAY.pdf,Bank Statement,Receipt,20250711,Suspense,bank of baroda,Suspense,917.0,DIGITA-MUMBAI/ 917.00,Medium,No,0.0,0.0,0.0,0.0,[],[],,
20260726_164425_DR VIJAY.pdf,Bank Statement,Receipt,20250711,Suspense,bank of baroda,Suspense,1224.0,"DIGITA-MUMBAI/ 1,224.0",Medium,No,0.0,0.0,0.0,0.0,[],[],,
20260726_164425_DR VIJAY.pdf,Bank Statement,Receipt,20250711,Suspense,bank of baroda,Suspense,2989.0,"DIGITA-MUMBAI/ 2,989.0",Medium,No,0.0,0.0,0.0,0.0,[],[],,
20260726_164425_DR VIJAY.pdf,Bank Statement,Receipt,20250711,Suspense,bank of baroda,Suspense,2773.0,"DIGITA-MUMBAI/ 2,773.0",Medium,No,0.0,0.0,0.0,0.0,[],[],,
20260726_164425_DR VIJAY.pdf,Bank Statement,Receipt,20250711,Suspense,bank of baroda,Suspense,350.0,DIGITA-MUMBAI/ 350.00,Medium,No,0.0,0.0,0.0,0.0,[],[],,
20260726_164425_DR VIJAY.pdf,Bank Statement,Receipt,20250711,Suspense,bank of baroda,Suspense,465.0,DIGITA-MUMBAI/ 465.00,Medium,No,0.0,0.0,0.0,0.0,[],[],,
20260726_164425_DR VIJAY.pdf,Bank Statement,Receipt,20250711,Suspense,bank of baroda,Suspense,1302.0,DIGITA-MUMBAI/ 564.00,Medium,No,0.0,0.0,0.0,0.0,[],[],,
20260726_164425_DR VIJAY.pdf,Bank Statement,Receipt,20250711,Suspense,bank of baroda,Suspense,538.0,DIGITA-MUMBAI/ 538.00,Medium,No,0.0,0.0,0.0,0.0,[],[],,
20260726_164425_DR VIJAY.pdf,Bank Statement,Receipt,20250711,Suspense,bank of baroda,Suspense,1036.0,"DIGITA-MUMBAI/ 1,036.0",Medium,No,0.0,0.0,0.0,0.0,[],[],,
20260726_164425_DR VIJAY.pdf,Bank Statement,Receipt,20250711,Suspense,bank of baroda,Suspense,2143.0,"DIGITA-MUMBAI/ 2,143.0",Medium,No,0.0,0.0,0.0,0.0,[],[],,
20260726_164425_DR VIJAY.pdf,Bank Statement,Receipt,20250711,Suspense,bank of baroda,Suspense,1415.0,"DIGITA-MUMBAI/ 1,415.0",Medium,No,0.0,0.0,0.0,0.0,[],[],,
20260726_164425_DR VIJAY.pdf,Bank Statement,Receipt,20250711,Suspense,bank of baroda,Suspense,469.0,DIGITA-MUMBAI/ 469.00,Medium,No,0.0,0.0,0.0,0.0,[],[],,
20260726_164425_DR VIJAY.pdf,Bank Statement,Receipt,20250711,Suspense,bank of baroda,Suspense,1909.0,"DIGITA-MUMBAI/ 1,909.0",Medium,No,0.0,0.0,0.0,0.0,[],[],,
20260726_164425_DR VIJAY.pdf,Bank Statement,Receipt,20250711,Suspense,bank of baroda,Suspense,604.0,DIGITA-MUMBAI/ 604.00,Medium,No,0.0,0.0,0.0,0.0,[],[],,
20260726_164425_DR VIJAY.pdf,Bank Statement,Receipt,20250711,Suspense,bank of baroda,Suspense,155.0,DIGITA-MUMBAI/ 155.00,Medium,No,0.0,0.0,0.0,0.0,[],[],,
20260726_164425_DR VIJAY.pdf,Bank Statement,Receipt,20250711,Suspense,bank of baroda,Suspense,230.0,DIGITA-MUMBAI/ 230.00,Medium,No,0.0,0.0,0.0,0.0,[],[],,
20260726_164425_DR VIJAY.pdf,Bank Statement,Receipt,20250711,Suspense,bank of baroda,Suspense,906.0,DIGITA-MUMBAI/ 906.00,Medium,No,0.0,0.0,0.0,0.0,[],[],,
20260726_164425_DR VIJAY.pdf,Bank Statement,Receipt,20250711,Suspense,bank of baroda,Suspense,1804.0,"DIGITA-MUMBAI/ 1,804.0",Medium,No,0.0,0.0,0.0,0.0,[],[],,
20260726_164425_DR VIJAY.pdf,Bank Statement,Receipt,20250711,Suspense,bank of baroda,Suspense,841.0,DIGITA-MUMBAI/ 841.00,Medium,No,0.0,0.0,0.0,0.0,[],[],,
20260726_164425_DR VIJAY.pdf,Bank Statement,Receipt,20250711,Suspense,bank of baroda,Suspense,2769.0,"DIGITA-MUMBAI/ 2,769.0",Medium,No,0.0,0.0,0.0,0.0,[],[],,
20260726_164425_DR VIJAY.pdf,Bank Statement,Receipt,20250711,Suspense,bank of baroda,Suspense,574.0,DIGITA-MUMBAI/ 574.00,Medium,No,0.0,0.0,0.0,0.0,[],[],,
20260726_164425_DR VIJAY.pdf,Bank Statement,Receipt,20250711,Suspense,bank of baroda,Suspense,2413.0,"DIGITA-MUMBAI/ 2,413.0",Medium,No,0.0,0.0,0.0,0.0,[],[],,
20260726_164425_DR VIJAY.pdf,Bank Statement,Receipt,20250711,Suspense,bank of baroda,Suspense,117.0,DIGITA-MUMBAI/ 117.00,Medium,No,0.0,0.0,0.0,0.0,[],[],,
20260726_164425_DR VIJAY.pdf,Bank Statement,Receipt,20250711,Suspense,bank of baroda,Suspense,1794.0,"DIGITA-MUMBAI/ 1,794.0",Medium,No,0.0,0.0,0.0,0.0,[],[],,
20260726_164425_DR VIJAY.pdf,Bank Statement,Receipt,20250711,Suspense,bank of baroda,Suspense,939.0,DIGITA-MUMBAI/ 939.00,Medium,No,0.0,0.0,0.0,0.0,[],[],,
20260726_164425_DR VIJAY.pdf,Bank Statement,Receipt,20250711,Suspense,bank of baroda,Suspense,677.0,DIGITA-MUMBAI/ 677.00,Medium,No,0.0,0.0,0.0,0.0,[],[],,
20260726_164425_DR VIJAY.pdf,Bank Statement,Receipt,20250711,Suspense,bank of baroda,Suspense,2733.0,"DIGITA-MUMBAI/ 2,733.0",Medium,No,0.0,0.0,0.0,0.0,[],[],,
20260726_164425_DR VIJAY.pdf,Bank Statement,Receipt,20250711,Suspense,bank of baroda,Suspense,449.0,DIGITA-MUMBAI/ 449.00,Medium,No,0.0,0.0,0.0,0.0,[],[],,
20260726_164425_DR VIJAY.pdf,Bank Statement,Receipt,20250711,Suspense,bank of baroda,Suspense,1449.0,"DIGITA-MUMBAI/ 1,449.0",Medium,No,0.0,0.0,0.0,0.0,[],[],,
20260726_164425_DR VIJAY.pdf,Bank Statement,Receipt,20250711,Suspense,bank of baroda,Suspense,388.0,DIGITA-MUMBAI/ 388.00,Medium,No,0.0,0.0,0.0,0.0,[],[],,
20260726_164425_DR VIJAY.pdf,Bank Statement,Receipt,20250711,Suspense,bank of baroda,Suspense,550.0,DIGITA-MUMBAI/ 550.00,Medium,No,0.0,0.0,0.0,0.0,[],[],,
20260726_164425_DR VIJAY.pdf,Bank Statement,Receipt,20250711,Suspense,bank of baroda,Suspense,2614.0,"DIGITA-MUMBAI/ 2,614.0",Medium,No,0.0,0.0,0.0,0.0,[],[],,
20260726_164425_DR VIJAY.pdf,Bank Statement,Receipt,20250711,Suspense,bank of baroda,Suspense,2989.0,"DIGITA-MUMBAI/ 2,989.0",Medium,No,0.0,0.0,0.0,0.0,[],[],,
20260726_164425_DR VIJAY.pdf,Bank Statement,Receipt,20250711,Suspense,bank of baroda,Suspense,1568.0,"DIGITA-MUMBAI/ 1,568.0",Medium,No,0.0,0.0,0.0,0.0,[],[],,
20260726_164425_DR VIJAY.pdf,Bank Statement,Receipt,20250711,Suspense,bank of baroda,Suspense,474.0,DIGITA-MUMBAI/ 474.00,Medium,No,0.0,0.0,0.0,0.0,[],[],,
20260726_164425_DR VIJAY.pdf,Bank Statement,Receipt,20250711,Suspense,bank of baroda,Suspense,961.0,DIGITA-MUMBAI/ 961.00,Medium,No,0.0,0.0,0.0,0.0,[],[],,
20260726_164425_DR VIJAY.pdf,Bank Statement,Receipt,20250711,Suspense,bank of baroda,Suspense,1217.0,"DIGITA-MUMBAI/ 1,217.0",Medium,No,0.0,0.0,0.0,0.0,[],[],,
20260726_164425_DR VIJAY.pdf,Bank Statement,Receipt,20250711,Suspense,bank of baroda,Suspense,1067.0,"DIGITA-MUMBAI/ 1,067.0",Medium,No,0.0,0.0,0.0,0.0,[],[],,
20260726_164425_DR VIJAY.pdf,Bank Statement,Receipt,20250711,Suspense,bank of baroda,Suspense,1218.0,"DIGITA-MUMBAI/ 1,218.0",Medium,No,0.0,0.0,0.0,0.0,[],[],,
20260726_164425_DR VIJAY.pdf,Bank Statement,Receipt,20250711,Suspense,bank of baroda,Suspense,1176.0,"DIGITA-MUMBAI/ 1,176.0",Medium,No,0.0,0.0,0.0,0.0,[],[],,
20260726_164425_DR VIJAY.pdf,Bank Statement,Receipt,20250711,Suspense,bank of baroda,Suspense,1004.0,"DIGITA-MUMBAI/ 1,004.0",Medium,No,0.0,0.0,0.0,0.0,[],[],,
20260726_164425_DR VIJAY.pdf,Bank Statement,Receipt,20250711,Suspense,bank of baroda,Suspense,1165.0,"DIGITA-MUMBAI/ 1,165.0",Medium,No,0.0,0.0,0.0,0.0,[],[],,
20260726_164425_DR VIJAY.pdf,Bank Statement,Receipt,20250711,Suspense,bank of baroda,Suspense,550.0,DIGITA-MUMBAI/ 550.00,Medium,No,0.0,0.0,0.0,0.0,[],[],,
20260726_164425_DR VIJAY.pdf,Bank Statement,Receipt,20250711,Suspense,bank of baroda,Suspense,1505.0,"DIGITA-MUMBAI/ 1,505.0",Medium,No,0.0,0.0,0.0,0.0,[],[],,
20260726_164425_DR VIJAY.pdf,Bank Statement,Receipt,20250711,Suspense,bank of baroda,Suspense,813.0,DIGITA-MUMBAI/ 813.00,Medium,No,0.0,0.0,0.0,0.0,[],[],,
20260726_164425_DR VIJAY.pdf,Bank Statement,Receipt,20250711,Suspense,bank of baroda,Suspense,1089.0,"DIGITA-MUMBAI/ 1,089.0",Medium,No,0.0,0.0,0.0,0.0,[],[],,
20260726_164425_DR VIJAY.pdf,Bank Statement,Receipt,20250711,Suspense,bank of baroda,Suspense,1312.0,"DIGITA-MUMBAI/ 1,312.0",Medium,No,0.0,0.0,0.0,0.0,[],[],,
20260726_164425_DR VIJAY.pdf,Bank Statement,Receipt,20250711,Suspense,bank of baroda,Suspense,873.0,DIGITA-MUMBAI/ 873.00,Medium,No,0.0,0.0,0.0,0.0,[],[],,
20260726_164425_DR VIJAY.pdf,Bank Statement,Receipt,20250711,Suspense,bank of baroda,Suspense,3463.0,"DIGITA-MUMBAI/ 3,463.0",Medium,No,0.0,0.0,0.0,0.0,[],[],,
20260726_164425_DR VIJAY.pdf,Bank Statement,Receipt,20250711,Suspense,bank of baroda,Suspense,1592.0,"DIGITA-MUMBAI/ 1,592.0",Medium,No,0.0,0.0,0.0,0.0,[],[],,
20260726_164425_DR VIJAY.pdf,Bank Statement,Receipt,20250711,Suspense,bank of baroda,Suspense,2890.0,"DIGITA-MUMBAI/ 2,890.0",Medium,No,0.0,0.0,0.0,0.0,[],[],,
20260726_164425_DR VIJAY.pdf,Bank Statement,Receipt,20250711,Suspense,bank of baroda,Suspense,197.0,DIGITA-MUMBAI/ 197.00,Medium,No,0.0,0.0,0.0,0.0,[],[],,
20260726_164425_DR VIJAY.pdf,Bank Statement,Receipt,20250711,Suspense,bank of baroda,Suspense,1511.0,DIGITA-MUMBAI/ 717.00,Medium,No,0.0,0.0,0.0,0.0,[],[],,
20260726_164425_DR VIJAY.pdf,Bank Statement,Receipt,20250711,Suspense,bank of baroda,Suspense,957.0,DIGITA-MUMBAI/ 957.00,Medium,No,0.0,0.0,0.0,0.0,[],[],,
20260726_164425_DR VIJAY.pdf,Bank Statement,Receipt,20250711,Suspense,bank of baroda,Suspense,661.0,DIGITA-MUMBAI/ 661.00,Medium,No,0.0,0.0,0.0,0.0,[],[],,
20260726_164425_DR VIJAY.pdf,Bank Statement,Receipt,20250711,Suspense,bank of baroda,Suspense,697.0,DIGITA-MUMBAI/ 697.00,Medium,No,0.0,0.0,0.0,0.0,[],[],,
20260726_164425_DR VIJAY.pdf,Bank Statement,Receipt,20250711,Suspense,bank of baroda,Suspense,517.0,DIGITA-MUMBAI/ 517.00,Medium,No,0.0,0.0,0.0,0.0,[],[],,
20260726_164425_DR VIJAY.pdf,Bank Statement,Receipt,20250711,Suspense,bank of baroda,Suspense,345.0,DIGITA-MUMBAI/ 345.00,Medium,No,0.0,0.0,0.0,0.0,[],[],,
20260726_164425_DR VIJAY.pdf,Bank Statement,Receipt,20250711,Suspense,bank of baroda,Suspense,3178.0,"DIGITA-MUMBAI/ 3,178.0",Medium,No,0.0,0.0,0.0,0.0,[],[],,
20260726_164425_DR VIJAY.pdf,Bank Statement,Receipt,20250711,Suspense,bank of baroda,Suspense,933.0,DIGITA-MUMBAI/ 933.00,Medium,No,0.0,0.0,0.0,0.0,[],[],,
20260726_164425_DR VIJAY.pdf,Bank Statement,Receipt,20250711,Suspense,bank of baroda,Suspense,1318.0,"DIGITA-MUMBAI/ 1,318.0",Medium,No,0.0,0.0,0.0,0.0,[],[],,
20260726_164425_DR VIJAY.pdf,Bank Statement,Receipt,20250711,Suspense,bank of baroda,Suspense,509.0,DIGITA-MUMBAI/ 509.00,Medium,No,0.0,0.0,0.0,0.0,[],[],,
20260726_164425_DR VIJAY.pdf,Bank Statement,Receipt,20250711,Suspense,bank of baroda,Suspense,102.0,DIGITA-MUMBAI/ 102.00,Medium,No,0.0,0.0,0.0,0.0,[],[],,
20260726_164425_DR VIJAY.pdf,Bank Statement,Receipt,20250711,Suspense,bank of baroda,Suspense,1665.0,"DIGITA-MUMBAI/ 1,665.0",Medium,No,0.0,0.0,0.0,0.0,[],[],,
20260726_164425_DR VIJAY.pdf,Bank Statement,Receipt,20250711,Suspense,bank of baroda,Suspense,697.0,DIGITA-MUMBAI/ 697.00,Medium,No,0.0,0.0,0.0,0.0,[],[],,
20260726_164425_DR VIJAY.pdf,Bank Statement,Receipt,20250711,Suspense,bank of baroda,Suspense,1469.0,"DIGITA-MUMBAI/ 1,469.0",Medium,No,0.0,0.0,0.0,0.0,[],[],,
20260726_164425_DR VIJAY.pdf,Bank Statement,Receipt,20250711,Suspense,bank of baroda,Suspense,302.0,DIGITA-MUMBAI/ 302.00,Medium,No,0.0,0.0,0.0,0.0,[],[],,
20260726_164425_DR VIJAY.pdf,Bank Statement,Receipt,20250711,Suspense,bank of baroda,Suspense,764.0,DIGITA-MUMBAI/ 764.00,Medium,No,0.0,0.0,0.0,0.0,[],[],,
20260726_164425_DR VIJAY.pdf,Bank Statement,Receipt,20250711,Suspense,bank of baroda,Suspense,680.0,DIGITA-MUMBAI/ 680.00,Medium,No,0.0,0.0,0.0,0.0,[],[],,
20260726_164425_DR VIJAY.pdf,Bank Statement,Receipt,20250711,Suspense,bank of baroda,Suspense,215.0,DIGITA-MUMBAI/ 215.00,Medium,No,0.0,0.0,0.0,0.0,[],[],,
20260726_164425_DR VIJAY.pdf,Bank Statement,Receipt,20250711,Suspense,bank of baroda,Suspense,1725.0,"DIGITA-MUMBAI/ 1,725.0",Medium,No,0.0,0.0,0.0,0.0,[],[],,
20260726_164425_DR VIJAY.pdf,Bank Statement,Receipt,20250711,Suspense,bank of baroda,Suspense,1621.0,"DIGITA-MUMBAI/ 1,621.0",Medium,No,0.0,0.0,0.0,0.0,[],[],,
20260726_164425_DR VIJAY.pdf,Bank Statement,Receipt,20250711,Suspense,bank of baroda,Suspense,3815.0,"DIGITA-MUMBAI/ 3,815.0",Medium,No,0.0,0.0,0.0,0.0,[],[],,
20260726_164425_DR VIJAY.pdf,Bank Statement,Receipt,20250711,Suspense,bank of baroda,Suspense,2055.0,"DIGITA-MUMBAI/ 2,055.0",Medium,No,0.0,0.0,0.0,0.0,[],[],,
20260726_164425_DR VIJAY.pdf,Bank Statement,Receipt,20250711,Suspense,bank of baroda,Suspense,2816.0,"DIGITA-MUMBAI/ 2,816.0",Medium,No,0.0,0.0,0.0,0.0,[],[],,
20260726_164425_DR VIJAY.pdf,Bank Statement,Receipt,20250711,Suspense,bank of baroda,Suspense,1348.0,"DIGITA-MUMBAI/ 1,348.0",Medium,No,0.0,0.0,0.0,0.0,[],[],,
20260726_164425_DR VIJAY.pdf,Bank Statement,Receipt,20250711,Suspense,bank of baroda,Suspense,810.0,DIGITA-MUMBAI/ 810.00,Medium,No,0.0,0.0,0.0,0.0,[],[],,
20260726_164425_DR VIJAY.pdf,Bank Statement,Receipt,20250711,Suspense,bank of baroda,Suspense,719.0,DIGITA-MUMBAI/ 719.00,Medium,No,0.0,0.0,0.0,0.0,[],[],,
20260726_164425_DR VIJAY.pdf,Bank Statement,Receipt,20250711,Suspense,bank of baroda,Suspense,1301.0,"DIGITA-MUMBAI/ 1,301.0",Medium,No,0.0,0.0,0.0,0.0,[],[],,
20260726_164425_DR VIJAY.pdf,Bank Statement,Receipt,20250711,Suspense,bank of baroda,Suspense,1839.0,"DIGITA-MUMBAI/ 1,839.0",Medium,No,0.0,0.0,0.0,0.0,[],[],,
20260726_164425_DR VIJAY.pdf,Bank Statement,Receipt,20250711,Suspense,bank of baroda,Suspense,1563.0,"DIGITA-MUMBAI/ 1,563.0",Medium,No,0.0,0.0,0.0,0.0,[],[],,
20260726_164425_DR VIJAY.pdf,Bank Statement,Receipt,20250711,Suspense,bank of baroda,Suspense,929.0,DIGITA-MUMBAI/ 929.00,Medium,No,0.0,0.0,0.0,0.0,[],[],,
20260726_164425_DR VIJAY.pdf,Bank Statement,Receipt,20250711,Suspense,bank of baroda,Suspense,2612.0,"DIGITA-MUMBAI/ 2,612.0",Medium,No,0.0,0.0,0.0,0.0,[],[],,
20260726_164425_DR VIJAY.pdf,Bank Statement,Receipt,20250711,Suspense,bank of baroda,Suspense,2409.0,"DIGITA-MUMBAI/ 2,409.0",Medium,No,0.0,0.0,0.0,0.0,[],[],,
20260726_164425_DR VIJAY.pdf,Bank Statement,Receipt,20250711,Suspense,bank of baroda,Suspense,719.0,DIGITA-MUMBAI/ 719.00,Medium,No,0.0,0.0,0.0,0.0,[],[],,
20260726_164425_DR VIJAY.pdf,Bank Statement,Receipt,20250711,Suspense,bank of baroda,Suspense,906.0,DIGITA-MUMBAI/ 906.00,Medium,No,0.0,0.0,0.0,0.0,[],[],,
20260726_164425_DR VIJAY.pdf,Bank Statement,Receipt,20250711,Suspense,bank of baroda,Suspense,931.0,DIGITA-MUMBAI/ 931.00,Medium,No,0.0,0.0,0.0,0.0,[],[],,
20260726_164425_DR VIJAY.pdf,Bank Statement,Receipt,20250711,Suspense,bank of baroda,Suspense,335.0,DIGITA-MUMBAI/ 335.00,Medium,No,0.0,0.0,0.0,0.0,[],[],,
20260726_164425_DR VIJAY.pdf,Bank Statement,Receipt,20250711,Suspense,bank of baroda,Suspense,1377.0,"DIGITA-MUMBAI/ 1,377.0",Medium,No,0.0,0.0,0.0,0.0,[],[],,
20260726_164425_DR VIJAY.pdf,Bank Statement,Receipt,20250711,Suspense,bank of baroda,Suspense,777.0,DIGITA-MUMBAI/ 777.00,Medium,No,0.0,0.0,0.0,0.0,[],[],,
20260726_164425_DR VIJAY.pdf,Bank Statement,Receipt,20250711,Suspense,bank of baroda,Suspense,569.0,DIGITA-MUMBAI/ 569.00,Medium,No,0.0,0.0,0.0,0.0,[],[],,
20260726_164425_DR VIJAY.pdf,Bank Statement,Receipt,20250711,Suspense,bank of baroda,Suspense,394.0,DIGITA-MUMBAI/ 394.00,Medium,No,0.0,0.0,0.0,0.0,[],[],,
20260726_164425_DR VIJAY.pdf,Bank Statement,Receipt,20250711,Suspense,bank of baroda,Suspense,2639.0,"DIGITA-MUMBAI/ 2,639.0",Medium,No,0.0,0.0,0.0,0.0,[],[],,
20260726_164425_DR VIJAY.pdf,Bank Statement,Receipt,20250711,Suspense,bank of baroda,Suspense,1244.0,"DIGITA-MUMBAI/ 1,244.0",Medium,No,0.0,0.0,0.0,0.0,[],[],,
20260726_164425_DR VIJAY.pdf,Bank Statement,Receipt,20250711,Suspense,bank of baroda,Suspense,399.0,DIGITA-MUMBAI/ 399.00,Medium,No,0.0,0.0,0.0,0.0,[],[],,
20260726_164425_DR VIJAY.pdf,Bank Statement,Receipt,20250711,Suspense,bank of baroda,Suspense,1657.0,"DIGITA-MUMBAI/ 1,657.0",Medium,No,0.0,0.0,0.0,0.0,[],[],,
20260726_164425_DR VIJAY.pdf,Bank Statement,Receipt,20250711,Suspense,bank of baroda,Suspense,1164.0,"DIGITA-MUMBAI/ 1,164.0",Medium,No,0.0,0.0,0.0,0.0,[],[],,
20260726_164425_DR VIJAY.pdf,Bank Statement,Receipt,20250711,Suspense,bank of baroda,Suspense,990.0,DIGITA-MUMBAI/ 990.00,Medium,No,0.0,0.0,0.0,0.0,[],[],,
20260726_164425_DR VIJAY.pdf,Bank Statement,Receipt,20250711,Suspense,bank of baroda,Suspense,765.0,DIGITA-MUMBAI/ 168.00,Medium,No,0.0,0.0,0.0,0.0,[],[],,
20260726_164425_DR VIJAY.pdf,Bank Statement,Receipt,20250711,Suspense,bank of baroda,Suspense,400.0,DIGITA-MUMBAI/ 400.00,Medium,No,0.0,0.0,0.0,0.0,[],[],,
20260726_164425_DR VIJAY.pdf,Bank Statement,Receipt,20250711,Suspense,bank of baroda,Suspense,2350.0,"DIGITA-MUMBAI/ 2,350.0",Medium,No,0.0,0.0,0.0,0.0,[],[],,
20260726_164425_DR VIJAY.pdf,Bank Statement,Receipt,20250711,Suspense,bank of baroda,Suspense,1505.0,"DIGITA-MUMBAI/ 1,505.0",Medium,No,0.0,0.0,0.0,0.0,[],[],,
20260726_164425_DR VIJAY.pdf,Bank Statement,Receipt,20250711,Suspense,bank of baroda,Suspense,306.0,DIGITA-MUMBAI/ 306.00,Medium,No,0.0,0.0,0.0,0.0,[],[],,
20260726_164425_DR VIJAY.pdf,Bank Statement,Receipt,20250711,Suspense,bank of baroda,Suspense,672.0,DIGITA-MUMBAI/ 672.00,Medium,No,0.0,0.0,0.0,0.0,[],[],,
20260726_164425_DR VIJAY.pdf,Bank Statement,Receipt,20250711,Suspense,bank of baroda,Suspense,477.0,DIGITA-MUMBAI/ 477.00,Medium,No,0.0,0.0,0.0,0.0,[],[],,
20260726_164425_DR VIJAY.pdf,Bank Statement,Receipt,20250711,Suspense,bank of baroda,Suspense,2328.0,"DIGITA-MUMBAI/ 2,328.0",Medium,No,0.0,0.0,0.0,0.0,[],[],,
20260726_164425_DR VIJAY.pdf,Bank Statement,Receipt,20250711,Suspense,bank of baroda,Suspense,584.0,DIGITA-MUMBAI/ 584.00,Medium,No,0.0,0.0,0.0,0.0,[],[],,
20260726_164425_DR VIJAY.pdf,Bank Statement,Receipt,20250711,Suspense,bank of baroda,Suspense,2906.0,"DIGITA-MUMBAI/ 2,906.0",Medium,No,0.0,0.0,0.0,0.0,[],[],,
20260726_164425_DR VIJAY.pdf,Bank Statement,Receipt,20250711,Suspense,bank of baroda,Suspense,2146.0,"DIGITA-MUMBAI/ 2,146.0",Medium,No,0.0,0.0,0.0,0.0,[],[],,
20260726_164425_DR VIJAY.pdf,Bank Statement,Receipt,20250711,Suspense,bank of baroda,Suspense,1002.0,"DIGITA-MUMBAI/ 1,002.0",Medium,No,0.0,0.0,0.0,0.0,[],[],,
20260726_164425_DR VIJAY.pdf,Bank Statement,Receipt,20250711,Suspense,bank of baroda,Suspense,2921.0,"DIGITA-MUMBAI/ 2,921.0",Medium,No,0.0,0.0,0.0,0.0,[],[],,
20260726_164425_DR VIJAY.pdf,Bank Statement,Receipt,20250711,Suspense,bank of baroda,Suspense,384.0,DIGITA-MUMBAI/ 384.00,Medium,No,0.0,0.0,0.0,0.0,[],[],,
20260726_164425_DR VIJAY.pdf,Bank Statement,Receipt,20250711,Suspense,bank of baroda,Suspense,397.0,DIGITA-MUMBAI/ 397.00,Medium,No,0.0,0.0,0.0,0.0,[],[],,
20260726_164425_DR VIJAY.pdf,Bank Statement,Receipt,20250711,Suspense,bank of baroda,Suspense,676.0,DIGITA-MUMBAI/ 676.00,Medium,No,0.0,0.0,0.0,0.0,[],[],,
20260726_164425_DR VIJAY.pdf,Bank Statement,Receipt,20250711,Suspense,bank of baroda,Suspense,1636.0,"DIGITA-MUMBAI/ 1,636.0",Medium,No,0.0,0.0,0.0,0.0,[],[],,
20260726_164425_DR VIJAY.pdf,Bank Statement,Receipt,20250711,Suspense,bank of baroda,Suspense,1571.0,"DIGITA-MUMBAI/ 1,571.0",Medium,No,0.0,0.0,0.0,0.0,[],[],,
20260726_164425_DR VIJAY.pdf,Bank Statement,Receipt,20250711,Suspense,bank of baroda,Suspense,988.0,DIGITA-MUMBAI/ 988.00,Medium,No,0.0,0.0,0.0,0.0,[],[],,
20260726_164425_DR VIJAY.pdf,Bank Statement,Receipt,20250711,Suspense,bank of baroda,Suspense,1471.0,"DIGITA-MUMBAI/ 1,471.0",Medium,No,0.0,0.0,0.0,0.0,[],[],,
20260726_164425_DR VIJAY.pdf,Bank Statement,Receipt,20250711,Suspense,bank of baroda,Suspense,639.0,DIGITA-MUMBAI/ 639.00,Medium,No,0.0,0.0,0.0,0.0,[],[],,
20260726_164425_DR VIJAY.pdf,Bank Statement,Receipt,20250711,Suspense,bank of baroda,Suspense,1078.0,"DIGITA-MUMBAI/ 1,078.0",Medium,No,0.0,0.0,0.0,0.0,[],[],,
20260726_164425_DR VIJAY.pdf,Bank Statement,Receipt,20250711,Suspense,bank of baroda,Suspense,802.0,DIGITA-MUMBAI/ 802.00,Medium,No,0.0,0.0,0.0,0.0,[],[],,
20260726_164425_DR VIJAY.pdf,Bank Statement,Receipt,20250711,Suspense,bank of baroda,Suspense,438.0,DIGITA-MUMBAI/ 438.00,Medium,No,0.0,0.0,0.0,0.0,[],[],,
20260726_164425_DR VIJAY.pdf,Bank Statement,Receipt,20250711,Suspense,bank of baroda,Suspense,207.0,DIGITA-MUMBAI/ 207.00,Medium,No,0.0,0.0,0.0,0.0,[],[],,
20260726_164425_DR VIJAY.pdf,Bank Statement,Receipt,20250711,Suspense,bank of baroda,Suspense,1553.0,"DIGITA-MUMBAI/ 1,553.0",Medium,No,0.0,0.0,0.0,0.0,[],[],,
20260726_164425_DR VIJAY.pdf,Bank Statement,Receipt,20250711,Suspense,bank of baroda,Suspense,312.0,DIGITA-MUMBAI/ 312.00,Medium,No,0.0,0.0,0.0,0.0,[],[],,
20260726_164425_DR VIJAY.pdf,Bank Statement,Receipt,20250711,Suspense,bank of baroda,Suspense,427.0,DIGITA-MUMBAI/ 427.00,Medium,No,0.0,0.0,0.0,0.0,[],[],,
20260726_164425_DR VIJAY.pdf,Bank Statement,Receipt,20250711,Suspense,bank of baroda,Suspense,1035.0,"DIGITA-MUMBAI/ 1,035.0",Medium,No,0.0,0.0,0.0,0.0,[],[],,
20260726_164425_DR VIJAY.pdf,Bank Statement,Receipt,20250711,Suspense,bank of baroda,Suspense,985.0,DIGITA-MUMBAI/ 985.00,Medium,No,0.0,0.0,0.0,0.0,[],[],,
20260726_164425_DR VIJAY.pdf,Bank Statement,Receipt,20250711,Suspense,bank of baroda,Suspense,488.0,DIGITA-MUMBAI/ 488.00,Medium,No,0.0,0.0,0.0,0.0,[],[],,
20260726_164425_DR VIJAY.pdf,Bank Statement,Receipt,20250711,Suspense,bank of baroda,Suspense,2466.0,"DIGITA-MUMBAI/ 2,466.0",Medium,No,0.0,0.0,0.0,0.0,[],[],,
20260726_164425_DR VIJAY.pdf,Bank Statement,Receipt,20250711,Suspense,bank of baroda,Suspense,1092.0,"DIGITA-MUMBAI/ 1,092.0",Medium,No,0.0,0.0,0.0,0.0,[],[],,
20260726_164425_DR VIJAY.pdf,Bank Statement,Receipt,20250711,Suspense,bank of baroda,Suspense,753.0,DIGITA-MUMBAI/ 753.00,Medium,No,0.0,0.0,0.0,0.0,[],[],,
20260726_164425_DR VIJAY.pdf,Bank Statement,Receipt,20250711,Suspense,bank of baroda,Suspense,1001.0,"DIGITA-MUMBAI/ 1,001.0",Medium,No,0.0,0.0,0.0,0.0,[],[],,
20260726_164425_DR VIJAY.pdf,Bank Statement,Receipt,20250711,Suspense,bank of baroda,Suspense,2248.0,"DIGITA-MUMBAI/ 2,248.0",Medium,No,0.0,0.0,0.0,0.0,[],[],,
20260726_164425_DR VIJAY.pdf,Bank Statement,Receipt,20250711,Suspense,bank of baroda,Suspense,1479.0,"DIGITA-MUMBAI/ 1,479.0",Medium,No,0.0,0.0,0.0,0.0,[],[],,
20260726_164425_DR VIJAY.pdf,Bank Statement,Receipt,20250711,Suspense,bank of baroda,Suspense,1570.0,"DIGITA-MUMBAI/ 1,570.0",Medium,No,0.0,0.0,0.0,0.0,[],[],,
20260726_164425_DR VIJAY.pdf,Bank Statement,Receipt,20250711,Suspense,bank of baroda,Suspense,794.0,DIGITA-MUMBAI/ 794.00,Medium,No,0.0,0.0,0.0,0.0,[],[],,
20260726_164425_DR VIJAY.pdf,Bank Statement,Receipt,20250711,Suspense,bank of baroda,Suspense,1903.0,"DIGITA-MUMBAI/ 1,903.0",Medium,No,0.0,0.0,0.0,0.0,[],[],,
20260726_164425_DR VIJAY.pdf,Bank Statement,Receipt,20250711,Suspense,bank of baroda,Suspense,465.0,DIGITA-MUMBAI/ 465.00,Medium,No,0.0,0.0,0.0,0.0,[],[],,
20260726_164425_DR VIJAY.pdf,Bank Statement,Receipt,20250711,Suspense,bank of baroda,Suspense,1275.0,"DIGITA-MUMBAI/ 1,275.0",Medium,No,0.0,0.0,0.0,0.0,[],[],,
20260726_164425_DR VIJAY.pdf,Bank Statement,Receipt,20250711,Suspense,bank of baroda,Suspense,326.0,DIGITA-MUMBAI/ 326.00,Medium,No,0.0,0.0,0.0,0.0,[],[],,
20260726_164425_DR VIJAY.pdf,Bank Statement,Receipt,20250711,Suspense,bank of baroda,Suspense,816.0,DIGITA-MUMBAI/ 816.00,Medium,No,0.0,0.0,0.0,0.0,[],[],,
20260726_164425_DR VIJAY.pdf,Bank Statement,Receipt,20250711,Suspense,bank of baroda,Suspense,429.0,DIGITA-MUMBAI/ 429.00,Medium,No,0.0,0.0,0.0,0.0,[],[],,
20260726_164425_DR VIJAY.pdf,Bank Statement,Receipt,20250711,Suspense,bank of baroda,Suspense,502.0,DIGITA-MUMBAI/ 502.00,Medium,No,0.0,0.0,0.0,0.0,[],[],,
20260726_164425_DR VIJAY.pdf,Bank Statement,Receipt,20250711,Suspense,bank of baroda,Suspense,2501.0,"DIGITA-MUMBAI/ 1,385.0",Medium,No,0.0,0.0,0.0,0.0,[],[],,
20260726_164425_DR VIJAY.pdf,Bank Statement,Receipt,20250711,Suspense,bank of baroda,Suspense,500.0,DIGITA-MUMBAI/ 500.00,Medium,No,0.0,0.0,0.0,0.0,[],[],,
20260726_164425_DR VIJAY.pdf,Bank Statement,Receipt,20250711,Suspense,bank of baroda,Suspense,683.0,DIGITA-MUMBAI/ 683.00,Medium,No,0.0,0.0,0.0,0.0,[],[],,
20260726_164425_DR VIJAY.pdf,Bank Statement,Receipt,20250711,Suspense,bank of baroda,Suspense,2591.0,"DIGITA-MUMBAI/ 2,591.0",Medium,No,0.0,0.0,0.0,0.0,[],[],,
20260726_164425_DR VIJAY.pdf,Bank Statement,Receipt,20250711,Suspense,bank of baroda,Suspense,171.0,DIGITA-MUMBAI/ 171.00,Medium,No,0.0,0.0,0.0,0.0,[],[],,
20260726_164425_DR VIJAY.pdf,Bank Statement,Receipt,20250711,Suspense,bank of baroda,Suspense,672.0,DIGITA-MUMBAI/ 672.00,Medium,No,0.0,0.0,0.0,0.0,[],[],,
20260726_164425_DR VIJAY.pdf,Bank Statement,Receipt,20250711,Suspense,bank of baroda,Suspense,1284.0,"DIGITA-MUMBAI/ 1,284.0",Medium,No,0.0,0.0,0.0,0.0,[],[],,
20260726_164425_DR VIJAY.pdf,Bank Statement,Receipt,20250711,Suspense,bank of baroda,Suspense,168.0,DIGITA-MUMBAI/ 168.00,Medium,No,0.0,0.0,0.0,0.0,[],[],,
20260726_164425_DR VIJAY.pdf,Bank Statement,Receipt,20250711,Suspense,bank of baroda,Suspense,619.0,DIGITA-MUMBAI/ 619.00,Medium,No,0.0,0.0,0.0,0.0,[],[],,
20260726_164425_DR VIJAY.pdf,Bank Statement,Receipt,20250711,Suspense,bank of baroda,Suspense,291.0,DIGITA-MUMBAI/ 291.00,Medium,No,0.0,0.0,0.0,0.0,[],[],,
20260726_164425_DR VIJAY.pdf,Bank Statement,Receipt,20250711,Suspense,bank of baroda,Suspense,1446.0,"DIGITA-MUMBAI/ 1,446.0",Medium,No,0.0,0.0,0.0,0.0,[],[],,
20260726_164425_DR VIJAY.pdf,Bank Statement,Receipt,20250711,Suspense,bank of baroda,Suspense,1686.0,"DIGITA-MUMBAI/ 1,686.0",Medium,No,0.0,0.0,0.0,0.0,[],[],,
20260726_164425_DR VIJAY.pdf,Bank Statement,Receipt,20250711,Suspense,bank of baroda,Suspense,1058.0,"DIGITA-MUMBAI/ 1,058.0",Medium,No,0.0,0.0,0.0,0.0,[],[],,
20260726_164425_DR VIJAY.pdf,Bank Statement,Receipt,20250711,Suspense,bank of baroda,Suspense,1204.0,"DIGITA-MUMBAI/ 1,204.0",Medium,No,0.0,0.0,0.0,0.0,[],[],,
20260726_164425_DR VIJAY.pdf,Bank Statement,Receipt,20250711,Suspense,bank of baroda,Suspense,2446.0,"DIGITA-MUMBAI/ 2,446.0",Medium,No,0.0,0.0,0.0,0.0,[],[],,
20260726_164425_DR VIJAY.pdf,Bank Statement,Receipt,20250711,Suspense,bank of baroda,Suspense,1312.0,"DIGITA-MUMBAI/ 1,312.0",Medium,No,0.0,0.0,0.0,0.0,[],[],,
20260726_164425_DR VIJAY.pdf,Bank Statement,Receipt,20250711,Suspense,bank of baroda,Suspense,1834.0,"DIGITA-MUMBAI/ 1,834.0",Medium,No,0.0,0.0,0.0,0.0,[],[],,
20260726_164425_DR VIJAY.pdf,Bank Statement,Receipt,20250711,Suspense,bank of baroda,Suspense,2414.0,"DIGITA-MUMBAI/ 2,414.0",Medium,No,0.0,0.0,0.0,0.0,[],[],,
20260726_164425_DR VIJAY.pdf,Bank Statement,Receipt,20250711,Suspense,bank of baroda,Suspense,271.0,DIGITA-MUMBAI/ 271.00,Medium,No,0.0,0.0,0.0,0.0,[],[],,
20260726_164425_DR VIJAY.pdf,Bank Statement,Receipt,20250711,Suspense,bank of baroda,Suspense,2496.0,"DIGITA-MUMBAI/ 2,496.0",Medium,No,0.0,0.0,0.0,0.0,[],[],,
20260726_164425_DR VIJAY.pdf,Bank Statement,Receipt,20250711,Suspense,bank of baroda,Suspense,1291.0,"DIGITA-MUMBAI/ 1,291.0",Medium,No,0.0,0.0,0.0,0.0,[],[],,
20260726_164425_DR VIJAY.pdf,Bank Statement,Receipt,20250711,Suspense,bank of baroda,Suspense,2627.0,"DIGITA-MUMBAI/ 2,627.0",Medium,No,0.0,0.0,0.0,0.0,[],[],,
20260726_164425_DR VIJAY.pdf,Bank Statement,Receipt,20250711,Suspense,bank of baroda,Suspense,799.0,DIGITA-MUMBAI/ 799.00,Medium,No,0.0,0.0,0.0,0.0,[],[],,
20260726_164425_DR VIJAY.pdf,Bank Statement,Receipt,20250711,Suspense,bank of baroda,Suspense,802.0,DIGITA-MUMBAI/ 802.00,Medium,No,0.0,0.0,0.0,0.0,[],[],,
20260726_164425_DR VIJAY.pdf,Bank Statement,Receipt,20250711,Suspense,bank of baroda,Suspense,913.0,DIGITA-MUMBAI/ 913.00,Medium,No,0.0,0.0,0.0,0.0,[],[],,
20260726_164425_DR VIJAY.pdf,Bank Statement,Receipt,20250711,Suspense,bank of baroda,Suspense,702.0,DIGITA-MUMBAI/ 702.00,Medium,No,0.0,0.0,0.0,0.0,[],[],,
20260726_164425_DR VIJAY.pdf,Bank Statement,Receipt,20250711,Suspense,bank of baroda,Suspense,465.0,DIGITA-MUMBAI/ 465.00,Medium,No,0.0,0.0,0.0,0.0,[],[],,
20260726_164425_DR VIJAY.pdf,Bank Statement,Receipt,20250711,Suspense,bank of baroda,Suspense,884.0,DIGITA-MUMBAI/ 884.00,Medium,No,0.0,0.0,0.0,0.0,[],[],,
20260726_164425_DR VIJAY.pdf,Bank Statement,Receipt,20250711,Suspense,bank of baroda,Suspense,1215.0,"DIGITA-MUMBAI/ 1,215.0",Medium,No,0.0,0.0,0.0,0.0,[],[],,
20260726_164425_DR VIJAY.pdf,Bank Statement,Receipt,20250711,Suspense,bank of baroda,Suspense,815.0,DIGITA-MUMBAI/ 815.00,Medium,No,0.0,0.0,0.0,0.0,[],[],,
20260726_164425_DR VIJAY.pdf,Bank Statement,Receipt,20250711,Suspense,bank of baroda,Suspense,2827.0,"DIGITA-MUMBAI/ 2,827.0",Medium,No,0.0,0.0,0.0,0.0,[],[],,
20260726_164425_DR VIJAY.pdf,Bank Statement,Payment,20250712,Suspense,Suspense,bank of baroda,15000.0,"IMPS/P2A/51931 15,000.",Medium,No,0.0,0.0,0.0,0.0,[],[],,
20260726_164425_DR VIJAY.pdf,Bank Statement,Payment,20250712,Suspense,Suspense,bank of baroda,5.9,"CHARGES FOR 5.90 9,",Medium,No,0.0,0.0,0.0,0.0,[],[],,
20260726_164425_DR VIJAY.pdf,Bank Statement,Payment,20250714,Suspense,Suspense,bank of baroda,12000.0,"IMPS/P2A/51951 12,000.",Medium,No,0.0,0.0,0.0,0.0,[],[],,
20260726_164425_DR VIJAY.pdf,Bank Statement,Payment,20250714,Suspense,Suspense,bank of baroda,5.9,"CHARGES FOR 5.90 9,",Medium,No,0.0,0.0,0.0,0.0,[],[],,
20260726_164425_DR VIJAY.pdf,Bank Statement,Payment,20250714,Suspense,Suspense,bank of baroda,150000.0,"SANJAY GEHLOT 395 1,50,00",Medium,No,0.0,0.0,0.0,0.0,[],[],,
20260726_164425_DR VIJAY.pdf,Bank Statement,Payment,20250714,Suspense,Suspense,bank of baroda,295.0,Cheque Book 295.00,Medium,No,0.0,0.0,0.0,0.0,[],[],,
20260726_164425_DR VIJAY.pdf,Bank Statement,Payment,20250714,Suspense,Suspense,bank of baroda,8000.0,"IMPS/P2A/51951 8,000.0",Medium,No,0.0,0.0,0.0,0.0,[],[],,
20260726_164425_DR VIJAY.pdf,Bank Statement,Payment,20250714,Suspense,Suspense,bank of baroda,5.9,"CHARGES FOR 5.90 8,",Medium,No,0.0,0.0,0.0,0.0,[],[],,
20260726_164425_DR VIJAY.pdf,Bank Statement,Payment,20250714,Suspense,Suspense,bank of baroda,10000.0,"VAISHA-AJMER/V 389 10,000.",Medium,No,0.0,0.0,0.0,0.0,[],[],,
20260726_164425_DR VIJAY.pdf,Bank Statement,Payment,20250715,Suspense,Suspense,bank of baroda,50000.0,"SERJAI-JAIPUR/ 393 50,000.",Medium,No,0.0,0.0,0.0,0.0,[],[],,
20260726_164425_DR VIJAY.pdf,Bank Statement,Payment,20250715,Suspense,Suspense,bank of baroda,20000.0,"SERJAI-JAIPUR/ 391 20,000.",Medium,No,0.0,0.0,0.0,0.0,[],[],,
20260726_164425_DR VIJAY.pdf,Bank Statement,Payment,20250715,Suspense,Suspense,bank of baroda,20000.0,"SERJAI-JAIPUR/ 394 20,000.",Medium,No,0.0,0.0,0.0,0.0,[],[],,
20260726_164425_DR VIJAY.pdf,Bank Statement,Payment,20250715,Suspense,Suspense,bank of baroda,15000.0,"SERJAI-JAIPUR/ 387 15,000.",Medium,No,0.0,0.0,0.0,0.0,[],[],,
20260726_164425_DR VIJAY.pdf,Bank Statement,Payment,20250716,Suspense,Suspense,bank of baroda,26351.0,"SERJAI-JAIPUR/ 390 26,351.",Medium,No,0.0,0.0,0.0,0.0,[],[],,
20260726_164425_DR VIJAY.pdf,Bank Statement,Payment,20250716,Suspense,Suspense,bank of baroda,35000.0,"SERJAI-JAIPUR/ 392 35,000.",Medium,No,0.0,0.0,0.0,0.0,[],[],,
20260726_164425_DR VIJAY.pdf,Bank Statement,Payment,20250716,Suspense,Suspense,bank of baroda,12000.0,"SERJAI-JAIPUR/ 396 12,000.",Medium,No,0.0,0.0,0.0,0.0,[],[],,
20260726_164425_DR VIJAY.pdf,Bank Statement,Payment,20250716,Suspense,Suspense,bank of baroda,20000.0,"IMPS/P2A/51971 20,000.",Medium,No,0.0,0.0,0.0,0.0,[],[],,
20260726_164425_DR VIJAY.pdf,Bank Statement,Payment,20250716,Suspense,Suspense,bank of baroda,5.9,"CHARGES FOR 5.90 5,",Medium,No,0.0,0.0,0.0,0.0,[],[],,
20260726_164425_DR VIJAY.pdf,Bank Statement,Payment,20250717,Suspense,Suspense,bank of baroda,20000.0,"SERJAI-JAIPUR/ 397 20,000.",Medium,No,0.0,0.0,0.0,0.0,[],[],,
20260726_164425_DR VIJAY.pdf,Bank Statement,Payment,20250717,Suspense,Suspense,bank of baroda,200000.0,"IMPS/P2A/51982 2,00,00",Medium,No,0.0,0.0,0.0,0.0,[],[],,
20260726_164425_DR VIJAY.pdf,Bank Statement,Payment,20250717,Suspense,Suspense,bank of baroda,17.7,CHARGES FOR 17.70 3,Medium,No,0.0,0.0,0.0,0.0,[],[],,
20260726_164425_DR VIJAY.pdf,Bank Statement,Payment,20250718,Suspense,Suspense,bank of baroda,35000.0,"SERJAI-JAIPUR/ 398 35,000.",Medium,No,0.0,0.0,0.0,0.0,[],[],,
20260726_164425_DR VIJAY.pdf,Bank Statement,Payment,20250718,Suspense,Suspense,bank of baroda,50000.0,"MBK/5199102870 10287035 50,000.",Medium,No,0.0,0.0,0.0,0.0,[],[],,
20260726_164425_DR VIJAY.pdf,Bank Statement,Payment,20250719,Suspense,Suspense,bank of baroda,20000.0,"SERJAI-JAIPUR/ 399 20,000.",Medium,No,0.0,0.0,0.0,0.0,[],[],,
20260726_164425_DR VIJAY.pdf,Bank Statement,Payment,20250719,Suspense,Suspense,bank of baroda,25000.0,"IMPS/P2A/52001 25,000.",Medium,No,0.0,0.0,0.0,0.0,[],[],,
20260726_164425_DR VIJAY.pdf,Bank Statement,Payment,20250719,Suspense,Suspense,bank of baroda,5.9,"CHARGES FOR 5.90 2,",Medium,No,0.0,0.0,0.0,0.0,[],[],,
20260726_164425_DR VIJAY.pdf,Bank Statement,Payment,20250719,Suspense,Suspense,bank of baroda,10000.0,"IMPS/P2A/52001 10,000.",Medium,No,0.0,0.0,0.0,0.0,[],[],,
20260726_164425_DR VIJAY.pdf,Bank Statement,Payment,20250719,Suspense,Suspense,bank of baroda,5.9,"CHARGES FOR 5.90 2,",Medium,No,0.0,0.0,0.0,0.0,[],[],,
20260726_164425_DR VIJAY.pdf,Bank Statement,Payment,20250721,Suspense,Suspense,bank of baroda,11244.0,"SERJAI-JAIPUR/ 400 11,244.",Medium,No,0.0,0.0,0.0,0.0,[],[],,
20260726_164425_DR VIJAY.pdf,Bank Statement,Payment,20250722,Suspense,Suspense,bank of baroda,60000.0,"IMPS/P2A/52031 60,000.",Medium,No,0.0,0.0,0.0,0.0,[],[],,
20260726_164425_DR VIJAY.pdf,Bank Statement,Payment,20250722,Suspense,Suspense,bank of baroda,8.85,"CHARGES FOR 8.85 1,",Medium,No,0.0,0.0,0.0,0.0,[],[],,
20260726_164425_DR VIJAY.pdf,Bank Statement,Payment,20250724,Suspense,Suspense,bank of baroda,30000.0,"SERJAI-JAIPUR/ 402 20,000.",Medium,No,0.0,0.0,0.0,0.0,[],[],,
20260726_164425_DR VIJAY.pdf,Bank Statement,Payment,20250725,Suspense,Suspense,bank of baroda,3.78,"SMS Charges 3.78 1,",Medium,No,0.0,0.0,0.0,0.0,[],[],,
20260726_164425_DR VIJAY.pdf,Bank Statement,Payment,20250725,Suspense,Suspense,bank of baroda,15000.0,"SERJAI-JAIPUR/ 403 15,000.",Medium,No,0.0,0.0,0.0,0.0,[],[],,
20260726_164425_DR VIJAY.pdf,Bank Statement,Payment,20250725,Suspense,Suspense,bank of baroda,20000.0,"SERJAI-JAIPUR/ 404 20,000.",Medium,No,0.0,0.0,0.0,0.0,[],[],,
20260726_164425_DR VIJAY.pdf,Bank Statement,Payment,20250728,Suspense,Suspense,bank of baroda,20000.0,"SERJAI-JAIPUR/ 405 20,000.",Medium,No,0.0,0.0,0.0,0.0,[],[],,
20260726_164425_DR VIJAY.pdf,Bank Statement,Payment,20250729,Suspense,Suspense,bank of baroda,30000.0,"SERJAI-JAIPUR/ 407 30,000.",Medium,No,0.0,0.0,0.0,0.0,[],[],,
20260726_164425_DR VIJAY.pdf,Bank Statement,Payment,20250729,Suspense,Suspense,bank of baroda,15000.0,"SERJAI-JAIPUR/ 406 15,000.",Medium,No,0.0,0.0,0.0,0.0,[],[],,
20260726_164425_DR VIJAY.pdf,Bank Statement,Payment,20250730,Suspense,Suspense,bank of baroda,15000.0,"SERJAI-JAIPUR/ 408 15,000.",Medium,No,0.0,0.0,0.0,0.0,[],[],,
20260726_164425_DR VIJAY.pdf,Bank Statement,Payment,20250807,Suspense,Suspense,bank of baroda,14000.0,"IMPS/P2A/52191 14,000.",Medium,No,0.0,0.0,0.0,0.0,[],[],,
20260726_164425_DR VIJAY.pdf,Bank Statement,Payment,20250807,Suspense,Suspense,bank of baroda,5.9,"CHARGES FOR 5.90 1,",Medium,No,0.0,0.0,0.0,0.0,[],[],,
20260726_164425_DR VIJAY.pdf,Bank Statement,Receipt,20250808,Suspense,bank of baroda,Suspense,127998.0,"DIGITA-MUMBAI/ 1,27,99",Medium,No,0.0,0.0,0.0,0.0,[],[],,
20260726_164425_DR VIJAY.pdf,Bank Statement,Payment,20250809,Suspense,Suspense,bank of baroda,50000.0,"IMPS/P2A/52212 50,000.",Medium,No,0.0,0.0,0.0,0.0,[],[],,
20260726_164425_DR VIJAY.pdf,Bank Statement,Payment,20250809,Suspense,Suspense,bank of baroda,8.85,CHARGES FOR 8.85 79,Medium,No,0.0,0.0,0.0,0.0,[],[],,
20260726_164425_DR VIJAY.pdf,Bank Statement,Payment,20250811,Suspense,Suspense,bank of baroda,32000.0,"MBK/5223883294 88329418 32,000.",Medium,No,0.0,0.0,0.0,0.0,[],[],,
20260726_164425_DR VIJAY.pdf,Bank Statement,Payment,20250812,Suspense,Suspense,bank of baroda,12000.0,"MBK/5224969074 96907437 12,000.",Medium,No,0.0,0.0,0.0,0.0,[],[],,
20260726_164425_DR VIJAY.pdf,Bank Statement,Payment,20250812,Suspense,Suspense,bank of baroda,10000.0,"MBK/5224977100 97710094 10,000.",Medium,No,0.0,0.0,0.0,0.0,[],[],,
20260726_164425_DR VIJAY.pdf,Bank Statement,Payment,20250815,Suspense,Suspense,bank of baroda,19000.0,"IMPS/P2A/52271 19,000.",Medium,No,0.0,0.0,0.0,0.0,[],[],,
20260726_164425_DR VIJAY.pdf,Bank Statement,Payment,20250815,Suspense,Suspense,bank of baroda,5.9,"CHARGES FOR 5.90 6,",Medium,No,0.0,0.0,0.0,0.0,[],[],,
20260726_164425_DR VIJAY.pdf,Bank Statement,Payment,20250828,Suspense,Suspense,bank of baroda,6.37,"SMS Charges 6.37 6,",Medium,No,0.0,0.0,0.0,0.0,[],[],,
20260726_164425_DR VIJAY.pdf,Bank Statement,Payment,20250830,Suspense,Suspense,bank of baroda,3000.0,"MBK/5242894102 89410283 3,000.0",Medium,No,0.0,0.0,0.0,0.0,[],[],,
20260726_164425_DR VIJAY.pdf,Bank Statement,Payment,20250902,Suspense,Suspense,bank of baroda,3000.0,"IMPS/P2A/52451 3,000.0",Medium,No,0.0,0.0,0.0,0.0,[],[],,
20260726_164425_DR VIJAY.pdf,Bank Statement,Payment,20250902,Suspense,Suspense,bank of baroda,5.9,CHARGES FOR 5.90 93,Medium,No,0.0,0.0,0.0,0.0,[],[],,
20260726_164425_DR VIJAY.pdf,Bank Statement,Payment,20250903,Suspense,Suspense,bank of baroda,500.0,IMPS/P2A/52461 500.00,Medium,No,0.0,0.0,0.0,0.0,[],[],,
20260726_164425_DR VIJAY.pdf,Bank Statement,Payment,20250903,Suspense,Suspense,bank of baroda,2.95,CHARGES FOR 2.95 43,Medium,No,0.0,0.0,0.0,0.0,[],[],,
20260726_164425_DR VIJAY.pdf,Bank Statement,Receipt,20250905,Suspense,bank of baroda,Suspense,130880.0,"DIGITA-MUMBAI/ 1,30,88",Medium,No,0.0,0.0,0.0,0.0,[],[],,
20260726_164425_DR VIJAY.pdf,Bank Statement,Payment,20250905,Suspense,Suspense,bank of baroda,50000.0,"MBK/5248608796 60879642 50,000.",Medium,No,0.0,0.0,0.0,0.0,[],[],,
20260726_164425_DR VIJAY.pdf,Bank Statement,Payment,20250905,Suspense,Suspense,bank of baroda,16000.0,"IMPS/P2A/52481 16,000.",Medium,No,0.0,0.0,0.0,0.0,[],[],,
20260726_164425_DR VIJAY.pdf,Bank Statement,Payment,20250905,Suspense,Suspense,bank of baroda,5.9,CHARGES FOR 5.90 65,Medium,No,0.0,0.0,0.0,0.0,[],[],,
20260726_164425_DR VIJAY.pdf,Bank Statement,Payment,20250909,Suspense,Suspense,bank of baroda,45000.0,"IMPS/P2A/52521 45,000.",Medium,No,0.0,0.0,0.0,0.0,[],[],,
20260726_164425_DR VIJAY.pdf,Bank Statement,Payment,20250909,Suspense,Suspense,bank of baroda,8.85,CHARGES FOR 8.85 20,Medium,No,0.0,0.0,0.0,0.0,[],[],,
20260726_164425_DR VIJAY.pdf,Bank Statement,Payment,20250910,Suspense,Suspense,bank of baroda,20000.0,"IMPS/P2A/52531 20,000.",Medium,No,0.0,0.0,0.0,0.0,[],[],,
20260726_164425_DR VIJAY.pdf,Bank Statement,Payment,20250910,Suspense,Suspense,bank of baroda,5.9,CHARGES FOR 5.90 29,Medium,No,0.0,0.0,0.0,0.0,[],[],,
20260726_164425_DR VIJAY.pdf,Bank Statement,Receipt,20250915,Suspense,bank of baroda,Suspense,500000.0,"RTGS-HDFCR5202 5,00,00",Medium,No,0.0,0.0,0.0,0.0,[],[],,
20260726_164425_DR VIJAY.pdf,Bank Statement,Payment,20250915,Suspense,Suspense,bank of baroda,50000.0,"IMPS/P2A/52581 50,000.",Medium,No,0.0,0.0,0.0,0.0,[],[],,
20260726_164425_DR VIJAY.pdf,Bank Statement,Payment,20250915,Suspense,Suspense,bank of baroda,8.85,"CHARGES FOR 8.85 4,",Medium,No,0.0,0.0,0.0,0.0,[],[],,
20260726_164425_DR VIJAY.pdf,Bank Statement,Payment,20250915,Suspense,Suspense,bank of baroda,450000.0,"TO 409 4,50,00",Medium,No,0.0,0.0,0.0,0.0,[],[],,
20260726_164425_DR VIJAY.pdf,Bank Statement,Receipt,20250916,Suspense,bank of baroda,Suspense,500000.0,"RTGS-KKBKR5202 5,00,00",Medium,No,0.0,0.0,0.0,0.0,[],[],,
20260726_164425_DR VIJAY.pdf,Bank Statement,Receipt,20250916,Suspense,bank of baroda,Suspense,50000.0,"DIGITA-MUMBAI/ 50,000.",Medium,No,0.0,0.0,0.0,0.0,[],[],,
20260726_164425_DR VIJAY.pdf,Bank Statement,Payment,20250916,Suspense,Suspense,bank of baroda,546997.12,"Cr to Xfer Ac 5,46,99",Medium,No,0.0,0.0,0.0,0.0,[],[],,
20260726_164425_DR VIJAY.pdf,Bank Statement,Payment,20250916,Suspense,Suspense,bank of baroda,3000.0,"IMPS/P2A/52591 3,000.0",Medium,No,0.0,0.0,0.0,0.0,[],[],,
20260726_164425_DR VIJAY.pdf,Bank Statement,Payment,20250916,Suspense,Suspense,bank of baroda,5.9,CHARGES FOR 5.90 28,Medium,No,0.0,0.0,0.0,0.0,[],[],,
20260726_164425_DR VIJAY.pdf,Bank Statement,Payment,20250918,Suspense,Suspense,bank of baroda,280.82,0000-MUMBAI/LE 280.82,Medium,No,0.0,0.0,0.0,0.0,[],[],,
20260726_164425_DR VIJAY.pdf,Bank Statement,Receipt,20250924,Suspense,bank of baroda,Suspense,500000.0,"TO TRANSFER 5,00,00",Medium,No,0.0,0.0,0.0,0.0,[],[],,
20260726_164425_DR VIJAY.pdf,Bank Statement,Payment,20250924,Suspense,Suspense,bank of baroda,60000.0,"IMPS/P2A/52671 60,000.",Medium,No,0.0,0.0,0.0,0.0,[],[],,
20260726_164425_DR VIJAY.pdf,Bank Statement,Payment,20250924,Suspense,Suspense,bank of baroda,8.85,"CHARGES FOR 8.85 4,",Medium,No,0.0,0.0,0.0,0.0,[],[],,
20260726_164425_DR VIJAY.pdf,Bank Statement,Receipt,20250926,Suspense,bank of baroda,Suspense,1050000.0,"DR VIJAY ENT 10,50,0",Medium,No,0.0,0.0,0.0,0.0,[],[],,
20260726_164425_DR VIJAY.pdf,Bank Statement,Payment,20250926,Suspense,Suspense,bank of baroda,58.0,Charges for 58.00 1,Medium,No,0.0,0.0,0.0,0.0,[],[],,
20260726_164425_DR VIJAY.pdf,Bank Statement,Payment,20250926,Suspense,Suspense,bank of baroda,550000.0,"RTGS-BARBR5202 424 5,50,00",Medium,No,0.0,0.0,0.0,0.0,[],[],,
20260726_164425_DR VIJAY.pdf,Bank Statement,Payment,20250926,Suspense,Suspense,bank of baroda,29.0,Charges for 29.00 9,Medium,No,0.0,0.0,0.0,0.0,[],[],,
20260726_164425_DR VIJAY.pdf,Bank Statement,Payment,20250926,Suspense,Suspense,bank of baroda,500000.0,"RTGS-BARBR5202 422 5,00,00",Medium,No,0.0,0.0,0.0,0.0,[],[],,
20260726_164425_DR VIJAY.pdf,Bank Statement,Payment,20250928,Suspense,Suspense,bank of baroda,1931.68,"LEDGER FOLIO 1,931.6",Medium,No,0.0,0.0,0.0,0.0,[],[],,
20260726_164425_DR VIJAY.pdf,Bank Statement,Payment,20250929,Suspense,Suspense,bank of baroda,13049.0,"RAIAJM-AJMER/G 418 13,049.",Medium,No,0.0,0.0,0.0,0.0,[],[],,
20260726_164425_DR VIJAY.pdf,Bank Statement,Payment,20250929,Suspense,Suspense,bank of baroda,15000.0,"SERJAI-JAIPUR/ 414 15,000.",Medium,No,0.0,0.0,0.0,0.0,[],[],,
20260726_164425_DR VIJAY.pdf,Bank Statement,Payment,20250929,Suspense,Suspense,bank of baroda,25000.0,"SERJAI-JAIPUR/ 412 25,000.",Medium,No,0.0,0.0,0.0,0.0,[],[],,
20260726_164425_DR VIJAY.pdf,Bank Statement,Payment,20250930,Suspense,Suspense,bank of baroda,15000.0,"SERJAI-JAIPUR/ 420 15,000.",Medium,No,0.0,0.0,0.0,0.0,[],[],,
20260726_164425_DR VIJAY.pdf,Bank Statement,Payment,20250930,Suspense,Suspense,bank of baroda,20000.0,"SERJAI-JAIPUR/ 419 20,000.",Medium,No,0.0,0.0,0.0,0.0,[],[],,
20260726_164425_DR VIJAY.pdf,Bank Statement,Payment,20250930,Suspense,Suspense,bank of baroda,20033.0,"SERJAI-JAIPUR/ 415 20,033.",Medium,No,0.0,0.0,0.0,0.0,[],[],,
20260726_164425_DR VIJAY.pdf,Bank Statement,Payment,20251003,Suspense,Suspense,bank of baroda,15000.0,"SERJAI-JAIPUR/ 428 15,000.",Medium,No,0.0,0.0,0.0,0.0,[],[],,
20260726_164425_DR VIJAY.pdf,Bank Statement,Payment,20251003,Suspense,Suspense,bank of baroda,25974.0,"SERJAI-JAIPUR/ 417 25,974.",Medium,No,0.0,0.0,0.0,0.0,[],[],,
20260726_164425_DR VIJAY.pdf,Bank Statement,Payment,20251003,Suspense,Suspense,bank of baroda,20000.0,"SERJAI-JAIPUR/ 425 20,000.",Medium,No,0.0,0.0,0.0,0.0,[],[],,
20260726_164425_DR VIJAY.pdf,Bank Statement,Payment,20251003,Suspense,Suspense,bank of baroda,10000.0,"IMPS/P2A/52761 10,000.",Medium,No,0.0,0.0,0.0,0.0,[],[],,
20260726_164425_DR VIJAY.pdf,Bank Statement,Payment,20251003,Suspense,Suspense,bank of baroda,5.9,"CHARGES FOR 5.90 2,",Medium,No,0.0,0.0,0.0,0.0,[],[],,
20260726_164425_DR VIJAY.pdf,Bank Statement,Payment,20251003,Suspense,Suspense,bank of baroda,295.0,SERLUC-LUCKNOW 295.00,Medium,No,0.0,0.0,0.0,0.0,[],[],,
20260726_164425_DR VIJAY.pdf,Bank Statement,Payment,20251004,Suspense,Suspense,bank of baroda,25000.0,"SERJAI-JAIPUR/ 429 25,000.",Medium,No,0.0,0.0,0.0,0.0,[],[],,
20260726_164425_DR VIJAY.pdf,Bank Statement,Payment,20251005,Suspense,Suspense,bank of baroda,18000.0,"IMPS/P2A/52781 18,000.",Medium,No,0.0,0.0,0.0,0.0,[],[],,
20260726_164425_DR VIJAY.pdf,Bank Statement,Payment,20251005,Suspense,Suspense,bank of baroda,5.9,"CHARGES FOR 5.90 2,",Medium,No,0.0,0.0,0.0,0.0,[],[],,
20260726_164425_DR VIJAY.pdf,Bank Statement,Payment,20251005,Suspense,Suspense,bank of baroda,20000.0,"IMPS/P2A/52781 20,000.",Medium,No,0.0,0.0,0.0,0.0,[],[],,
20260726_164425_DR VIJAY.pdf,Bank Statement,Payment,20251005,Suspense,Suspense,bank of baroda,5.9,"CHARGES FOR 5.90 1,",Medium,No,0.0,0.0,0.0,0.0,[],[],,
20260726_164425_DR VIJAY.pdf,Bank Statement,Payment,20251006,Suspense,Suspense,bank of baroda,5000.0,"IMPS/P2A/52790 5,000.0",Medium,No,0.0,0.0,0.0,0.0,[],[],,
20260726_164425_DR VIJAY.pdf,Bank Statement,Payment,20251006,Suspense,Suspense,bank of baroda,5.9,"CHARGES FOR 5.90 1,",Medium,No,0.0,0.0,0.0,0.0,[],[],,
20260726_164425_DR VIJAY.pdf,Bank Statement,Payment,20251009,Suspense,Suspense,bank of baroda,70000.0,"IMPS/P2A/52821 70,000.",Medium,No,0.0,0.0,0.0,0.0,[],[],,
20260726_164425_DR VIJAY.pdf,Bank Statement,Payment,20251009,Suspense,Suspense,bank of baroda,17.7,CHARGES FOR 17.70 1,Medium,No,0.0,0.0,0.0,0.0,[],[],,
20260726_164425_DR VIJAY.pdf,Bank Statement,Payment,20251010,Suspense,Suspense,bank of baroda,20000.0,"SERJAI-JAIPUR/ 430 20,000.",Medium,No,0.0,0.0,0.0,0.0,[],[],,
20260726_164425_DR VIJAY.pdf,Bank Statement,Payment,20251011,Suspense,Suspense,bank of baroda,35000.0,"IMPS/P2A/52841 35,000.",Medium,No,0.0,0.0,0.0,0.0,[],[],,
20260726_164425_DR VIJAY.pdf,Bank Statement,Payment,20251011,Suspense,Suspense,bank of baroda,17.7,CHARGES FOR 17.70 6,Medium,No,0.0,0.0,0.0,0.0,[],[],,
20260726_164425_DR VIJAY.pdf,Bank Statement,Payment,20251012,Suspense,Suspense,bank of baroda,20000.0,"IMPS/P2A/52851 20,000.",Medium,No,0.0,0.0,0.0,0.0,[],[],,
20260726_164425_DR VIJAY.pdf,Bank Statement,Payment,20251012,Suspense,Suspense,bank of baroda,5.9,CHARGES FOR 5.90 45,Medium,No,0.0,0.0,0.0,0.0,[],[],,
20260726_164425_DR VIJAY.pdf,Bank Statement,Receipt,20251015,Suspense,bank of baroda,Suspense,126137.0,"DIGITA-MUMBAI/ 1,26,13",Medium,No,0.0,0.0,0.0,0.0,[],[],,
20260726_164425_DR VIJAY.pdf,Bank Statement,Receipt,20251015,Suspense,bank of baroda,Suspense,822.0,DIGITA-MUMBAI/ 822.00,Medium,No,0.0,0.0,0.0,0.0,[],[],,
20260726_164425_DR VIJAY.pdf,Bank Statement,Receipt,20251015,Suspense,bank of baroda,Suspense,2156.0,"DIGITA-MUMBAI/ 2,156.0",Medium,No,0.0,0.0,0.0,0.0,[],[],,
20260726_164425_DR VIJAY.pdf,Bank Statement,Receipt,20251015,Suspense,bank of baroda,Suspense,901.0,DIGITA-MUMBAI/ 901.00,Medium,No,0.0,0.0,0.0,0.0,[],[],,
20260726_164425_DR VIJAY.pdf,Bank Statement,Receipt,20251015,Suspense,bank of baroda,Suspense,583.0,DIGITA-MUMBAI/ 583.00,Medium,No,0.0,0.0,0.0,0.0,[],[],,
20260726_164425_DR VIJAY.pdf,Bank Statement,Receipt,20251015,Suspense,bank of baroda,Suspense,1559.0,"DIGITA-MUMBAI/ 1,559.0",Medium,No,0.0,0.0,0.0,0.0,[],[],,
20260726_164425_DR VIJAY.pdf,Bank Statement,Receipt,20251015,Suspense,bank of baroda,Suspense,927.0,DIGITA-MUMBAI/ 927.00,Medium,No,0.0,0.0,0.0,0.0,[],[],,
20260726_164425_DR VIJAY.pdf,Bank Statement,Receipt,20251015,Suspense,bank of baroda,Suspense,2217.0,"DIGITA-MUMBAI/ 2,217.0",Medium,No,0.0,0.0,0.0,0.0,[],[],,
20260726_164425_DR VIJAY.pdf,Bank Statement,Receipt,20251015,Suspense,bank of baroda,Suspense,1042.0,"DIGITA-MUMBAI/ 1,042.0",Medium,No,0.0,0.0,0.0,0.0,[],[],,
20260726_164425_DR VIJAY.pdf,Bank Statement,Receipt,20251015,Suspense,bank of baroda,Suspense,1314.0,"DIGITA-MUMBAI/ 1,314.0",Medium,No,0.0,0.0,0.0,0.0,[],[],,
20260726_164425_DR VIJAY.pdf,Bank Statement,Receipt,20251015,Suspense,bank of baroda,Suspense,1737.0,"DIGITA-MUMBAI/ 1,737.0",Medium,No,0.0,0.0,0.0,0.0,[],[],,
20260726_164425_DR VIJAY.pdf,Bank Statement,Receipt,20251015,Suspense,bank of baroda,Suspense,525.0,DIGITA-MUMBAI/ 525.00,Medium,No,0.0,0.0,0.0,0.0,[],[],,
20260726_164425_DR VIJAY.pdf,Bank Statement,Receipt,20251015,Suspense,bank of baroda,Suspense,1219.0,"DIGITA-MUMBAI/ 1,219.0",Medium,No,0.0,0.0,0.0,0.0,[],[],,
20260726_164425_DR VIJAY.pdf,Bank Statement,Receipt,20251015,Suspense,bank of baroda,Suspense,363.0,DIGITA-MUMBAI/ 363.00,Medium,No,0.0,0.0,0.0,0.0,[],[],,
20260726_164425_DR VIJAY.pdf,Bank Statement,Receipt,20251015,Suspense,bank of baroda,Suspense,1515.0,"DIGITA-MUMBAI/ 1,515.0",Medium,No,0.0,0.0,0.0,0.0,[],[],,
20260726_164425_DR VIJAY.pdf,Bank Statement,Receipt,20251015,Suspense,bank of baroda,Suspense,913.0,DIGITA-MUMBAI/ 913.00,Medium,No,0.0,0.0,0.0,0.0,[],[],,
20260726_164425_DR VIJAY.pdf,Bank Statement,Receipt,20251015,Suspense,bank of baroda,Suspense,2744.0,"DIGITA-MUMBAI/ 2,744.0",Medium,No,0.0,0.0,0.0,0.0,[],[],,
20260726_164425_DR VIJAY.pdf,Bank Statement,Receipt,20251015,Suspense,bank of baroda,Suspense,187.0,DIGITA-MUMBAI/ 187.00,Medium,No,0.0,0.0,0.0,0.0,[],[],,
20260726_164425_DR VIJAY.pdf,Bank Statement,Receipt,20251015,Suspense,bank of baroda,Suspense,1529.0,"DIGITA-MUMBAI/ 1,529.0",Medium,No,0.0,0.0,0.0,0.0,[],[],,
20260726_164425_DR VIJAY.pdf,Bank Statement,Receipt,20251015,Suspense,bank of baroda,Suspense,238.0,DIGITA-MUMBAI/ 238.00,Medium,No,0.0,0.0,0.0,0.0,[],[],,
20260726_164425_DR VIJAY.pdf,Bank Statement,Receipt,20251015,Suspense,bank of baroda,Suspense,813.0,DIGITA-MUMBAI/ 813.00,Medium,No,0.0,0.0,0.0,0.0,[],[],,
20260726_164425_DR VIJAY.pdf,Bank Statement,Receipt,20251015,Suspense,bank of baroda,Suspense,266.0,DIGITA-MUMBAI/ 266.00,Medium,No,0.0,0.0,0.0,0.0,[],[],,
20260726_164425_DR VIJAY.pdf,Bank Statement,Receipt,20251015,Suspense,bank of baroda,Suspense,1346.0,"DIGITA-MUMBAI/ 1,346.0",Medium,No,0.0,0.0,0.0,0.0,[],[],,
20260726_164425_DR VIJAY.pdf,Bank Statement,Receipt,20251015,Suspense,bank of baroda,Suspense,270.0,DIGITA-MUMBAI/ 270.00,Medium,No,0.0,0.0,0.0,0.0,[],[],,
20260726_164425_DR VIJAY.pdf,Bank Statement,Receipt,20251015,Suspense,bank of baroda,Suspense,341.0,DIGITA-MUMBAI/ 341.00,Medium,No,0.0,0.0,0.0,0.0,[],[],,
20260726_164425_DR VIJAY.pdf,Bank Statement,Receipt,20251015,Suspense,bank of baroda,Suspense,270.0,DIGITA-MUMBAI/ 270.00,Medium,No,0.0,0.0,0.0,0.0,[],[],,
20260726_164425_DR VIJAY.pdf,Bank Statement,Receipt,20251015,Suspense,bank of baroda,Suspense,994.0,DIGITA-MUMBAI/ 994.00,Medium,No,0.0,0.0,0.0,0.0,[],[],,
20260726_164425_DR VIJAY.pdf,Bank Statement,Receipt,20251015,Suspense,bank of baroda,Suspense,149.0,DIGITA-MUMBAI/ 149.00,Medium,No,0.0,0.0,0.0,0.0,[],[],,
20260726_164425_DR VIJAY.pdf,Bank Statement,Receipt,20251015,Suspense,bank of baroda,Suspense,1350.0,"DIGITA-MUMBAI/ 1,350.0",Medium,No,0.0,0.0,0.0,0.0,[],[],,
20260726_164425_DR VIJAY.pdf,Bank Statement,Receipt,20251015,Suspense,bank of baroda,Suspense,274.0,DIGITA-MUMBAI/ 274.00,Medium,No,0.0,0.0,0.0,0.0,[],[],,
20260726_164425_DR VIJAY.pdf,Bank Statement,Receipt,20251015,Suspense,bank of baroda,Suspense,4105.0,"DIGITA-MUMBAI/ 2,002.0",Medium,No,0.0,0.0,0.0,0.0,[],[],,
20260726_164425_DR VIJAY.pdf,Bank Statement,Receipt,20251015,Suspense,bank of baroda,Suspense,1936.0,"DIGITA-MUMBAI/ 1,936.0",Medium,No,0.0,0.0,0.0,0.0,[],[],,
20260726_164425_DR VIJAY.pdf,Bank Statement,Receipt,20251015,Suspense,bank of baroda,Suspense,2103.0,"DIGITA-MUMBAI/ 2,103.0",Medium,No,0.0,0.0,0.0,0.0,[],[],,
20260726_164425_DR VIJAY.pdf,Bank Statement,Receipt,20251015,Suspense,bank of baroda,Suspense,969.0,DIGITA-MUMBAI/ 969.00,Medium,No,0.0,0.0,0.0,0.0,[],[],,
20260726_164425_DR VIJAY.pdf,Bank Statement,Receipt,20251015,Suspense,bank of baroda,Suspense,2358.0,"DIGITA-MUMBAI/ 2,358.0",Medium,No,0.0,0.0,0.0,0.0,[],[],,
20260726_164425_DR VIJAY.pdf,Bank Statement,Receipt,20251015,Suspense,bank of baroda,Suspense,2103.0,"DIGITA-MUMBAI/ 2,103.0",Medium,No,0.0,0.0,0.0,0.0,[],[],,
20260726_164425_DR VIJAY.pdf,Bank Statement,Receipt,20251015,Suspense,bank of baroda,Suspense,934.0,DIGITA-MUMBAI/ 934.00,Medium,No,0.0,0.0,0.0,0.0,[],[],,
20260726_164425_DR VIJAY.pdf,Bank Statement,Receipt,20251015,Suspense,bank of baroda,Suspense,378.0,DIGITA-MUMBAI/ 378.00,Medium,No,0.0,0.0,0.0,0.0,[],[],,
20260726_164425_DR VIJAY.pdf,Bank Statement,Receipt,20251015,Suspense,bank of baroda,Suspense,155.0,DIGITA-MUMBAI/ 155.00,Medium,No,0.0,0.0,0.0,0.0,[],[],,
20260726_164425_DR VIJAY.pdf,Bank Statement,Receipt,20251015,Suspense,bank of baroda,Suspense,2313.0,"DIGITA-MUMBAI/ 2,313.0",Medium,No,0.0,0.0,0.0,0.0,[],[],,
20260726_164425_DR VIJAY.pdf,Bank Statement,Receipt,20251015,Suspense,bank of baroda,Suspense,838.0,DIGITA-MUMBAI/ 838.00,Medium,No,0.0,0.0,0.0,0.0,[],[],,
20260726_164425_DR VIJAY.pdf,Bank Statement,Receipt,20251015,Suspense,bank of baroda,Suspense,857.0,DIGITA-MUMBAI/ 857.00,Medium,No,0.0,0.0,0.0,0.0,[],[],,
20260726_164425_DR VIJAY.pdf,Bank Statement,Receipt,20251015,Suspense,bank of baroda,Suspense,2597.0,"DIGITA-MUMBAI/ 2,597.0",Medium,No,0.0,0.0,0.0,0.0,[],[],,
20260726_164425_DR VIJAY.pdf,Bank Statement,Receipt,20251015,Suspense,bank of baroda,Suspense,559.0,DIGITA-MUMBAI/ 559.00,Medium,No,0.0,0.0,0.0,0.0,[],[],,
20260726_164425_DR VIJAY.pdf,Bank Statement,Receipt,20251015,Suspense,bank of baroda,Suspense,2630.0,"DIGITA-MUMBAI/ 2,630.0",Medium,No,0.0,0.0,0.0,0.0,[],[],,
20260726_164425_DR VIJAY.pdf,Bank Statement,Receipt,20251015,Suspense,bank of baroda,Suspense,883.0,DIGITA-MUMBAI/ 883.00,Medium,No,0.0,0.0,0.0,0.0,[],[],,
20260726_164425_DR VIJAY.pdf,Bank Statement,Receipt,20251015,Suspense,bank of baroda,Suspense,1082.0,"DIGITA-MUMBAI/ 1,082.0",Medium,No,0.0,0.0,0.0,0.0,[],[],,
20260726_164425_DR VIJAY.pdf,Bank Statement,Receipt,20251015,Suspense,bank of baroda,Suspense,1555.0,"DIGITA-MUMBAI/ 1,555.0",Medium,No,0.0,0.0,0.0,0.0,[],[],,
20260726_164425_DR VIJAY.pdf,Bank Statement,Receipt,20251015,Suspense,bank of baroda,Suspense,1237.0,"DIGITA-MUMBAI/ 1,237.0",Medium,No,0.0,0.0,0.0,0.0,[],[],,
20260726_164425_DR VIJAY.pdf,Bank Statement,Receipt,20251015,Suspense,bank of baroda,Suspense,296.0,DIGITA-MUMBAI/ 296.00,Medium,No,0.0,0.0,0.0,0.0,[],[],,
20260726_164425_DR VIJAY.pdf,Bank Statement,Receipt,20251015,Suspense,bank of baroda,Suspense,632.0,DIGITA-MUMBAI/ 632.00,Medium,No,0.0,0.0,0.0,0.0,[],[],,
20260726_164425_DR VIJAY.pdf,Bank Statement,Receipt,20251015,Suspense,bank of baroda,Suspense,953.0,DIGITA-MUMBAI/ 953.00,Medium,No,0.0,0.0,0.0,0.0,[],[],,
20260726_164425_DR VIJAY.pdf,Bank Statement,Receipt,20251015,Suspense,bank of baroda,Suspense,229.0,DIGITA-MUMBAI/ 229.00,Medium,No,0.0,0.0,0.0,0.0,[],[],,
20260726_164425_DR VIJAY.pdf,Bank Statement,Receipt,20251015,Suspense,bank of baroda,Suspense,333.0,DIGITA-MUMBAI/ 333.00,Medium,No,0.0,0.0,0.0,0.0,[],[],,
20260726_164425_DR VIJAY.pdf,Bank Statement,Receipt,20251015,Suspense,bank of baroda,Suspense,2516.0,"DIGITA-MUMBAI/ 2,516.0",Medium,No,0.0,0.0,0.0,0.0,[],[],,
20260726_164425_DR VIJAY.pdf,Bank Statement,Receipt,20251015,Suspense,bank of baroda,Suspense,1936.0,"DIGITA-MUMBAI/ 1,936.0",Medium,No,0.0,0.0,0.0,0.0,[],[],,
20260726_164425_DR VIJAY.pdf,Bank Statement,Receipt,20251015,Suspense,bank of baroda,Suspense,734.0,DIGITA-MUMBAI/ 734.00,Medium,No,0.0,0.0,0.0,0.0,[],[],,
20260726_164425_DR VIJAY.pdf,Bank Statement,Receipt,20251015,Suspense,bank of baroda,Suspense,886.0,DIGITA-MUMBAI/ 886.00,Medium,No,0.0,0.0,0.0,0.0,[],[],,
20260726_164425_DR VIJAY.pdf,Bank Statement,Receipt,20251015,Suspense,bank of baroda,Suspense,994.0,DIGITA-MUMBAI/ 994.00,Medium,No,0.0,0.0,0.0,0.0,[],[],,
20260726_164425_DR VIJAY.pdf,Bank Statement,Receipt,20251015,Suspense,bank of baroda,Suspense,664.0,DIGITA-MUMBAI/ 664.00,Medium,No,0.0,0.0,0.0,0.0,[],[],,
20260726_164425_DR VIJAY.pdf,Bank Statement,Receipt,20251015,Suspense,bank of baroda,Suspense,360.0,DIGITA-MUMBAI/ 360.00,Medium,No,0.0,0.0,0.0,0.0,[],[],,
20260726_164425_DR VIJAY.pdf,Bank Statement,Receipt,20251015,Suspense,bank of baroda,Suspense,1209.0,"DIGITA-MUMBAI/ 1,209.0",Medium,No,0.0,0.0,0.0,0.0,[],[],,
20260726_164425_DR VIJAY.pdf,Bank Statement,Receipt,20251015,Suspense,bank of baroda,Suspense,2177.0,"DIGITA-MUMBAI/ 2,177.0",Medium,No,0.0,0.0,0.0,0.0,[],[],,
20260726_164425_DR VIJAY.pdf,Bank Statement,Receipt,20251015,Suspense,bank of baroda,Suspense,798.0,DIGITA-MUMBAI/ 798.00,Medium,No,0.0,0.0,0.0,0.0,[],[],,
20260726_164425_DR VIJAY.pdf,Bank Statement,Receipt,20251015,Suspense,bank of baroda,Suspense,2668.0,"DIGITA-MUMBAI/ 2,668.0",Medium,No,0.0,0.0,0.0,0.0,[],[],,
20260726_164425_DR VIJAY.pdf,Bank Statement,Receipt,20251015,Suspense,bank of baroda,Suspense,80.0,DIGITA-MUMBAI/ 80.00 2,Medium,No,0.0,0.0,0.0,0.0,[],[],,
20260726_164425_DR VIJAY.pdf,Bank Statement,Receipt,20251015,Suspense,bank of baroda,Suspense,874.0,DIGITA-MUMBAI/ 874.00,Medium,No,0.0,0.0,0.0,0.0,[],[],,
20260726_164425_DR VIJAY.pdf,Bank Statement,Receipt,20251015,Suspense,bank of baroda,Suspense,1576.0,"DIGITA-MUMBAI/ 1,576.0",Medium,No,0.0,0.0,0.0,0.0,[],[],,
20260726_164425_DR VIJAY.pdf,Bank Statement,Receipt,20251015,Suspense,bank of baroda,Suspense,379.0,DIGITA-MUMBAI/ 379.00,Medium,No,0.0,0.0,0.0,0.0,[],[],,
20260726_164425_DR VIJAY.pdf,Bank Statement,Receipt,20251015,Suspense,bank of baroda,Suspense,252.0,DIGITA-MUMBAI/ 252.00,Medium,No,0.0,0.0,0.0,0.0,[],[],,
20260726_164425_DR VIJAY.pdf,Bank Statement,Receipt,20251015,Suspense,bank of baroda,Suspense,944.0,DIGITA-MUMBAI/ 944.00,Medium,No,0.0,0.0,0.0,0.0,[],[],,
20260726_164425_DR VIJAY.pdf,Bank Statement,Receipt,20251015,Suspense,bank of baroda,Suspense,672.0,DIGITA-MUMBAI/ 672.00,Medium,No,0.0,0.0,0.0,0.0,[],[],,
20260726_164425_DR VIJAY.pdf,Bank Statement,Receipt,20251015,Suspense,bank of baroda,Suspense,858.0,DIGITA-MUMBAI/ 858.00,Medium,No,0.0,0.0,0.0,0.0,[],[],,
20260726_164425_DR VIJAY.pdf,Bank Statement,Receipt,20251015,Suspense,bank of baroda,Suspense,1449.0,"DIGITA-MUMBAI/ 1,449.0",Medium,No,0.0,0.0,0.0,0.0,[],[],,
20260726_164425_DR VIJAY.pdf,Bank Statement,Receipt,20251015,Suspense,bank of baroda,Suspense,839.0,DIGITA-MUMBAI/ 839.00,Medium,No,0.0,0.0,0.0,0.0,[],[],,
20260726_164425_DR VIJAY.pdf,Bank Statement,Receipt,20251015,Suspense,bank of baroda,Suspense,151.0,DIGITA-MUMBAI/ 151.00,Medium,No,0.0,0.0,0.0,0.0,[],[],,
20260726_164425_DR VIJAY.pdf,Bank Statement,Receipt,20251015,Suspense,bank of baroda,Suspense,1795.0,"DIGITA-MUMBAI/ 1,291.0",Medium,No,0.0,0.0,0.0,0.0,[],[],,
20260726_164425_DR VIJAY.pdf,Bank Statement,Receipt,20251015,Suspense,bank of baroda,Suspense,1204.0,"DIGITA-MUMBAI/ 1,204.0",Medium,No,0.0,0.0,0.0,0.0,[],[],,
20260726_164425_DR VIJAY.pdf,Bank Statement,Receipt,20251015,Suspense,bank of baroda,Suspense,961.0,DIGITA-MUMBAI/ 961.00,Medium,No,0.0,0.0,0.0,0.0,[],[],,
20260726_164425_DR VIJAY.pdf,Bank Statement,Receipt,20251015,Suspense,bank of baroda,Suspense,913.0,DIGITA-MUMBAI/ 913.00,Medium,No,0.0,0.0,0.0,0.0,[],[],,
20260726_164425_DR VIJAY.pdf,Bank Statement,Receipt,20251015,Suspense,bank of baroda,Suspense,1165.0,"DIGITA-MUMBAI/ 1,165.0",Medium,No,0.0,0.0,0.0,0.0,[],[],,
20260726_164425_DR VIJAY.pdf,Bank Statement,Receipt,20251015,Suspense,bank of baroda,Suspense,1391.0,"DIGITA-MUMBAI/ 1,391.0",Medium,No,0.0,0.0,0.0,0.0,[],[],,
20260726_164425_DR VIJAY.pdf,Bank Statement,Receipt,20251015,Suspense,bank of baroda,Suspense,1224.0,"DIGITA-MUMBAI/ 1,224.0",Medium,No,0.0,0.0,0.0,0.0,[],[],,
20260726_164425_DR VIJAY.pdf,Bank Statement,Receipt,20251015,Suspense,bank of baroda,Suspense,381.0,DIGITA-MUMBAI/ 381.00,Medium,No,0.0,0.0,0.0,0.0,[],[],,
20260726_164425_DR VIJAY.pdf,Bank Statement,Receipt,20251015,Suspense,bank of baroda,Suspense,912.0,DIGITA-MUMBAI/ 912.00,Medium,No,0.0,0.0,0.0,0.0,[],[],,
20260726_164425_DR VIJAY.pdf,Bank Statement,Receipt,20251015,Suspense,bank of baroda,Suspense,994.0,DIGITA-MUMBAI/ 994.00,Medium,No,0.0,0.0,0.0,0.0,[],[],,
20260726_164425_DR VIJAY.pdf,Bank Statement,Receipt,20251015,Suspense,bank of baroda,Suspense,811.0,DIGITA-MUMBAI/ 811.00,Medium,No,0.0,0.0,0.0,0.0,[],[],,
20260726_164425_DR VIJAY.pdf,Bank Statement,Receipt,20251015,Suspense,bank of baroda,Suspense,2588.0,"DIGITA-MUMBAI/ 2,588.0",Medium,No,0.0,0.0,0.0,0.0,[],[],,
20260726_164425_DR VIJAY.pdf,Bank Statement,Receipt,20251015,Suspense,bank of baroda,Suspense,3636.0,"DIGITA-MUMBAI/ 3,636.0",Medium,No,0.0,0.0,0.0,0.0,[],[],,
20260726_164425_DR VIJAY.pdf,Bank Statement,Receipt,20251015,Suspense,bank of baroda,Suspense,542.0,DIGITA-MUMBAI/ 542.00,Medium,No,0.0,0.0,0.0,0.0,[],[],,
20260726_164425_DR VIJAY.pdf,Bank Statement,Receipt,20251015,Suspense,bank of baroda,Suspense,985.0,DIGITA-MUMBAI/ 985.00,Medium,No,0.0,0.0,0.0,0.0,[],[],,
20260726_164425_DR VIJAY.pdf,Bank Statement,Receipt,20251015,Suspense,bank of baroda,Suspense,1150.0,"DIGITA-MUMBAI/ 1,150.0",Medium,No,0.0,0.0,0.0,0.0,[],[],,
20260726_164425_DR VIJAY.pdf,Bank Statement,Receipt,20251015,Suspense,bank of baroda,Suspense,2103.0,"DIGITA-MUMBAI/ 2,103.0",Medium,No,0.0,0.0,0.0,0.0,[],[],,
20260726_164425_DR VIJAY.pdf,Bank Statement,Receipt,20251015,Suspense,bank of baroda,Suspense,2240.0,"DIGITA-MUMBAI/ 2,240.0",Medium,No,0.0,0.0,0.0,0.0,[],[],,
20260726_164425_DR VIJAY.pdf,Bank Statement,Receipt,20251015,Suspense,bank of baroda,Suspense,1346.0,"DIGITA-MUMBAI/ 1,346.0",Medium,No,0.0,0.0,0.0,0.0,[],[],,
20260726_164425_DR VIJAY.pdf,Bank Statement,Receipt,20251015,Suspense,bank of baroda,Suspense,805.0,DIGITA-MUMBAI/ 805.00,Medium,No,0.0,0.0,0.0,0.0,[],[],,
20260726_164425_DR VIJAY.pdf,Bank Statement,Receipt,20251015,Suspense,bank of baroda,Suspense,1049.0,"DIGITA-MUMBAI/ 1,049.0",Medium,No,0.0,0.0,0.0,0.0,[],[],,
20260726_164425_DR VIJAY.pdf,Bank Statement,Receipt,20251015,Suspense,bank of baroda,Suspense,549.0,DIGITA-MUMBAI/ 549.00,Medium,No,0.0,0.0,0.0,0.0,[],[],,
20260726_164425_DR VIJAY.pdf,Bank Statement,Receipt,20251015,Suspense,bank of baroda,Suspense,213.0,DIGITA-MUMBAI/ 213.00,Medium,No,0.0,0.0,0.0,0.0,[],[],,
20260726_164425_DR VIJAY.pdf,Bank Statement,Receipt,20251015,Suspense,bank of baroda,Suspense,1304.0,"DIGITA-MUMBAI/ 1,304.0",Medium,No,0.0,0.0,0.0,0.0,[],[],,
20260726_164425_DR VIJAY.pdf,Bank Statement,Receipt,20251015,Suspense,bank of baroda,Suspense,897.0,DIGITA-MUMBAI/ 897.00,Medium,No,0.0,0.0,0.0,0.0,[],[],,
20260726_164425_DR VIJAY.pdf,Bank Statement,Receipt,20251015,Suspense,bank of baroda,Suspense,823.0,DIGITA-MUMBAI/ 823.00,Medium,No,0.0,0.0,0.0,0.0,[],[],,
20260726_164425_DR VIJAY.pdf,Bank Statement,Receipt,20251015,Suspense,bank of baroda,Suspense,736.0,DIGITA-MUMBAI/ 736.00,Medium,No,0.0,0.0,0.0,0.0,[],[],,
20260726_164425_DR VIJAY.pdf,Bank Statement,Receipt,20251015,Suspense,bank of baroda,Suspense,674.0,DIGITA-MUMBAI/ 674.00,Medium,No,0.0,0.0,0.0,0.0,[],[],,
20260726_164425_DR VIJAY.pdf,Bank Statement,Receipt,20251015,Suspense,bank of baroda,Suspense,404.0,DIGITA-MUMBAI/ 404.00,Medium,No,0.0,0.0,0.0,0.0,[],[],,
20260726_164425_DR VIJAY.pdf,Bank Statement,Receipt,20251015,Suspense,bank of baroda,Suspense,1058.0,"DIGITA-MUMBAI/ 1,058.0",Medium,No,0.0,0.0,0.0,0.0,[],[],,
20260726_164425_DR VIJAY.pdf,Bank Statement,Receipt,20251015,Suspense,bank of baroda,Suspense,547.0,DIGITA-MUMBAI/ 547.00,Medium,No,0.0,0.0,0.0,0.0,[],[],,
20260726_164425_DR VIJAY.pdf,Bank Statement,Receipt,20251015,Suspense,bank of baroda,Suspense,1857.0,"DIGITA-MUMBAI/ 1,857.0",Medium,No,0.0,0.0,0.0,0.0,[],[],,
20260726_164425_DR VIJAY.pdf,Bank Statement,Receipt,20251015,Suspense,bank of baroda,Suspense,708.0,DIGITA-MUMBAI/ 708.00,Medium,No,0.0,0.0,0.0,0.0,[],[],,
20260726_164425_DR VIJAY.pdf,Bank Statement,Receipt,20251015,Suspense,bank of baroda,Suspense,1217.0,"DIGITA-MUMBAI/ 1,217.0",Medium,No,0.0,0.0,0.0,0.0,[],[],,
20260726_164425_DR VIJAY.pdf,Bank Statement,Receipt,20251015,Suspense,bank of baroda,Suspense,458.0,DIGITA-MUMBAI/ 458.00,Medium,No,0.0,0.0,0.0,0.0,[],[],,
20260726_164425_DR VIJAY.pdf,Bank Statement,Receipt,20251015,Suspense,bank of baroda,Suspense,452.0,DIGITA-MUMBAI/ 452.00,Medium,No,0.0,0.0,0.0,0.0,[],[],,
20260726_164425_DR VIJAY.pdf,Bank Statement,Receipt,20251015,Suspense,bank of baroda,Suspense,1290.0,"DIGITA-MUMBAI/ 1,290.0",Medium,No,0.0,0.0,0.0,0.0,[],[],,
20260726_164425_DR VIJAY.pdf,Bank Statement,Receipt,20251015,Suspense,bank of baroda,Suspense,2176.0,"DIGITA-MUMBAI/ 2,176.0",Medium,No,0.0,0.0,0.0,0.0,[],[],,
20260726_164425_DR VIJAY.pdf,Bank Statement,Receipt,20251015,Suspense,bank of baroda,Suspense,2954.0,"DIGITA-MUMBAI/ 2,954.0",Medium,No,0.0,0.0,0.0,0.0,[],[],,
20260726_164425_DR VIJAY.pdf,Bank Statement,Receipt,20251015,Suspense,bank of baroda,Suspense,270.0,DIGITA-MUMBAI/ 270.00,Medium,No,0.0,0.0,0.0,0.0,[],[],,
20260726_164425_DR VIJAY.pdf,Bank Statement,Receipt,20251015,Suspense,bank of baroda,Suspense,532.0,DIGITA-MUMBAI/ 532.00,Medium,No,0.0,0.0,0.0,0.0,[],[],,
20260726_164425_DR VIJAY.pdf,Bank Statement,Receipt,20251015,Suspense,bank of baroda,Suspense,1431.0,"DIGITA-MUMBAI/ 1,431.0",Medium,No,0.0,0.0,0.0,0.0,[],[],,
20260726_164425_DR VIJAY.pdf,Bank Statement,Receipt,20251015,Suspense,bank of baroda,Suspense,95.0,DIGITA-MUMBAI/ 95.00 3,Medium,No,0.0,0.0,0.0,0.0,[],[],,
20260726_164425_DR VIJAY.pdf,Bank Statement,Receipt,20251015,Suspense,bank of baroda,Suspense,207.0,DIGITA-MUMBAI/ 207.00,Medium,No,0.0,0.0,0.0,0.0,[],[],,
20260726_164425_DR VIJAY.pdf,Bank Statement,Receipt,20251015,Suspense,bank of baroda,Suspense,969.0,DIGITA-MUMBAI/ 969.00,Medium,No,0.0,0.0,0.0,0.0,[],[],,
20260726_164425_DR VIJAY.pdf,Bank Statement,Receipt,20251015,Suspense,bank of baroda,Suspense,920.0,DIGITA-MUMBAI/ 920.00,Medium,No,0.0,0.0,0.0,0.0,[],[],,
20260726_164425_DR VIJAY.pdf,Bank Statement,Receipt,20251015,Suspense,bank of baroda,Suspense,1302.0,DIGITA-MUMBAI/ 848.00,Medium,No,0.0,0.0,0.0,0.0,[],[],,
20260726_164425_DR VIJAY.pdf,Bank Statement,Receipt,20251015,Suspense,bank of baroda,Suspense,987.0,DIGITA-MUMBAI/ 987.00,Medium,No,0.0,0.0,0.0,0.0,[],[],,
20260726_164425_DR VIJAY.pdf,Bank Statement,Receipt,20251015,Suspense,bank of baroda,Suspense,2717.0,"DIGITA-MUMBAI/ 2,717.0",Medium,No,0.0,0.0,0.0,0.0,[],[],,
20260726_164425_DR VIJAY.pdf,Bank Statement,Receipt,20251015,Suspense,bank of baroda,Suspense,1545.0,"DIGITA-MUMBAI/ 1,545.0",Medium,No,0.0,0.0,0.0,0.0,[],[],,
20260726_164425_DR VIJAY.pdf,Bank Statement,Receipt,20251015,Suspense,bank of baroda,Suspense,1673.0,"DIGITA-MUMBAI/ 1,673.0",Medium,No,0.0,0.0,0.0,0.0,[],[],,
20260726_164425_DR VIJAY.pdf,Bank Statement,Receipt,20251015,Suspense,bank of baroda,Suspense,395.0,DIGITA-MUMBAI/ 395.00,Medium,No,0.0,0.0,0.0,0.0,[],[],,
20260726_164425_DR VIJAY.pdf,Bank Statement,Receipt,20251015,Suspense,bank of baroda,Suspense,631.0,DIGITA-MUMBAI/ 631.00,Medium,No,0.0,0.0,0.0,0.0,[],[],,
20260726_164425_DR VIJAY.pdf,Bank Statement,Receipt,20251015,Suspense,bank of baroda,Suspense,1900.0,"DIGITA-MUMBAI/ 1,900.0",Medium,No,0.0,0.0,0.0,0.0,[],[],,
20260726_164425_DR VIJAY.pdf,Bank Statement,Receipt,20251015,Suspense,bank of baroda,Suspense,680.0,DIGITA-MUMBAI/ 680.00,Medium,No,0.0,0.0,0.0,0.0,[],[],,
20260726_164425_DR VIJAY.pdf,Bank Statement,Receipt,20251015,Suspense,bank of baroda,Suspense,2374.0,"DIGITA-MUMBAI/ 2,374.0",Medium,No,0.0,0.0,0.0,0.0,[],[],,
20260726_164425_DR VIJAY.pdf,Bank Statement,Receipt,20251015,Suspense,bank of baroda,Suspense,1009.0,"DIGITA-MUMBAI/ 1,009.0",Medium,No,0.0,0.0,0.0,0.0,[],[],,
20260726_164425_DR VIJAY.pdf,Bank Statement,Receipt,20251015,Suspense,bank of baroda,Suspense,1271.0,"DIGITA-MUMBAI/ 1,271.0",Medium,No,0.0,0.0,0.0,0.0,[],[],,
20260726_164425_DR VIJAY.pdf,Bank Statement,Receipt,20251015,Suspense,bank of baroda,Suspense,1147.0,"DIGITA-MUMBAI/ 1,147.0",Medium,No,0.0,0.0,0.0,0.0,[],[],,
20260726_164425_DR VIJAY.pdf,Bank Statement,Receipt,20251015,Suspense,bank of baroda,Suspense,296.0,DIGITA-MUMBAI/ 296.00,Medium,No,0.0,0.0,0.0,0.0,[],[],,
20260726_164425_DR VIJAY.pdf,Bank Statement,Receipt,20251015,Suspense,bank of baroda,Suspense,229.0,DIGITA-MUMBAI/ 229.00,Medium,No,0.0,0.0,0.0,0.0,[],[],,
20260726_164425_DR VIJAY.pdf,Bank Statement,Receipt,20251015,Suspense,bank of baroda,Suspense,942.0,DIGITA-MUMBAI/ 942.00,Medium,No,0.0,0.0,0.0,0.0,[],[],,
20260726_164425_DR VIJAY.pdf,Bank Statement,Receipt,20251015,Suspense,bank of baroda,Suspense,1794.0,"DIGITA-MUMBAI/ 1,794.0",Medium,No,0.0,0.0,0.0,0.0,[],[],,
20260726_164425_DR VIJAY.pdf,Bank Statement,Receipt,20251015,Suspense,bank of baroda,Suspense,694.0,DIGITA-MUMBAI/ 694.00,Medium,No,0.0,0.0,0.0,0.0,[],[],,
20260726_164425_DR VIJAY.pdf,Bank Statement,Receipt,20251015,Suspense,bank of baroda,Suspense,1472.0,"DIGITA-MUMBAI/ 1,472.0",Medium,No,0.0,0.0,0.0,0.0,[],[],,
20260726_164425_DR VIJAY.pdf,Bank Statement,Receipt,20251015,Suspense,bank of baroda,Suspense,1084.0,"DIGITA-MUMBAI/ 1,084.0",Medium,No,0.0,0.0,0.0,0.0,[],[],,
20260726_164425_DR VIJAY.pdf,Bank Statement,Receipt,20251015,Suspense,bank of baroda,Suspense,936.0,DIGITA-MUMBAI/ 936.00,Medium,No,0.0,0.0,0.0,0.0,[],[],,
20260726_164425_DR VIJAY.pdf,Bank Statement,Receipt,20251015,Suspense,bank of baroda,Suspense,842.0,DIGITA-MUMBAI/ 842.00,Medium,No,0.0,0.0,0.0,0.0,[],[],,
20260726_164425_DR VIJAY.pdf,Bank Statement,Receipt,20251015,Suspense,bank of baroda,Suspense,810.0,DIGITA-MUMBAI/ 810.00,Medium,No,0.0,0.0,0.0,0.0,[],[],,
20260726_164425_DR VIJAY.pdf,Bank Statement,Receipt,20251015,Suspense,bank of baroda,Suspense,705.0,DIGITA-MUMBAI/ 705.00,Medium,No,0.0,0.0,0.0,0.0,[],[],,
20260726_164425_DR VIJAY.pdf,Bank Statement,Receipt,20251015,Suspense,bank of baroda,Suspense,1096.0,"DIGITA-MUMBAI/ 1,096.0",Medium,No,0.0,0.0,0.0,0.0,[],[],,
20260726_164425_DR VIJAY.pdf,Bank Statement,Receipt,20251015,Suspense,bank of baroda,Suspense,1173.0,"DIGITA-MUMBAI/ 1,173.0",Medium,No,0.0,0.0,0.0,0.0,[],[],,
20260726_164425_DR VIJAY.pdf,Bank Statement,Receipt,20251015,Suspense,bank of baroda,Suspense,2428.0,"DIGITA-MUMBAI/ 2,428.0",Medium,No,0.0,0.0,0.0,0.0,[],[],,
20260726_164425_DR VIJAY.pdf,Bank Statement,Receipt,20251015,Suspense,bank of baroda,Suspense,1462.0,"DIGITA-MUMBAI/ 1,462.0",Medium,No,0.0,0.0,0.0,0.0,[],[],,
20260726_164425_DR VIJAY.pdf,Bank Statement,Receipt,20251015,Suspense,bank of baroda,Suspense,1571.0,"DIGITA-MUMBAI/ 1,571.0",Medium,No,0.0,0.0,0.0,0.0,[],[],,
20260726_164425_DR VIJAY.pdf,Bank Statement,Receipt,20251015,Suspense,bank of baroda,Suspense,628.0,DIGITA-MUMBAI/ 628.00,Medium,No,0.0,0.0,0.0,0.0,[],[],,
20260726_164425_DR VIJAY.pdf,Bank Statement,Receipt,20251015,Suspense,bank of baroda,Suspense,884.0,DIGITA-MUMBAI/ 884.00,Medium,No,0.0,0.0,0.0,0.0,[],[],,
20260726_164425_DR VIJAY.pdf,Bank Statement,Receipt,20251015,Suspense,bank of baroda,Suspense,876.0,DIGITA-MUMBAI/ 876.00,Medium,No,0.0,0.0,0.0,0.0,[],[],,
20260726_164425_DR VIJAY.pdf,Bank Statement,Receipt,20251015,Suspense,bank of baroda,Suspense,1322.0,"DIGITA-MUMBAI/ 1,322.0",Medium,No,0.0,0.0,0.0,0.0,[],[],,
20260726_164425_DR VIJAY.pdf,Bank Statement,Receipt,20251015,Suspense,bank of baroda,Suspense,492.0,DIGITA-MUMBAI/ 492.00,Medium,No,0.0,0.0,0.0,0.0,[],[],,
20260726_164425_DR VIJAY.pdf,Bank Statement,Receipt,20251015,Suspense,bank of baroda,Suspense,1783.0,"DIGITA-MUMBAI/ 1,783.0",Medium,No,0.0,0.0,0.0,0.0,[],[],,
20260726_164425_DR VIJAY.pdf,Bank Statement,Receipt,20251015,Suspense,bank of baroda,Suspense,1894.0,"DIGITA-MUMBAI/ 1,894.0",Medium,No,0.0,0.0,0.0,0.0,[],[],,
20260726_164425_DR VIJAY.pdf,Bank Statement,Receipt,20251015,Suspense,bank of baroda,Suspense,671.0,DIGITA-MUMBAI/ 671.00,Medium,No,0.0,0.0,0.0,0.0,[],[],,
20260726_164425_DR VIJAY.pdf,Bank Statement,Receipt,20251015,Suspense,bank of baroda,Suspense,778.0,DIGITA-MUMBAI/ 778.00,Medium,No,0.0,0.0,0.0,0.0,[],[],,
20260726_164425_DR VIJAY.pdf,Bank Statement,Receipt,20251015,Suspense,bank of baroda,Suspense,1685.0,"DIGITA-MUMBAI/ 1,685.0",Medium,No,0.0,0.0,0.0,0.0,[],[],,
20260726_164425_DR VIJAY.pdf,Bank Statement,Receipt,20251015,Suspense,bank of baroda,Suspense,2511.0,"DIGITA-MUMBAI/ 2,511.0",Medium,No,0.0,0.0,0.0,0.0,[],[],,
20260726_164425_DR VIJAY.pdf,Bank Statement,Receipt,20251015,Suspense,bank of baroda,Suspense,2018.0,"DIGITA-MUMBAI/ 2,018.0",Medium,No,0.0,0.0,0.0,0.0,[],[],,
20260726_164425_DR VIJAY.pdf,Bank Statement,Receipt,20251015,Suspense,bank of baroda,Suspense,618.0,DIGITA-MUMBAI/ 618.00,Medium,No,0.0,0.0,0.0,0.0,[],[],,
20260726_164425_DR VIJAY.pdf,Bank Statement,Receipt,20251015,Suspense,bank of baroda,Suspense,850.0,DIGITA-MUMBAI/ 850.00,Medium,No,0.0,0.0,0.0,0.0,[],[],,
20260726_164425_DR VIJAY.pdf,Bank Statement,Receipt,20251015,Suspense,bank of baroda,Suspense,574.0,DIGITA-MUMBAI/ 574.00,Medium,No,0.0,0.0,0.0,0.0,[],[],,
20260726_164425_DR VIJAY.pdf,Bank Statement,Receipt,20251015,Suspense,bank of baroda,Suspense,1011.0,"DIGITA-MUMBAI/ 1,011.0",Medium,No,0.0,0.0,0.0,0.0,[],[],,
20260726_164425_DR VIJAY.pdf,Bank Statement,Receipt,20251015,Suspense,bank of baroda,Suspense,1111.0,"DIGITA-MUMBAI/ 1,111.0",Medium,No,0.0,0.0,0.0,0.0,[],[],,
20260726_164425_DR VIJAY.pdf,Bank Statement,Receipt,20251015,Suspense,bank of baroda,Suspense,2825.0,"DIGITA-MUMBAI/ 1,313.0",Medium,No,0.0,0.0,0.0,0.0,[],[],,
20260726_164425_DR VIJAY.pdf,Bank Statement,Receipt,20251015,Suspense,bank of baroda,Suspense,1097.0,"DIGITA-MUMBAI/ 1,097.0",Medium,No,0.0,0.0,0.0,0.0,[],[],,
20260726_164425_DR VIJAY.pdf,Bank Statement,Receipt,20251015,Suspense,bank of baroda,Suspense,639.0,DIGITA-MUMBAI/ 639.00,Medium,No,0.0,0.0,0.0,0.0,[],[],,
20260726_164425_DR VIJAY.pdf,Bank Statement,Receipt,20251015,Suspense,bank of baroda,Suspense,383.0,DIGITA-MUMBAI/ 383.00,Medium,No,0.0,0.0,0.0,0.0,[],[],,
20260726_164425_DR VIJAY.pdf,Bank Statement,Receipt,20251015,Suspense,bank of baroda,Suspense,1092.0,"DIGITA-MUMBAI/ 1,092.0",Medium,No,0.0,0.0,0.0,0.0,[],[],,
20260726_164425_DR VIJAY.pdf,Bank Statement,Receipt,20251015,Suspense,bank of baroda,Suspense,2736.0,"DIGITA-MUMBAI/ 2,736.0",Medium,No,0.0,0.0,0.0,0.0,[],[],,
20260726_164425_DR VIJAY.pdf,Bank Statement,Receipt,20251015,Suspense,bank of baroda,Suspense,1350.0,"DIGITA-MUMBAI/ 1,350.0",Medium,No,0.0,0.0,0.0,0.0,[],[],,
20260726_164425_DR VIJAY.pdf,Bank Statement,Receipt,20251015,Suspense,bank of baroda,Suspense,790.0,DIGITA-MUMBAI/ 790.00,Medium,No,0.0,0.0,0.0,0.0,[],[],,
20260726_164425_DR VIJAY.pdf,Bank Statement,Receipt,20251015,Suspense,bank of baroda,Suspense,940.0,DIGITA-MUMBAI/ 940.00,Medium,No,0.0,0.0,0.0,0.0,[],[],,
20260726_164425_DR VIJAY.pdf,Bank Statement,Receipt,20251015,Suspense,bank of baroda,Suspense,1146.0,"DIGITA-MUMBAI/ 1,146.0",Medium,No,0.0,0.0,0.0,0.0,[],[],,
20260726_164425_DR VIJAY.pdf,Bank Statement,Receipt,20251015,Suspense,bank of baroda,Suspense,1643.0,"DIGITA-MUMBAI/ 1,643.0",Medium,No,0.0,0.0,0.0,0.0,[],[],,
20260726_164425_DR VIJAY.pdf,Bank Statement,Receipt,20251015,Suspense,bank of baroda,Suspense,678.0,DIGITA-MUMBAI/ 678.00,Medium,No,0.0,0.0,0.0,0.0,[],[],,
20260726_164425_DR VIJAY.pdf,Bank Statement,Receipt,20251015,Suspense,bank of baroda,Suspense,2243.0,"DIGITA-MUMBAI/ 2,243.0",Medium,No,0.0,0.0,0.0,0.0,[],[],,
20260726_164425_DR VIJAY.pdf,Bank Statement,Receipt,20251015,Suspense,bank of baroda,Suspense,1002.0,"DIGITA-MUMBAI/ 1,002.0",Medium,No,0.0,0.0,0.0,0.0,[],[],,
20260726_164425_DR VIJAY.pdf,Bank Statement,Receipt,20251015,Suspense,bank of baroda,Suspense,335.0,DIGITA-MUMBAI/ 335.00,Medium,No,0.0,0.0,0.0,0.0,[],[],,
20260726_164425_DR VIJAY.pdf,Bank Statement,Receipt,20251015,Suspense,bank of baroda,Suspense,2613.0,"DIGITA-MUMBAI/ 2,613.0",Medium,No,0.0,0.0,0.0,0.0,[],[],,
20260726_164425_DR VIJAY.pdf,Bank Statement,Receipt,20251015,Suspense,bank of baroda,Suspense,171.0,DIGITA-MUMBAI/ 171.00,Medium,No,0.0,0.0,0.0,0.0,[],[],,
20260726_164425_DR VIJAY.pdf,Bank Statement,Receipt,20251015,Suspense,bank of baroda,Suspense,2265.0,"DIGITA-MUMBAI/ 2,265.0",Medium,No,0.0,0.0,0.0,0.0,[],[],,
20260726_164425_DR VIJAY.pdf,Bank Statement,Receipt,20251015,Suspense,bank of baroda,Suspense,435.0,DIGITA-MUMBAI/ 435.00,Medium,No,0.0,0.0,0.0,0.0,[],[],,
20260726_164425_DR VIJAY.pdf,Bank Statement,Receipt,20251015,Suspense,bank of baroda,Suspense,2040.0,"DIGITA-MUMBAI/ 2,040.0",Medium,No,0.0,0.0,0.0,0.0,[],[],,
20260726_164425_DR VIJAY.pdf,Bank Statement,Receipt,20251015,Suspense,bank of baroda,Suspense,1089.0,"DIGITA-MUMBAI/ 1,089.0",Medium,No,0.0,0.0,0.0,0.0,[],[],,
20260726_164425_DR VIJAY.pdf,Bank Statement,Receipt,20251015,Suspense,bank of baroda,Suspense,326.0,DIGITA-MUMBAI/ 326.00,Medium,No,0.0,0.0,0.0,0.0,[],[],,
20260726_164425_DR VIJAY.pdf,Bank Statement,Receipt,20251015,Suspense,bank of baroda,Suspense,3026.0,"DIGITA-MUMBAI/ 3,026.0",Medium,No,0.0,0.0,0.0,0.0,[],[],,
20260726_164425_DR VIJAY.pdf,Bank Statement,Receipt,20251015,Suspense,bank of baroda,Suspense,2674.0,"DIGITA-MUMBAI/ 2,674.0",Medium,No,0.0,0.0,0.0,0.0,[],[],,
20260726_164425_DR VIJAY.pdf,Bank Statement,Receipt,20251015,Suspense,bank of baroda,Suspense,183.0,DIGITA-MUMBAI/ 183.00,Medium,No,0.0,0.0,0.0,0.0,[],[],,
20260726_164425_DR VIJAY.pdf,Bank Statement,Receipt,20251015,Suspense,bank of baroda,Suspense,1244.0,"DIGITA-MUMBAI/ 1,244.0",Medium,No,0.0,0.0,0.0,0.0,[],[],,
20260726_164425_DR VIJAY.pdf,Bank Statement,Receipt,20251015,Suspense,bank of baroda,Suspense,291.0,DIGITA-MUMBAI/ 291.00,Medium,No,0.0,0.0,0.0,0.0,[],[],,
20260726_164425_DR VIJAY.pdf,Bank Statement,Receipt,20251015,Suspense,bank of baroda,Suspense,895.0,DIGITA-MUMBAI/ 895.00,Medium,No,0.0,0.0,0.0,0.0,[],[],,
20260726_164425_DR VIJAY.pdf,Bank Statement,Receipt,20251015,Suspense,bank of baroda,Suspense,695.0,DIGITA-MUMBAI/ 695.00,Medium,No,0.0,0.0,0.0,0.0,[],[],,
20260726_164425_DR VIJAY.pdf,Bank Statement,Receipt,20251015,Suspense,bank of baroda,Suspense,550.0,DIGITA-MUMBAI/ 550.00,Medium,No,0.0,0.0,0.0,0.0,[],[],,
20260726_164425_DR VIJAY.pdf,Bank Statement,Receipt,20251015,Suspense,bank of baroda,Suspense,976.0,DIGITA-MUMBAI/ 976.00,Medium,No,0.0,0.0,0.0,0.0,[],[],,
20260726_164425_DR VIJAY.pdf,Bank Statement,Receipt,20251015,Suspense,bank of baroda,Suspense,951.0,DIGITA-MUMBAI/ 951.00,Medium,No,0.0,0.0,0.0,0.0,[],[],,
20260726_164425_DR VIJAY.pdf,Bank Statement,Receipt,20251015,Suspense,bank of baroda,Suspense,3091.0,"DIGITA-MUMBAI/ 3,091.0",Medium,No,0.0,0.0,0.0,0.0,[],[],,
20260726_164425_DR VIJAY.pdf,Bank Statement,Receipt,20251015,Suspense,bank of baroda,Suspense,3553.0,"DIGITA-MUMBAI/ 3,553.0",Medium,No,0.0,0.0,0.0,0.0,[],[],,
20260726_164425_DR VIJAY.pdf,Bank Statement,Receipt,20251015,Suspense,bank of baroda,Suspense,1492.0,"DIGITA-MUMBAI/ 1,492.0",Medium,No,0.0,0.0,0.0,0.0,[],[],,
20260726_164425_DR VIJAY.pdf,Bank Statement,Receipt,20251015,Suspense,bank of baroda,Suspense,756.0,DIGITA-MUMBAI/ 756.00,Medium,No,0.0,0.0,0.0,0.0,[],[],,
20260726_164425_DR VIJAY.pdf,Bank Statement,Receipt,20251015,Suspense,bank of baroda,Suspense,2245.0,"DIGITA-MUMBAI/ 2,245.0",Medium,No,0.0,0.0,0.0,0.0,[],[],,
20260726_164425_DR VIJAY.pdf,Bank Statement,Receipt,20251015,Suspense,bank of baroda,Suspense,2637.0,"DIGITA-MUMBAI/ 2,637.0",Medium,No,0.0,0.0,0.0,0.0,[],[],,
20260726_164425_DR VIJAY.pdf,Bank Statement,Receipt,20251015,Suspense,bank of baroda,Suspense,1326.0,"DIGITA-MUMBAI/ 1,326.0",Medium,No,0.0,0.0,0.0,0.0,[],[],,
20260726_164425_DR VIJAY.pdf,Bank Statement,Receipt,20251015,Suspense,bank of baroda,Suspense,1154.0,"DIGITA-MUMBAI/ 1,154.0",Medium,No,0.0,0.0,0.0,0.0,[],[],,
20260726_164425_DR VIJAY.pdf,Bank Statement,Receipt,20251015,Suspense,bank of baroda,Suspense,2103.0,"DIGITA-MUMBAI/ 2,103.0",Medium,No,0.0,0.0,0.0,0.0,[],[],,
20260726_164425_DR VIJAY.pdf,Bank Statement,Receipt,20251015,Suspense,bank of baroda,Suspense,856.0,DIGITA-MUMBAI/ 856.00,Medium,No,0.0,0.0,0.0,0.0,[],[],,
20260726_164425_DR VIJAY.pdf,Bank Statement,Receipt,20251015,Suspense,bank of baroda,Suspense,1674.0,"DIGITA-MUMBAI/ 1,674.0",Medium,No,0.0,0.0,0.0,0.0,[],[],,
20260726_164425_DR VIJAY.pdf,Bank Statement,Receipt,20251015,Suspense,bank of baroda,Suspense,1109.0,"DIGITA-MUMBAI/ 1,109.0",Medium,No,0.0,0.0,0.0,0.0,[],[],,
20260726_164425_DR VIJAY.pdf,Bank Statement,Receipt,20251015,Suspense,bank of baroda,Suspense,692.0,DIGITA-MUMBAI/ 692.00,Medium,No,0.0,0.0,0.0,0.0,[],[],,
20260726_164425_DR VIJAY.pdf,Bank Statement,Receipt,20251015,Suspense,bank of baroda,Suspense,2637.0,"DIGITA-MUMBAI/ 2,637.0",Medium,No,0.0,0.0,0.0,0.0,[],[],,
20260726_164425_DR VIJAY.pdf,Bank Statement,Receipt,20251015,Suspense,bank of baroda,Suspense,3266.0,"DIGITA-MUMBAI/ 1,304.0",Medium,No,0.0,0.0,0.0,0.0,[],[],,
20260726_164425_DR VIJAY.pdf,Bank Statement,Receipt,20251015,Suspense,bank of baroda,Suspense,1484.0,"DIGITA-MUMBAI/ 1,484.0",Medium,No,0.0,0.0,0.0,0.0,[],[],,
20260726_164425_DR VIJAY.pdf,Bank Statement,Receipt,20251015,Suspense,bank of baroda,Suspense,713.0,DIGITA-MUMBAI/ 713.00,Medium,No,0.0,0.0,0.0,0.0,[],[],,
20260726_164425_DR VIJAY.pdf,Bank Statement,Receipt,20251015,Suspense,bank of baroda,Suspense,1699.0,"DIGITA-MUMBAI/ 1,699.0",Medium,No,0.0,0.0,0.0,0.0,[],[],,
20260726_164425_DR VIJAY.pdf,Bank Statement,Receipt,20251015,Suspense,bank of baroda,Suspense,1304.0,"DIGITA-MUMBAI/ 1,304.0",Medium,No,0.0,0.0,0.0,0.0,[],[],,
20260726_164425_DR VIJAY.pdf,Bank Statement,Receipt,20251015,Suspense,bank of baroda,Suspense,512.0,DIGITA-MUMBAI/ 512.00,Medium,No,0.0,0.0,0.0,0.0,[],[],,
20260726_164425_DR VIJAY.pdf,Bank Statement,Receipt,20251015,Suspense,bank of baroda,Suspense,803.0,DIGITA-MUMBAI/ 803.00,Medium,No,0.0,0.0,0.0,0.0,[],[],,
20260726_164425_DR VIJAY.pdf,Bank Statement,Receipt,20251015,Suspense,bank of baroda,Suspense,674.0,DIGITA-MUMBAI/ 674.00,Medium,No,0.0,0.0,0.0,0.0,[],[],,
20260726_164425_DR VIJAY.pdf,Bank Statement,Receipt,20251015,Suspense,bank of baroda,Suspense,720.0,DIGITA-MUMBAI/ 720.00,Medium,No,0.0,0.0,0.0,0.0,[],[],,
20260726_164425_DR VIJAY.pdf,Bank Statement,Receipt,20251015,Suspense,bank of baroda,Suspense,1087.0,"DIGITA-MUMBAI/ 1,087.0",Medium,No,0.0,0.0,0.0,0.0,[],[],,
20260726_164425_DR VIJAY.pdf,Bank Statement,Receipt,20251015,Suspense,bank of baroda,Suspense,994.0,DIGITA-MUMBAI/ 994.00,Medium,No,0.0,0.0,0.0,0.0,[],[],,
20260726_164425_DR VIJAY.pdf,Bank Statement,Receipt,20251015,Suspense,bank of baroda,Suspense,3335.0,"DIGITA-MUMBAI/ 3,335.0",Medium,No,0.0,0.0,0.0,0.0,[],[],,
20260726_164425_DR VIJAY.pdf,Bank Statement,Receipt,20251015,Suspense,bank of baroda,Suspense,878.0,DIGITA-MUMBAI/ 878.00,Medium,No,0.0,0.0,0.0,0.0,[],[],,
20260726_164425_DR VIJAY.pdf,Bank Statement,Receipt,20251015,Suspense,bank of baroda,Suspense,777.0,DIGITA-MUMBAI/ 777.00,Medium,No,0.0,0.0,0.0,0.0,[],[],,
20260726_164425_DR VIJAY.pdf,Bank Statement,Receipt,20251015,Suspense,bank of baroda,Suspense,481.0,DIGITA-MUMBAI/ 481.00,Medium,No,0.0,0.0,0.0,0.0,[],[],,
20260726_164425_DR VIJAY.pdf,Bank Statement,Receipt,20251015,Suspense,bank of baroda,Suspense,1082.0,"DIGITA-MUMBAI/ 1,082.0",Medium,No,0.0,0.0,0.0,0.0,[],[],,
20260726_164425_DR VIJAY.pdf,Bank Statement,Receipt,20251015,Suspense,bank of baroda,Suspense,631.0,DIGITA-MUMBAI/ 631.00,Medium,No,0.0,0.0,0.0,0.0,[],[],,
20260726_164425_DR VIJAY.pdf,Bank Statement,Receipt,20251015,Suspense,bank of baroda,Suspense,260.0,DIGITA-MUMBAI/ 260.00,Medium,No,0.0,0.0,0.0,0.0,[],[],,
20260726_164425_DR VIJAY.pdf,Bank Statement,Receipt,20251015,Suspense,bank of baroda,Suspense,540.0,DIGITA-MUMBAI/ 540.00,Medium,No,0.0,0.0,0.0,0.0,[],[],,
20260726_164425_DR VIJAY.pdf,Bank Statement,Receipt,20251015,Suspense,bank of baroda,Suspense,658.0,DIGITA-MUMBAI/ 658.00,Medium,No,0.0,0.0,0.0,0.0,[],[],,
20260726_164425_DR VIJAY.pdf,Bank Statement,Receipt,20251015,Suspense,bank of baroda,Suspense,284.0,DIGITA-MUMBAI/ 284.00,Medium,No,0.0,0.0,0.0,0.0,[],[],,
20260726_164425_DR VIJAY.pdf,Bank Statement,Receipt,20251015,Suspense,bank of baroda,Suspense,869.0,DIGITA-MUMBAI/ 869.00,Medium,No,0.0,0.0,0.0,0.0,[],[],,
20260726_164425_DR VIJAY.pdf,Bank Statement,Receipt,20251015,Suspense,bank of baroda,Suspense,671.0,DIGITA-MUMBAI/ 671.00,Medium,No,0.0,0.0,0.0,0.0,[],[],,
20260726_164425_DR VIJAY.pdf,Bank Statement,Receipt,20251015,Suspense,bank of baroda,Suspense,1810.0,"DIGITA-MUMBAI/ 1,810.0",Medium,No,0.0,0.0,0.0,0.0,[],[],,
20260726_164425_DR VIJAY.pdf,Bank Statement,Receipt,20251015,Suspense,bank of baroda,Suspense,1509.0,"DIGITA-MUMBAI/ 1,509.0",Medium,No,0.0,0.0,0.0,0.0,[],[],,
20260726_164425_DR VIJAY.pdf,Bank Statement,Receipt,20251015,Suspense,bank of baroda,Suspense,3618.0,"DIGITA-MUMBAI/ 3,618.0",Medium,No,0.0,0.0,0.0,0.0,[],[],,
20260726_164425_DR VIJAY.pdf,Bank Statement,Receipt,20251015,Suspense,bank of baroda,Suspense,394.0,DIGITA-MUMBAI/ 394.00,Medium,No,0.0,0.0,0.0,0.0,[],[],,
20260726_164425_DR VIJAY.pdf,Bank Statement,Receipt,20251015,Suspense,bank of baroda,Suspense,1376.0,"DIGITA-MUMBAI/ 1,376.0",Medium,No,0.0,0.0,0.0,0.0,[],[],,
20260726_164425_DR VIJAY.pdf,Bank Statement,Receipt,20251015,Suspense,bank of baroda,Suspense,615.0,DIGITA-MUMBAI/ 615.00,Medium,No,0.0,0.0,0.0,0.0,[],[],,
20260726_164425_DR VIJAY.pdf,Bank Statement,Receipt,20251015,Suspense,bank of baroda,Suspense,2353.0,"DIGITA-MUMBAI/ 2,353.0",Medium,No,0.0,0.0,0.0,0.0,[],[],,
20260726_164425_DR VIJAY.pdf,Bank Statement,Receipt,20251015,Suspense,bank of baroda,Suspense,2398.0,"DIGITA-MUMBAI/ 2,398.0",Medium,No,0.0,0.0,0.0,0.0,[],[],,
20260726_164425_DR VIJAY.pdf,Bank Statement,Receipt,20251015,Suspense,bank of baroda,Suspense,1008.0,"DIGITA-MUMBAI/ 1,008.0",Medium,No,0.0,0.0,0.0,0.0,[],[],,
20260726_164425_DR VIJAY.pdf,Bank Statement,Receipt,20251015,Suspense,bank of baroda,Suspense,752.0,DIGITA-MUMBAI/ 752.00,Medium,No,0.0,0.0,0.0,0.0,[],[],,
20260726_164425_DR VIJAY.pdf,Bank Statement,Receipt,20251015,Suspense,bank of baroda,Suspense,966.0,DIGITA-MUMBAI/ 966.00,Medium,No,0.0,0.0,0.0,0.0,[],[],,
20260726_164425_DR VIJAY.pdf,Bank Statement,Receipt,20251015,Suspense,bank of baroda,Suspense,1378.0,"DIGITA-MUMBAI/ 1,378.0",Medium,No,0.0,0.0,0.0,0.0,[],[],,
20260726_164425_DR VIJAY.pdf,Bank Statement,Receipt,20251015,Suspense,bank of baroda,Suspense,1403.0,"DIGITA-MUMBAI/ 1,403.0",Medium,No,0.0,0.0,0.0,0.0,[],[],,
20260726_164425_DR VIJAY.pdf,Bank Statement,Receipt,20251015,Suspense,bank of baroda,Suspense,1564.0,"DIGITA-MUMBAI/ 1,564.0",Medium,No,0.0,0.0,0.0,0.0,[],[],,
20260726_164425_DR VIJAY.pdf,Bank Statement,Receipt,20251015,Suspense,bank of baroda,Suspense,1176.0,"DIGITA-MUMBAI/ 1,176.0",Medium,No,0.0,0.0,0.0,0.0,[],[],,
20260726_164425_DR VIJAY.pdf,Bank Statement,Receipt,20251015,Suspense,bank of baroda,Suspense,764.0,DIGITA-MUMBAI/ 764.00,Medium,No,0.0,0.0,0.0,0.0,[],[],,
20260726_164425_DR VIJAY.pdf,Bank Statement,Receipt,20251015,Suspense,bank of baroda,Suspense,912.0,DIGITA-MUMBAI/ 912.00,Medium,No,0.0,0.0,0.0,0.0,[],[],,
20260726_164425_DR VIJAY.pdf,Bank Statement,Receipt,20251015,Suspense,bank of baroda,Suspense,935.0,DIGITA-MUMBAI/ 935.00,Medium,No,0.0,0.0,0.0,0.0,[],[],,
20260726_164425_DR VIJAY.pdf,Bank Statement,Receipt,20251015,Suspense,bank of baroda,Suspense,614.0,DIGITA-MUMBAI/ 614.00,Medium,No,0.0,0.0,0.0,0.0,[],[],,
20260726_164425_DR VIJAY.pdf,Bank Statement,Receipt,20251015,Suspense,bank of baroda,Suspense,833.0,DIGITA-MUMBAI/ 833.00,Medium,No,0.0,0.0,0.0,0.0,[],[],,
20260726_164425_DR VIJAY.pdf,Bank Statement,Receipt,20251015,Suspense,bank of baroda,Suspense,1395.0,"DIGITA-MUMBAI/ 1,395.0",Medium,No,0.0,0.0,0.0,0.0,[],[],,
20260726_164425_DR VIJAY.pdf,Bank Statement,Receipt,20251015,Suspense,bank of baroda,Suspense,1058.0,"DIGITA-MUMBAI/ 1,058.0",Medium,No,0.0,0.0,0.0,0.0,[],[],,
20260726_164425_DR VIJAY.pdf,Bank Statement,Receipt,20251015,Suspense,bank of baroda,Suspense,694.0,DIGITA-MUMBAI/ 694.00,Medium,No,0.0,0.0,0.0,0.0,[],[],,
20260726_164425_DR VIJAY.pdf,Bank Statement,Receipt,20251015,Suspense,bank of baroda,Suspense,1901.0,"DIGITA-MUMBAI/ 1,200.0",Medium,No,0.0,0.0,0.0,0.0,[],[],,
20260726_164425_DR VIJAY.pdf,Bank Statement,Receipt,20251015,Suspense,bank of baroda,Suspense,569.0,DIGITA-MUMBAI/ 569.00,Medium,No,0.0,0.0,0.0,0.0,[],[],,
20260726_164425_DR VIJAY.pdf,Bank Statement,Receipt,20251015,Suspense,bank of baroda,Suspense,363.0,DIGITA-MUMBAI/ 363.00,Medium,No,0.0,0.0,0.0,0.0,[],[],,
20260726_164425_DR VIJAY.pdf,Bank Statement,Receipt,20251015,Suspense,bank of baroda,Suspense,994.0,DIGITA-MUMBAI/ 994.00,Medium,No,0.0,0.0,0.0,0.0,[],[],,
20260726_164425_DR VIJAY.pdf,Bank Statement,Receipt,20251015,Suspense,bank of baroda,Suspense,1273.0,"DIGITA-MUMBAI/ 1,273.0",Medium,No,0.0,0.0,0.0,0.0,[],[],,
20260726_164425_DR VIJAY.pdf,Bank Statement,Receipt,20251015,Suspense,bank of baroda,Suspense,1875.0,"DIGITA-MUMBAI/ 1,875.0",Medium,No,0.0,0.0,0.0,0.0,[],[],,
20260726_164425_DR VIJAY.pdf,Bank Statement,Receipt,20251015,Suspense,bank of baroda,Suspense,181.0,DIGITA-MUMBAI/ 181.00,Medium,No,0.0,0.0,0.0,0.0,[],[],,
20260726_164425_DR VIJAY.pdf,Bank Statement,Receipt,20251015,Suspense,bank of baroda,Suspense,1450.0,"DIGITA-MUMBAI/ 1,450.0",Medium,No,0.0,0.0,0.0,0.0,[],[],,
20260726_164425_DR VIJAY.pdf,Bank Statement,Receipt,20251015,Suspense,bank of baroda,Suspense,1238.0,"DIGITA-MUMBAI/ 1,238.0",Medium,No,0.0,0.0,0.0,0.0,[],[],,
20260726_164425_DR VIJAY.pdf,Bank Statement,Receipt,20251015,Suspense,bank of baroda,Suspense,1403.0,"DIGITA-MUMBAI/ 1,403.0",Medium,No,0.0,0.0,0.0,0.0,[],[],,
20260726_164425_DR VIJAY.pdf,Bank Statement,Receipt,20251015,Suspense,bank of baroda,Suspense,2230.0,"DIGITA-MUMBAI/ 2,230.0",Medium,No,0.0,0.0,0.0,0.0,[],[],,
20260726_164425_DR VIJAY.pdf,Bank Statement,Receipt,20251015,Suspense,bank of baroda,Suspense,1178.0,"DIGITA-MUMBAI/ 1,178.0",Medium,No,0.0,0.0,0.0,0.0,[],[],,
20260726_164425_DR VIJAY.pdf,Bank Statement,Receipt,20251015,Suspense,bank of baroda,Suspense,549.0,DIGITA-MUMBAI/ 549.00,Medium,No,0.0,0.0,0.0,0.0,[],[],,
20260726_164425_DR VIJAY.pdf,Bank Statement,Receipt,20251015,Suspense,bank of baroda,Suspense,592.0,DIGITA-MUMBAI/ 592.00,Medium,No,0.0,0.0,0.0,0.0,[],[],,
20260726_164425_DR VIJAY.pdf,Bank Statement,Receipt,20251015,Suspense,bank of baroda,Suspense,289.0,DIGITA-MUMBAI/ 289.00,Medium,No,0.0,0.0,0.0,0.0,[],[],,
20260726_164425_DR VIJAY.pdf,Bank Statement,Receipt,20251015,Suspense,bank of baroda,Suspense,931.0,DIGITA-MUMBAI/ 931.00,Medium,No,0.0,0.0,0.0,0.0,[],[],,
20260726_164425_DR VIJAY.pdf,Bank Statement,Receipt,20251015,Suspense,bank of baroda,Suspense,2168.0,"DIGITA-MUMBAI/ 2,168.0",Medium,No,0.0,0.0,0.0,0.0,[],[],,
20260726_164425_DR VIJAY.pdf,Bank Statement,Receipt,20251015,Suspense,bank of baroda,Suspense,2168.0,"DIGITA-MUMBAI/ 2,168.0",Medium,No,0.0,0.0,0.0,0.0,[],[],,
20260726_164425_DR VIJAY.pdf,Bank Statement,Receipt,20251015,Suspense,bank of baroda,Suspense,913.0,DIGITA-MUMBAI/ 913.00,Medium,No,0.0,0.0,0.0,0.0,[],[],,
20260726_164425_DR VIJAY.pdf,Bank Statement,Receipt,20251015,Suspense,bank of baroda,Suspense,2183.0,"DIGITA-MUMBAI/ 2,183.0",Medium,No,0.0,0.0,0.0,0.0,[],[],,
20260726_164425_DR VIJAY.pdf,Bank Statement,Receipt,20251015,Suspense,bank of baroda,Suspense,589.0,DIGITA-MUMBAI/ 589.00,Medium,No,0.0,0.0,0.0,0.0,[],[],,
20260726_164425_DR VIJAY.pdf,Bank Statement,Receipt,20251015,Suspense,bank of baroda,Suspense,762.0,DIGITA-MUMBAI/ 762.00,Medium,No,0.0,0.0,0.0,0.0,[],[],,
20260726_164425_DR VIJAY.pdf,Bank Statement,Receipt,20251015,Suspense,bank of baroda,Suspense,677.0,DIGITA-MUMBAI/ 677.00,Medium,No,0.0,0.0,0.0,0.0,[],[],,
20260726_164425_DR VIJAY.pdf,Bank Statement,Receipt,20251015,Suspense,bank of baroda,Suspense,2594.0,"DIGITA-MUMBAI/ 2,594.0",Medium,No,0.0,0.0,0.0,0.0,[],[],,
20260726_164425_DR VIJAY.pdf,Bank Statement,Receipt,20251015,Suspense,bank of baroda,Suspense,155.0,DIGITA-MUMBAI/ 155.00,Medium,No,0.0,0.0,0.0,0.0,[],[],,
20260726_164425_DR VIJAY.pdf,Bank Statement,Receipt,20251015,Suspense,bank of baroda,Suspense,737.0,DIGITA-MUMBAI/ 737.00,Medium,No,0.0,0.0,0.0,0.0,[],[],,
20260726_164425_DR VIJAY.pdf,Bank Statement,Receipt,20251015,Suspense,bank of baroda,Suspense,2699.0,"DIGITA-MUMBAI/ 2,699.0",Medium,No,0.0,0.0,0.0,0.0,[],[],,
20260726_164425_DR VIJAY.pdf,Bank Statement,Receipt,20251015,Suspense,bank of baroda,Suspense,1051.0,"DIGITA-MUMBAI/ 1,051.0",Medium,No,0.0,0.0,0.0,0.0,[],[],,
20260726_164425_DR VIJAY.pdf,Bank Statement,Receipt,20251015,Suspense,bank of baroda,Suspense,2324.0,"DIGITA-MUMBAI/ 2,324.0",Medium,No,0.0,0.0,0.0,0.0,[],[],,
20260726_164425_DR VIJAY.pdf,Bank Statement,Receipt,20251015,Suspense,bank of baroda,Suspense,2226.0,"DIGITA-MUMBAI/ 2,226.0",Medium,No,0.0,0.0,0.0,0.0,[],[],,
20260726_164425_DR VIJAY.pdf,Bank Statement,Receipt,20251015,Suspense,bank of baroda,Suspense,802.0,DIGITA-MUMBAI/ 802.00,Medium,No,0.0,0.0,0.0,0.0,[],[],,
20260726_164425_DR VIJAY.pdf,Bank Statement,Receipt,20251015,Suspense,bank of baroda,Suspense,1704.0,"DIGITA-MUMBAI/ 1,704.0",Medium,No,0.0,0.0,0.0,0.0,[],[],,
20260726_164425_DR VIJAY.pdf,Bank Statement,Receipt,20251015,Suspense,bank of baroda,Suspense,1173.0,"DIGITA-MUMBAI/ 1,173.0",Medium,No,0.0,0.0,0.0,0.0,[],[],,
20260726_164425_DR VIJAY.pdf,Bank Statement,Receipt,20251015,Suspense,bank of baroda,Suspense,1132.0,"DIGITA-MUMBAI/ 1,132.0",Medium,No,0.0,0.0,0.0,0.0,[],[],,
20260726_164425_DR VIJAY.pdf,Bank Statement,Receipt,20251015,Suspense,bank of baroda,Suspense,438.0,DIGITA-MUMBAI/ 438.00,Medium,No,0.0,0.0,0.0,0.0,[],[],,
20260726_164425_DR VIJAY.pdf,Bank Statement,Receipt,20251015,Suspense,bank of baroda,Suspense,1709.0,"DIGITA-MUMBAI/ 1,709.0",Medium,No,0.0,0.0,0.0,0.0,[],[],,
20260726_164425_DR VIJAY.pdf,Bank Statement,Receipt,20251015,Suspense,bank of baroda,Suspense,849.0,DIGITA-MUMBAI/ 849.00,Medium,No,0.0,0.0,0.0,0.0,[],[],,
20260726_164425_DR VIJAY.pdf,Bank Statement,Receipt,20251015,Suspense,bank of baroda,Suspense,2843.0,"DIGITA-MUMBAI/ 2,843.0",Medium,No,0.0,0.0,0.0,0.0,[],[],,
20260726_164425_DR VIJAY.pdf,Bank Statement,Receipt,20251015,Suspense,bank of baroda,Suspense,624.0,DIGITA-MUMBAI/ 624.00,Medium,No,0.0,0.0,0.0,0.0,[],[],,
20260726_164425_DR VIJAY.pdf,Bank Statement,Receipt,20251015,Suspense,bank of baroda,Suspense,2203.0,"DIGITA-MUMBAI/ 2,203.0",Medium,No,0.0,0.0,0.0,0.0,[],[],,
20260726_164425_DR VIJAY.pdf,Bank Statement,Receipt,20251015,Suspense,bank of baroda,Suspense,1620.0,"DIGITA-MUMBAI/ 1,620.0",Medium,No,0.0,0.0,0.0,0.0,[],[],,
20260726_164425_DR VIJAY.pdf,Bank Statement,Receipt,20251015,Suspense,bank of baroda,Suspense,1058.0,"DIGITA-MUMBAI/ 1,058.0",Medium,No,0.0,0.0,0.0,0.0,[],[],,
20260726_164425_DR VIJAY.pdf,Bank Statement,Receipt,20251015,Suspense,bank of baroda,Suspense,430.0,DIGITA-MUMBAI/ 430.00,Medium,No,0.0,0.0,0.0,0.0,[],[],,
20260726_164425_DR VIJAY.pdf,Bank Statement,Receipt,20251015,Suspense,bank of baroda,Suspense,364.0,DIGITA-MUMBAI/ 364.00,Medium,No,0.0,0.0,0.0,0.0,[],[],,
20260726_164425_DR VIJAY.pdf,Bank Statement,Receipt,20251015,Suspense,bank of baroda,Suspense,759.0,DIGITA-MUMBAI/ 759.00,Medium,No,0.0,0.0,0.0,0.0,[],[],,
20260726_164425_DR VIJAY.pdf,Bank Statement,Receipt,20251015,Suspense,bank of baroda,Suspense,391.0,DIGITA-MUMBAI/ 391.00,Medium,No,0.0,0.0,0.0,0.0,[],[],,
20260726_164425_DR VIJAY.pdf,Bank Statement,Receipt,20251015,Suspense,bank of baroda,Suspense,2005.0,DIGITA-MUMBAI/ 290.00,Medium,No,0.0,0.0,0.0,0.0,[],[],,
20260726_164425_DR VIJAY.pdf,Bank Statement,Receipt,20251015,Suspense,bank of baroda,Suspense,2186.0,"DIGITA-MUMBAI/ 2,186.0",Medium,No,0.0,0.0,0.0,0.0,[],[],,
20260726_164425_DR VIJAY.pdf,Bank Statement,Receipt,20251015,Suspense,bank of baroda,Suspense,1149.0,"DIGITA-MUMBAI/ 1,149.0",Medium,No,0.0,0.0,0.0,0.0,[],[],,
20260726_164425_DR VIJAY.pdf,Bank Statement,Receipt,20251015,Suspense,bank of baroda,Suspense,709.0,DIGITA-MUMBAI/ 709.00,Medium,No,0.0,0.0,0.0,0.0,[],[],,
20260726_164425_DR VIJAY.pdf,Bank Statement,Receipt,20251015,Suspense,bank of baroda,Suspense,561.0,DIGITA-MUMBAI/ 561.00,Medium,No,0.0,0.0,0.0,0.0,[],[],,
20260726_164425_DR VIJAY.pdf,Bank Statement,Receipt,20251015,Suspense,bank of baroda,Suspense,1572.0,"DIGITA-MUMBAI/ 1,572.0",Medium,No,0.0,0.0,0.0,0.0,[],[],,
20260726_164425_DR VIJAY.pdf,Bank Statement,Receipt,20251015,Suspense,bank of baroda,Suspense,1442.0,"DIGITA-MUMBAI/ 1,442.0",Medium,No,0.0,0.0,0.0,0.0,[],[],,
20260726_164425_DR VIJAY.pdf,Bank Statement,Receipt,20251015,Suspense,bank of baroda,Suspense,1259.0,"DIGITA-MUMBAI/ 1,259.0",Medium,No,0.0,0.0,0.0,0.0,[],[],,
20260726_164425_DR VIJAY.pdf,Bank Statement,Receipt,20251015,Suspense,bank of baroda,Suspense,887.0,DIGITA-MUMBAI/ 887.00,Medium,No,0.0,0.0,0.0,0.0,[],[],,
20260726_164425_DR VIJAY.pdf,Bank Statement,Receipt,20251015,Suspense,bank of baroda,Suspense,783.0,DIGITA-MUMBAI/ 783.00,Medium,No,0.0,0.0,0.0,0.0,[],[],,
20260726_164425_DR VIJAY.pdf,Bank Statement,Receipt,20251015,Suspense,bank of baroda,Suspense,1571.0,"DIGITA-MUMBAI/ 1,571.0",Medium,No,0.0,0.0,0.0,0.0,[],[],,
20260726_164425_DR VIJAY.pdf,Bank Statement,Receipt,20251015,Suspense,bank of baroda,Suspense,2430.0,"DIGITA-MUMBAI/ 2,430.0",Medium,No,0.0,0.0,0.0,0.0,[],[],,
20260726_164425_DR VIJAY.pdf,Bank Statement,Receipt,20251015,Suspense,bank of baroda,Suspense,663.0,DIGITA-MUMBAI/ 663.00,Medium,No,0.0,0.0,0.0,0.0,[],[],,
20260726_164425_DR VIJAY.pdf,Bank Statement,Receipt,20251015,Suspense,bank of baroda,Suspense,1768.0,"DIGITA-MUMBAI/ 1,768.0",Medium,No,0.0,0.0,0.0,0.0,[],[],,
20260726_164425_DR VIJAY.pdf,Bank Statement,Receipt,20251015,Suspense,bank of baroda,Suspense,738.0,DIGITA-MUMBAI/ 738.00,Medium,No,0.0,0.0,0.0,0.0,[],[],,
20260726_164425_DR VIJAY.pdf,Bank Statement,Receipt,20251015,Suspense,bank of baroda,Suspense,662.0,DIGITA-MUMBAI/ 662.00,Medium,No,0.0,0.0,0.0,0.0,[],[],,
20260726_164425_DR VIJAY.pdf,Bank Statement,Receipt,20251015,Suspense,bank of baroda,Suspense,410.0,DIGITA-MUMBAI/ 410.00,Medium,No,0.0,0.0,0.0,0.0,[],[],,
20260726_164425_DR VIJAY.pdf,Bank Statement,Receipt,20251015,Suspense,bank of baroda,Suspense,3134.0,"DIGITA-MUMBAI/ 3,134.0",Medium,No,0.0,0.0,0.0,0.0,[],[],,
20260726_164425_DR VIJAY.pdf,Bank Statement,Receipt,20251015,Suspense,bank of baroda,Suspense,622.0,DIGITA-MUMBAI/ 622.00,Medium,No,0.0,0.0,0.0,0.0,[],[],,
20260726_164425_DR VIJAY.pdf,Bank Statement,Receipt,20251015,Suspense,bank of baroda,Suspense,2180.0,"DIGITA-MUMBAI/ 2,180.0",Medium,No,0.0,0.0,0.0,0.0,[],[],,
20260726_164425_DR VIJAY.pdf,Bank Statement,Receipt,20251015,Suspense,bank of baroda,Suspense,171.0,DIGITA-MUMBAI/ 171.00,Medium,No,0.0,0.0,0.0,0.0,[],[],,
20260726_164425_DR VIJAY.pdf,Bank Statement,Receipt,20251015,Suspense,bank of baroda,Suspense,198.0,DIGITA-MUMBAI/ 198.00,Medium,No,0.0,0.0,0.0,0.0,[],[],,
20260726_164425_DR VIJAY.pdf,Bank Statement,Receipt,20251015,Suspense,bank of baroda,Suspense,1270.0,"DIGITA-MUMBAI/ 1,270.0",Medium,No,0.0,0.0,0.0,0.0,[],[],,
20260726_164425_DR VIJAY.pdf,Bank Statement,Receipt,20251015,Suspense,bank of baroda,Suspense,690.0,DIGITA-MUMBAI/ 690.00,Medium,No,0.0,0.0,0.0,0.0,[],[],,
20260726_164425_DR VIJAY.pdf,Bank Statement,Receipt,20251015,Suspense,bank of baroda,Suspense,802.0,DIGITA-MUMBAI/ 802.00,Medium,No,0.0,0.0,0.0,0.0,[],[],,
20260726_164425_DR VIJAY.pdf,Bank Statement,Receipt,20251015,Suspense,bank of baroda,Suspense,542.0,DIGITA-MUMBAI/ 542.00,Medium,No,0.0,0.0,0.0,0.0,[],[],,
20260726_164425_DR VIJAY.pdf,Bank Statement,Receipt,20251015,Suspense,bank of baroda,Suspense,1552.0,"DIGITA-MUMBAI/ 1,552.0",Medium,No,0.0,0.0,0.0,0.0,[],[],,
20260726_164425_DR VIJAY.pdf,Bank Statement,Receipt,20251015,Suspense,bank of baroda,Suspense,936.0,DIGITA-MUMBAI/ 936.00,Medium,No,0.0,0.0,0.0,0.0,[],[],,
20260726_164425_DR VIJAY.pdf,Bank Statement,Receipt,20251015,Suspense,bank of baroda,Suspense,3177.0,"DIGITA-MUMBAI/ 3,177.0",Medium,No,0.0,0.0,0.0,0.0,[],[],,
20260726_164425_DR VIJAY.pdf,Bank Statement,Receipt,20251015,Suspense,bank of baroda,Suspense,987.0,DIGITA-MUMBAI/ 987.00,Medium,No,0.0,0.0,0.0,0.0,[],[],,
20260726_164425_DR VIJAY.pdf,Bank Statement,Receipt,20251015,Suspense,bank of baroda,Suspense,744.0,DIGITA-MUMBAI/ 744.00,Medium,No,0.0,0.0,0.0,0.0,[],[],,
20260726_164425_DR VIJAY.pdf,Bank Statement,Receipt,20251015,Suspense,bank of baroda,Suspense,377.0,DIGITA-MUMBAI/ 377.00,Medium,No,0.0,0.0,0.0,0.0,[],[],,
20260726_164425_DR VIJAY.pdf,Bank Statement,Receipt,20251015,Suspense,bank of baroda,Suspense,868.0,DIGITA-MUMBAI/ 868.00,Medium,No,0.0,0.0,0.0,0.0,[],[],,
20260726_164425_DR VIJAY.pdf,Bank Statement,Receipt,20251015,Suspense,bank of baroda,Suspense,449.0,DIGITA-MUMBAI/ 449.00,Medium,No,0.0,0.0,0.0,0.0,[],[],,
20260726_164425_DR VIJAY.pdf,Bank Statement,Receipt,20251015,Suspense,bank of baroda,Suspense,1446.0,"DIGITA-MUMBAI/ 1,446.0",Medium,No,0.0,0.0,0.0,0.0,[],[],,
20260726_164425_DR VIJAY.pdf,Bank Statement,Receipt,20251015,Suspense,bank of baroda,Suspense,1477.0,"DIGITA-MUMBAI/ 1,477.0",Medium,No,0.0,0.0,0.0,0.0,[],[],,
20260726_164425_DR VIJAY.pdf,Bank Statement,Receipt,20251015,Suspense,bank of baroda,Suspense,848.0,DIGITA-MUMBAI/ 848.00,Medium,No,0.0,0.0,0.0,0.0,[],[],,
20260726_164425_DR VIJAY.pdf,Bank Statement,Receipt,20251015,Suspense,bank of baroda,Suspense,1152.0,"DIGITA-MUMBAI/ 1,152.0",Medium,No,0.0,0.0,0.0,0.0,[],[],,
20260726_164425_DR VIJAY.pdf,Bank Statement,Receipt,20251015,Suspense,bank of baroda,Suspense,526.0,DIGITA-MUMBAI/ 526.00,Medium,No,0.0,0.0,0.0,0.0,[],[],,
20260726_164425_DR VIJAY.pdf,Bank Statement,Receipt,20251015,Suspense,bank of baroda,Suspense,1449.0,"DIGITA-MUMBAI/ 1,449.0",Medium,No,0.0,0.0,0.0,0.0,[],[],,
20260726_164425_DR VIJAY.pdf,Bank Statement,Receipt,20251015,Suspense,bank of baroda,Suspense,579.0,DIGITA-MUMBAI/ 579.00,Medium,No,0.0,0.0,0.0,0.0,[],[],,
20260726_164425_DR VIJAY.pdf,Bank Statement,Receipt,20251015,Suspense,bank of baroda,Suspense,906.0,DIGITA-MUMBAI/ 906.00,Medium,No,0.0,0.0,0.0,0.0,[],[],,
20260726_164425_DR VIJAY.pdf,Bank Statement,Receipt,20251015,Suspense,bank of baroda,Suspense,317.0,DIGITA-MUMBAI/ 317.00,Medium,No,0.0,0.0,0.0,0.0,[],[],,
20260726_164425_DR VIJAY.pdf,Bank Statement,Receipt,20251015,Suspense,bank of baroda,Suspense,723.0,DIGITA-MUMBAI/ 723.00,Medium,No,0.0,0.0,0.0,0.0,[],[],,
20260726_164425_DR VIJAY.pdf,Bank Statement,Receipt,20251015,Suspense,bank of baroda,Suspense,969.0,DIGITA-MUMBAI/ 969.00,Medium,No,0.0,0.0,0.0,0.0,[],[],,
20260726_164425_DR VIJAY.pdf,Bank Statement,Receipt,20251015,Suspense,bank of baroda,Suspense,2613.0,"DIGITA-MUMBAI/ 2,613.0",Medium,No,0.0,0.0,0.0,0.0,[],[],,
20260726_164425_DR VIJAY.pdf,Bank Statement,Receipt,20251015,Suspense,bank of baroda,Suspense,3372.0,"DIGITA-MUMBAI/ 1,987.0",Medium,No,0.0,0.0,0.0,0.0,[],[],,
20260726_164425_DR VIJAY.pdf,Bank Statement,Receipt,20251015,Suspense,bank of baroda,Suspense,847.0,DIGITA-MUMBAI/ 847.00,Medium,No,0.0,0.0,0.0,0.0,[],[],,
20260726_164425_DR VIJAY.pdf,Bank Statement,Receipt,20251015,Suspense,bank of baroda,Suspense,1484.0,"DIGITA-MUMBAI/ 1,484.0",Medium,No,0.0,0.0,0.0,0.0,[],[],,
20260726_164425_DR VIJAY.pdf,Bank Statement,Receipt,20251015,Suspense,bank of baroda,Suspense,1609.0,"DIGITA-MUMBAI/ 1,609.0",Medium,No,0.0,0.0,0.0,0.0,[],[],,
20260726_164425_DR VIJAY.pdf,Bank Statement,Receipt,20251015,Suspense,bank of baroda,Suspense,1210.0,"DIGITA-MUMBAI/ 1,210.0",Medium,No,0.0,0.0,0.0,0.0,[],[],,
20260726_164425_DR VIJAY.pdf,Bank Statement,Receipt,20251015,Suspense,bank of baroda,Suspense,1497.0,"DIGITA-MUMBAI/ 1,497.0",Medium,No,0.0,0.0,0.0,0.0,[],[],,
20260726_164425_DR VIJAY.pdf,Bank Statement,Receipt,20251015,Suspense,bank of baroda,Suspense,238.0,DIGITA-MUMBAI/ 238.00,Medium,No,0.0,0.0,0.0,0.0,[],[],,
20260726_164425_DR VIJAY.pdf,Bank Statement,Receipt,20251015,Suspense,bank of baroda,Suspense,770.0,DIGITA-MUMBAI/ 770.00,Medium,No,0.0,0.0,0.0,0.0,[],[],,
20260726_164425_DR VIJAY.pdf,Bank Statement,Receipt,20251015,Suspense,bank of baroda,Suspense,623.0,DIGITA-MUMBAI/ 623.00,Medium,No,0.0,0.0,0.0,0.0,[],[],,
20260726_164425_DR VIJAY.pdf,Bank Statement,Receipt,20251015,Suspense,bank of baroda,Suspense,1078.0,"DIGITA-MUMBAI/ 1,078.0",Medium,No,0.0,0.0,0.0,0.0,[],[],,
20260726_164425_DR VIJAY.pdf,Bank Statement,Receipt,20251015,Suspense,bank of baroda,Suspense,2376.0,"DIGITA-MUMBAI/ 2,376.0",Medium,No,0.0,0.0,0.0,0.0,[],[],,
20260726_164425_DR VIJAY.pdf,Bank Statement,Receipt,20251015,Suspense,bank of baroda,Suspense,989.0,DIGITA-MUMBAI/ 989.00,Medium,No,0.0,0.0,0.0,0.0,[],[],,
20260726_164425_DR VIJAY.pdf,Bank Statement,Receipt,20251015,Suspense,bank of baroda,Suspense,1226.0,"DIGITA-MUMBAI/ 1,226.0",Medium,No,0.0,0.0,0.0,0.0,[],[],,
20260726_164425_DR VIJAY.pdf,Bank Statement,Receipt,20251015,Suspense,bank of baroda,Suspense,1191.0,"DIGITA-MUMBAI/ 1,191.0",Medium,No,0.0,0.0,0.0,0.0,[],[],,
20260726_164425_DR VIJAY.pdf,Bank Statement,Receipt,20251015,Suspense,bank of baroda,Suspense,901.0,DIGITA-MUMBAI/ 901.00,Medium,No,0.0,0.0,0.0,0.0,[],[],,
20260726_164425_DR VIJAY.pdf,Bank Statement,Receipt,20251015,Suspense,bank of baroda,Suspense,1303.0,"DIGITA-MUMBAI/ 1,303.0",Medium,No,0.0,0.0,0.0,0.0,[],[],,
20260726_164425_DR VIJAY.pdf,Bank Statement,Receipt,20251015,Suspense,bank of baroda,Suspense,336.0,DIGITA-MUMBAI/ 336.00,Medium,No,0.0,0.0,0.0,0.0,[],[],,
20260726_164425_DR VIJAY.pdf,Bank Statement,Receipt,20251015,Suspense,bank of baroda,Suspense,1385.0,"DIGITA-MUMBAI/ 1,385.0",Medium,No,0.0,0.0,0.0,0.0,[],[],,
20260726_164425_DR VIJAY.pdf,Bank Statement,Receipt,20251015,Suspense,bank of baroda,Suspense,1105.0,"DIGITA-MUMBAI/ 1,105.0",Medium,No,0.0,0.0,0.0,0.0,[],[],,
20260726_164425_DR VIJAY.pdf,Bank Statement,Receipt,20251015,Suspense,bank of baroda,Suspense,682.0,DIGITA-MUMBAI/ 682.00,Medium,No,0.0,0.0,0.0,0.0,[],[],,
20260726_164425_DR VIJAY.pdf,Bank Statement,Receipt,20251015,Suspense,bank of baroda,Suspense,65.0,DIGITA-MUMBAI/ 65.00 6,Medium,No,0.0,0.0,0.0,0.0,[],[],,
20260726_164425_DR VIJAY.pdf,Bank Statement,Receipt,20251015,Suspense,bank of baroda,Suspense,1227.0,"DIGITA-MUMBAI/ 1,227.0",Medium,No,0.0,0.0,0.0,0.0,[],[],,
20260726_164425_DR VIJAY.pdf,Bank Statement,Receipt,20251015,Suspense,bank of baroda,Suspense,894.0,DIGITA-MUMBAI/ 894.00,Medium,No,0.0,0.0,0.0,0.0,[],[],,
20260726_164425_DR VIJAY.pdf,Bank Statement,Receipt,20251015,Suspense,bank of baroda,Suspense,1261.0,"DIGITA-MUMBAI/ 1,261.0",Medium,No,0.0,0.0,0.0,0.0,[],[],,
20260726_164425_DR VIJAY.pdf,Bank Statement,Receipt,20251015,Suspense,bank of baroda,Suspense,1335.0,"DIGITA-MUMBAI/ 1,335.0",Medium,No,0.0,0.0,0.0,0.0,[],[],,
20260726_164425_DR VIJAY.pdf,Bank Statement,Receipt,20251015,Suspense,bank of baroda,Suspense,2177.0,"DIGITA-MUMBAI/ 2,177.0",Medium,No,0.0,0.0,0.0,0.0,[],[],,
20260726_164425_DR VIJAY.pdf,Bank Statement,Receipt,20251015,Suspense,bank of baroda,Suspense,1278.0,"DIGITA-MUMBAI/ 1,278.0",Medium,No,0.0,0.0,0.0,0.0,[],[],,
20260726_164425_DR VIJAY.pdf,Bank Statement,Receipt,20251015,Suspense,bank of baroda,Suspense,670.0,DIGITA-MUMBAI/ 670.00,Medium,No,0.0,0.0,0.0,0.0,[],[],,
20260726_164425_DR VIJAY.pdf,Bank Statement,Receipt,20251015,Suspense,bank of baroda,Suspense,601.0,DIGITA-MUMBAI/ 601.00,Medium,No,0.0,0.0,0.0,0.0,[],[],,
20260726_164425_DR VIJAY.pdf,Bank Statement,Receipt,20251015,Suspense,bank of baroda,Suspense,1387.0,"DIGITA-MUMBAI/ 1,387.0",Medium,No,0.0,0.0,0.0,0.0,[],[],,
20260726_164425_DR VIJAY.pdf,Bank Statement,Receipt,20251015,Suspense,bank of baroda,Suspense,1767.0,"DIGITA-MUMBAI/ 1,767.0",Medium,No,0.0,0.0,0.0,0.0,[],[],,
20260726_164425_DR VIJAY.pdf,Bank Statement,Receipt,20251015,Suspense,bank of baroda,Suspense,232.0,DIGITA-MUMBAI/ 232.00,Medium,No,0.0,0.0,0.0,0.0,[],[],,
20260726_164425_DR VIJAY.pdf,Bank Statement,Receipt,20251015,Suspense,bank of baroda,Suspense,257.0,DIGITA-MUMBAI/ 257.00,Medium,No,0.0,0.0,0.0,0.0,[],[],,
20260726_164425_DR VIJAY.pdf,Bank Statement,Receipt,20251015,Suspense,bank of baroda,Suspense,816.0,DIGITA-MUMBAI/ 816.00,Medium,No,0.0,0.0,0.0,0.0,[],[],,
20260726_164425_DR VIJAY.pdf,Bank Statement,Receipt,20251015,Suspense,bank of baroda,Suspense,1058.0,"DIGITA-MUMBAI/ 1,058.0",Medium,No,0.0,0.0,0.0,0.0,[],[],,
20260726_164425_DR VIJAY.pdf,Bank Statement,Receipt,20251015,Suspense,bank of baroda,Suspense,175.0,DIGITA-MUMBAI/ 175.00,Medium,No,0.0,0.0,0.0,0.0,[],[],,
20260726_164425_DR VIJAY.pdf,Bank Statement,Receipt,20251015,Suspense,bank of baroda,Suspense,758.0,DIGITA-MUMBAI/ 758.00,Medium,No,0.0,0.0,0.0,0.0,[],[],,
20260726_164425_DR VIJAY.pdf,Bank Statement,Receipt,20251015,Suspense,bank of baroda,Suspense,613.0,DIGITA-MUMBAI/ 613.00,Medium,No,0.0,0.0,0.0,0.0,[],[],,
20260726_164425_DR VIJAY.pdf,Bank Statement,Receipt,20251015,Suspense,bank of baroda,Suspense,335.0,DIGITA-MUMBAI/ 335.00,Medium,No,0.0,0.0,0.0,0.0,[],[],,
20260726_164425_DR VIJAY.pdf,Bank Statement,Receipt,20251015,Suspense,bank of baroda,Suspense,569.0,DIGITA-MUMBAI/ 569.00,Medium,No,0.0,0.0,0.0,0.0,[],[],,
20260726_164425_DR VIJAY.pdf,Bank Statement,Receipt,20251015,Suspense,bank of baroda,Suspense,731.0,DIGITA-MUMBAI/ 731.00,Medium,No,0.0,0.0,0.0,0.0,[],[],,
20260726_164425_DR VIJAY.pdf,Bank Statement,Receipt,20251015,Suspense,bank of baroda,Suspense,1617.0,"DIGITA-MUMBAI/ 1,617.0",Medium,No,0.0,0.0,0.0,0.0,[],[],,
20260726_164425_DR VIJAY.pdf,Bank Statement,Receipt,20251015,Suspense,bank of baroda,Suspense,1509.0,"DIGITA-MUMBAI/ 1,509.0",Medium,No,0.0,0.0,0.0,0.0,[],[],,
20260726_164425_DR VIJAY.pdf,Bank Statement,Receipt,20251015,Suspense,bank of baroda,Suspense,95.0,DIGITA-MUMBAI/ 95.00 6,Medium,No,0.0,0.0,0.0,0.0,[],[],,
20260726_164425_DR VIJAY.pdf,Bank Statement,Receipt,20251015,Suspense,bank of baroda,Suspense,3124.0,"DIGITA-MUMBAI/ 3,124.0",Medium,No,0.0,0.0,0.0,0.0,[],[],,
20260726_164425_DR VIJAY.pdf,Bank Statement,Receipt,20251015,Suspense,bank of baroda,Suspense,797.0,DIGITA-MUMBAI/ 797.00,Medium,No,0.0,0.0,0.0,0.0,[],[],,
20260726_164425_DR VIJAY.pdf,Bank Statement,Receipt,20251015,Suspense,bank of baroda,Suspense,1386.0,DIGITA-MUMBAI/ 714.00,Medium,No,0.0,0.0,0.0,0.0,[],[],,
20260726_164425_DR VIJAY.pdf,Bank Statement,Receipt,20251015,Suspense,bank of baroda,Suspense,1037.0,"DIGITA-MUMBAI/ 1,037.0",Medium,No,0.0,0.0,0.0,0.0,[],[],,
20260726_164425_DR VIJAY.pdf,Bank Statement,Receipt,20251015,Suspense,bank of baroda,Suspense,1299.0,"DIGITA-MUMBAI/ 1,299.0",Medium,No,0.0,0.0,0.0,0.0,[],[],,
20260726_164425_DR VIJAY.pdf,Bank Statement,Receipt,20251015,Suspense,bank of baroda,Suspense,1085.0,"DIGITA-MUMBAI/ 1,085.0",Medium,No,0.0,0.0,0.0,0.0,[],[],,
20260726_164425_DR VIJAY.pdf,Bank Statement,Receipt,20251015,Suspense,bank of baroda,Suspense,747.0,DIGITA-MUMBAI/ 747.00,Medium,No,0.0,0.0,0.0,0.0,[],[],,
20260726_164425_DR VIJAY.pdf,Bank Statement,Receipt,20251015,Suspense,bank of baroda,Suspense,1757.0,"DIGITA-MUMBAI/ 1,757.0",Medium,No,0.0,0.0,0.0,0.0,[],[],,
20260726_164425_DR VIJAY.pdf,Bank Statement,Receipt,20251015,Suspense,bank of baroda,Suspense,2465.0,"DIGITA-MUMBAI/ 2,465.0",Medium,No,0.0,0.0,0.0,0.0,[],[],,
20260726_164425_DR VIJAY.pdf,Bank Statement,Receipt,20251015,Suspense,bank of baroda,Suspense,1545.0,"DIGITA-MUMBAI/ 1,545.0",Medium,No,0.0,0.0,0.0,0.0,[],[],,
20260726_164425_DR VIJAY.pdf,Bank Statement,Receipt,20251015,Suspense,bank of baroda,Suspense,117.0,DIGITA-MUMBAI/ 117.00,Medium,No,0.0,0.0,0.0,0.0,[],[],,
20260726_164425_DR VIJAY.pdf,Bank Statement,Receipt,20251015,Suspense,bank of baroda,Suspense,592.0,DIGITA-MUMBAI/ 592.00,Medium,No,0.0,0.0,0.0,0.0,[],[],,
20260726_164425_DR VIJAY.pdf,Bank Statement,Receipt,20251015,Suspense,bank of baroda,Suspense,834.0,DIGITA-MUMBAI/ 834.00,Medium,No,0.0,0.0,0.0,0.0,[],[],,
20260726_164425_DR VIJAY.pdf,Bank Statement,Receipt,20251015,Suspense,bank of baroda,Suspense,1088.0,"DIGITA-MUMBAI/ 1,088.0",Medium,No,0.0,0.0,0.0,0.0,[],[],,
20260726_164425_DR VIJAY.pdf,Bank Statement,Receipt,20251015,Suspense,bank of baroda,Suspense,1223.0,"DIGITA-MUMBAI/ 1,223.0",Medium,No,0.0,0.0,0.0,0.0,[],[],,
20260726_164425_DR VIJAY.pdf,Bank Statement,Receipt,20251015,Suspense,bank of baroda,Suspense,952.0,DIGITA-MUMBAI/ 952.00,Medium,No,0.0,0.0,0.0,0.0,[],[],,
20260726_164425_DR VIJAY.pdf,Bank Statement,Receipt,20251015,Suspense,bank of baroda,Suspense,1294.0,"DIGITA-MUMBAI/ 1,294.0",Medium,No,0.0,0.0,0.0,0.0,[],[],,
20260726_164425_DR VIJAY.pdf,Bank Statement,Receipt,20251015,Suspense,bank of baroda,Suspense,661.0,DIGITA-MUMBAI/ 661.00,Medium,No,0.0,0.0,0.0,0.0,[],[],,
20260726_164425_DR VIJAY.pdf,Bank Statement,Receipt,20251015,Suspense,bank of baroda,Suspense,712.0,DIGITA-MUMBAI/ 712.00,Medium,No,0.0,0.0,0.0,0.0,[],[],,
20260726_164425_DR VIJAY.pdf,Bank Statement,Receipt,20251015,Suspense,bank of baroda,Suspense,571.0,DIGITA-MUMBAI/ 571.00,Medium,No,0.0,0.0,0.0,0.0,[],[],,
20260726_164425_DR VIJAY.pdf,Bank Statement,Receipt,20251015,Suspense,bank of baroda,Suspense,1571.0,"DIGITA-MUMBAI/ 1,571.0",Medium,No,0.0,0.0,0.0,0.0,[],[],,
20260726_164425_DR VIJAY.pdf,Bank Statement,Receipt,20251015,Suspense,bank of baroda,Suspense,1617.0,"DIGITA-MUMBAI/ 1,617.0",Medium,No,0.0,0.0,0.0,0.0,[],[],,
20260726_164425_DR VIJAY.pdf,Bank Statement,Receipt,20251015,Suspense,bank of baroda,Suspense,129.0,DIGITA-MUMBAI/ 129.00,Medium,No,0.0,0.0,0.0,0.0,[],[],,
20260726_164425_DR VIJAY.pdf,Bank Statement,Receipt,20251015,Suspense,bank of baroda,Suspense,1191.0,"DIGITA-MUMBAI/ 1,191.0",Medium,No,0.0,0.0,0.0,0.0,[],[],,
20260726_164425_DR VIJAY.pdf,Bank Statement,Receipt,20251015,Suspense,bank of baroda,Suspense,1322.0,"DIGITA-MUMBAI/ 1,322.0",Medium,No,0.0,0.0,0.0,0.0,[],[],,
20260726_164425_DR VIJAY.pdf,Bank Statement,Receipt,20251015,Suspense,bank of baroda,Suspense,810.0,DIGITA-MUMBAI/ 810.00,Medium,No,0.0,0.0,0.0,0.0,[],[],,
20260726_164425_DR VIJAY.pdf,Bank Statement,Receipt,20251015,Suspense,bank of baroda,Suspense,1474.0,"DIGITA-MUMBAI/ 1,474.0",Medium,No,0.0,0.0,0.0,0.0,[],[],,
20260726_164425_DR VIJAY.pdf,Bank Statement,Receipt,20251015,Suspense,bank of baroda,Suspense,1472.0,"DIGITA-MUMBAI/ 1,472.0",Medium,No,0.0,0.0,0.0,0.0,[],[],,
20260726_164425_DR VIJAY.pdf,Bank Statement,Receipt,20251015,Suspense,bank of baroda,Suspense,672.0,DIGITA-MUMBAI/ 672.00,Medium,No,0.0,0.0,0.0,0.0,[],[],,
20260726_164425_DR VIJAY.pdf,Bank Statement,Receipt,20251015,Suspense,bank of baroda,Suspense,706.0,DIGITA-MUMBAI/ 706.00,Medium,No,0.0,0.0,0.0,0.0,[],[],,
20260726_164425_DR VIJAY.pdf,Bank Statement,Receipt,20251015,Suspense,bank of baroda,Suspense,2103.0,"DIGITA-MUMBAI/ 2,103.0",Medium,No,0.0,0.0,0.0,0.0,[],[],,
20260726_164425_DR VIJAY.pdf,Bank Statement,Receipt,20251015,Suspense,bank of baroda,Suspense,809.0,DIGITA-MUMBAI/ 809.00,Medium,No,0.0,0.0,0.0,0.0,[],[],,
20260726_164425_DR VIJAY.pdf,Bank Statement,Receipt,20251015,Suspense,bank of baroda,Suspense,2834.0,"DIGITA-MUMBAI/ 2,834.0",Medium,No,0.0,0.0,0.0,0.0,[],[],,
20260726_164425_DR VIJAY.pdf,Bank Statement,Receipt,20251015,Suspense,bank of baroda,Suspense,1304.0,"DIGITA-MUMBAI/ 1,304.0",Medium,No,0.0,0.0,0.0,0.0,[],[],,
20260726_164425_DR VIJAY.pdf,Bank Statement,Receipt,20251015,Suspense,bank of baroda,Suspense,1267.0,"DIGITA-MUMBAI/ 1,267.0",Medium,No,0.0,0.0,0.0,0.0,[],[],,
20260726_164425_DR VIJAY.pdf,Bank Statement,Receipt,20251015,Suspense,bank of baroda,Suspense,1271.0,"DIGITA-MUMBAI/ 1,271.0",Medium,No,0.0,0.0,0.0,0.0,[],[],,
20260726_164425_DR VIJAY.pdf,Bank Statement,Receipt,20251015,Suspense,bank of baroda,Suspense,842.0,DIGITA-MUMBAI/ 842.00,Medium,No,0.0,0.0,0.0,0.0,[],[],,
20260726_164425_DR VIJAY.pdf,Bank Statement,Receipt,20251015,Suspense,bank of baroda,Suspense,828.0,DIGITA-MUMBAI/ 828.00,Medium,No,0.0,0.0,0.0,0.0,[],[],,
20260726_164425_DR VIJAY.pdf,Bank Statement,Receipt,20251015,Suspense,bank of baroda,Suspense,1154.0,"DIGITA-MUMBAI/ 1,154.0",Medium,No,0.0,0.0,0.0,0.0,[],[],,
20260726_164425_DR VIJAY.pdf,Bank Statement,Receipt,20251015,Suspense,bank of baroda,Suspense,985.0,DIGITA-MUMBAI/ 985.00,Medium,No,0.0,0.0,0.0,0.0,[],[],,
20260726_164425_DR VIJAY.pdf,Bank Statement,Receipt,20251015,Suspense,bank of baroda,Suspense,1011.0,"DIGITA-MUMBAI/ 1,011.0",Medium,No,0.0,0.0,0.0,0.0,[],[],,
20260726_164425_DR VIJAY.pdf,Bank Statement,Receipt,20251015,Suspense,bank of baroda,Suspense,1601.0,"DIGITA-MUMBAI/ 1,601.0",Medium,No,0.0,0.0,0.0,0.0,[],[],,
20260726_164425_DR VIJAY.pdf,Bank Statement,Receipt,20251015,Suspense,bank of baroda,Suspense,434.0,DIGITA-MUMBAI/ 434.00,Medium,No,0.0,0.0,0.0,0.0,[],[],,
20260726_164425_DR VIJAY.pdf,Bank Statement,Receipt,20251015,Suspense,bank of baroda,Suspense,2435.0,"DIGITA-MUMBAI/ 2,435.0",Medium,No,0.0,0.0,0.0,0.0,[],[],,
20260726_164425_DR VIJAY.pdf,Bank Statement,Receipt,20251015,Suspense,bank of baroda,Suspense,1619.0,"DIGITA-MUMBAI/ 1,619.0",Medium,No,0.0,0.0,0.0,0.0,[],[],,
20260726_164425_DR VIJAY.pdf,Bank Statement,Receipt,20251015,Suspense,bank of baroda,Suspense,702.0,DIGITA-MUMBAI/ 702.00,Medium,No,0.0,0.0,0.0,0.0,[],[],,
20260726_164425_DR VIJAY.pdf,Bank Statement,Receipt,20251015,Suspense,bank of baroda,Suspense,879.0,DIGITA-MUMBAI/ 879.00,Medium,No,0.0,0.0,0.0,0.0,[],[],,
20260726_164425_DR VIJAY.pdf,Bank Statement,Receipt,20251015,Suspense,bank of baroda,Suspense,2740.0,"DIGITA-MUMBAI/ 2,740.0",Medium,No,0.0,0.0,0.0,0.0,[],[],,
20260726_164425_DR VIJAY.pdf,Bank Statement,Receipt,20251015,Suspense,bank of baroda,Suspense,2608.0,DIGITA-MUMBAI/ 573.00,Medium,No,0.0,0.0,0.0,0.0,[],[],,
20260726_164425_DR VIJAY.pdf,Bank Statement,Receipt,20251015,Suspense,bank of baroda,Suspense,397.0,DIGITA-MUMBAI/ 397.00,Medium,No,0.0,0.0,0.0,0.0,[],[],,
20260726_164425_DR VIJAY.pdf,Bank Statement,Receipt,20251015,Suspense,bank of baroda,Suspense,2431.0,"DIGITA-MUMBAI/ 2,431.0",Medium,No,0.0,0.0,0.0,0.0,[],[],,
20260726_164425_DR VIJAY.pdf,Bank Statement,Receipt,20251015,Suspense,bank of baroda,Suspense,1093.0,"DIGITA-MUMBAI/ 1,093.0",Medium,No,0.0,0.0,0.0,0.0,[],[],,
20260726_164425_DR VIJAY.pdf,Bank Statement,Receipt,20251015,Suspense,bank of baroda,Suspense,1360.0,"DIGITA-MUMBAI/ 1,360.0",Medium,No,0.0,0.0,0.0,0.0,[],[],,
20260726_164425_DR VIJAY.pdf,Bank Statement,Receipt,20251015,Suspense,bank of baroda,Suspense,759.0,DIGITA-MUMBAI/ 759.00,Medium,No,0.0,0.0,0.0,0.0,[],[],,
20260726_164425_DR VIJAY.pdf,Bank Statement,Receipt,20251015,Suspense,bank of baroda,Suspense,641.0,DIGITA-MUMBAI/ 641.00,Medium,No,0.0,0.0,0.0,0.0,[],[],,
20260726_164425_DR VIJAY.pdf,Bank Statement,Receipt,20251015,Suspense,bank of baroda,Suspense,674.0,DIGITA-MUMBAI/ 674.00,Medium,No,0.0,0.0,0.0,0.0,[],[],,
20260726_164425_DR VIJAY.pdf,Bank Statement,Receipt,20251015,Suspense,bank of baroda,Suspense,394.0,DIGITA-MUMBAI/ 394.00,Medium,No,0.0,0.0,0.0,0.0,[],[],,
20260726_164425_DR VIJAY.pdf,Bank Statement,Receipt,20251015,Suspense,bank of baroda,Suspense,914.0,DIGITA-MUMBAI/ 914.00,Medium,No,0.0,0.0,0.0,0.0,[],[],,
20260726_164425_DR VIJAY.pdf,Bank Statement,Receipt,20251015,Suspense,bank of baroda,Suspense,775.0,DIGITA-MUMBAI/ 775.00,Medium,No,0.0,0.0,0.0,0.0,[],[],,
20260726_164425_DR VIJAY.pdf,Bank Statement,Receipt,20251015,Suspense,bank of baroda,Suspense,1871.0,"DIGITA-MUMBAI/ 1,871.0",Medium,No,0.0,0.0,0.0,0.0,[],[],,
20260726_164425_DR VIJAY.pdf,Bank Statement,Receipt,20251015,Suspense,bank of baroda,Suspense,2585.0,"DIGITA-MUMBAI/ 2,585.0",Medium,No,0.0,0.0,0.0,0.0,[],[],,
20260726_164425_DR VIJAY.pdf,Bank Statement,Receipt,20251015,Suspense,bank of baroda,Suspense,492.0,DIGITA-MUMBAI/ 492.00,Medium,No,0.0,0.0,0.0,0.0,[],[],,
20260726_164425_DR VIJAY.pdf,Bank Statement,Receipt,20251015,Suspense,bank of baroda,Suspense,913.0,DIGITA-MUMBAI/ 913.00,Medium,No,0.0,0.0,0.0,0.0,[],[],,
20260726_164425_DR VIJAY.pdf,Bank Statement,Receipt,20251015,Suspense,bank of baroda,Suspense,1082.0,"DIGITA-MUMBAI/ 1,082.0",Medium,No,0.0,0.0,0.0,0.0,[],[],,
20260726_164425_DR VIJAY.pdf,Bank Statement,Receipt,20251015,Suspense,bank of baroda,Suspense,658.0,DIGITA-MUMBAI/ 658.00,Medium,No,0.0,0.0,0.0,0.0,[],[],,
20260726_164425_DR VIJAY.pdf,Bank Statement,Receipt,20251015,Suspense,bank of baroda,Suspense,427.0,DIGITA-MUMBAI/ 427.00,Medium,No,0.0,0.0,0.0,0.0,[],[],,
20260726_164425_DR VIJAY.pdf,Bank Statement,Receipt,20251015,Suspense,bank of baroda,Suspense,960.0,DIGITA-MUMBAI/ 960.00,Medium,No,0.0,0.0,0.0,0.0,[],[],,
20260726_164425_DR VIJAY.pdf,Bank Statement,Receipt,20251015,Suspense,bank of baroda,Suspense,764.0,DIGITA-MUMBAI/ 764.00,Medium,No,0.0,0.0,0.0,0.0,[],[],,
20260726_164425_DR VIJAY.pdf,Bank Statement,Receipt,20251015,Suspense,bank of baroda,Suspense,1799.0,"DIGITA-MUMBAI/ 1,799.0",Medium,No,0.0,0.0,0.0,0.0,[],[],,
20260726_164425_DR VIJAY.pdf,Bank Statement,Receipt,20251015,Suspense,bank of baroda,Suspense,674.0,DIGITA-MUMBAI/ 674.00,Medium,No,0.0,0.0,0.0,0.0,[],[],,
20260726_164425_DR VIJAY.pdf,Bank Statement,Receipt,20251015,Suspense,bank of baroda,Suspense,341.0,DIGITA-MUMBAI/ 341.00,Medium,No,0.0,0.0,0.0,0.0,[],[],,
20260726_164425_DR VIJAY.pdf,Bank Statement,Receipt,20251015,Suspense,bank of baroda,Suspense,2341.0,"DIGITA-MUMBAI/ 2,341.0",Medium,No,0.0,0.0,0.0,0.0,[],[],,
20260726_164425_DR VIJAY.pdf,Bank Statement,Receipt,20251015,Suspense,bank of baroda,Suspense,109.0,DIGITA-MUMBAI/ 109.00,Medium,No,0.0,0.0,0.0,0.0,[],[],,
20260726_164425_DR VIJAY.pdf,Bank Statement,Receipt,20251015,Suspense,bank of baroda,Suspense,1004.0,"DIGITA-MUMBAI/ 1,004.0",Medium,No,0.0,0.0,0.0,0.0,[],[],,
20260726_164425_DR VIJAY.pdf,Bank Statement,Receipt,20251015,Suspense,bank of baroda,Suspense,1406.0,"DIGITA-MUMBAI/ 1,406.0",Medium,No,0.0,0.0,0.0,0.0,[],[],,
20260726_164425_DR VIJAY.pdf,Bank Statement,Receipt,20251015,Suspense,bank of baroda,Suspense,1517.0,"DIGITA-MUMBAI/ 1,517.0",Medium,No,0.0,0.0,0.0,0.0,[],[],,
20260726_164425_DR VIJAY.pdf,Bank Statement,Receipt,20251015,Suspense,bank of baroda,Suspense,987.0,DIGITA-MUMBAI/ 987.00,Medium,No,0.0,0.0,0.0,0.0,[],[],,
20260726_164425_DR VIJAY.pdf,Bank Statement,Receipt,20251015,Suspense,bank of baroda,Suspense,1093.0,"DIGITA-MUMBAI/ 1,093.0",Medium,No,0.0,0.0,0.0,0.0,[],[],,
20260726_164425_DR VIJAY.pdf,Bank Statement,Receipt,20251015,Suspense,bank of baroda,Suspense,1085.0,"DIGITA-MUMBAI/ 1,085.0",Medium,No,0.0,0.0,0.0,0.0,[],[],,
20260726_164425_DR VIJAY.pdf,Bank Statement,Receipt,20251015,Suspense,bank of baroda,Suspense,1063.0,"DIGITA-MUMBAI/ 1,063.0",Medium,No,0.0,0.0,0.0,0.0,[],[],,
20260726_164425_DR VIJAY.pdf,Bank Statement,Receipt,20251015,Suspense,bank of baroda,Suspense,1330.0,"DIGITA-MUMBAI/ 1,330.0",Medium,No,0.0,0.0,0.0,0.0,[],[],,
20260726_164425_DR VIJAY.pdf,Bank Statement,Receipt,20251015,Suspense,bank of baroda,Suspense,1673.0,"DIGITA-MUMBAI/ 1,673.0",Medium,No,0.0,0.0,0.0,0.0,[],[],,
20260726_164425_DR VIJAY.pdf,Bank Statement,Receipt,20251015,Suspense,bank of baroda,Suspense,1465.0,"DIGITA-MUMBAI/ 1,465.0",Medium,No,0.0,0.0,0.0,0.0,[],[],,
20260726_164425_DR VIJAY.pdf,Bank Statement,Receipt,20251015,Suspense,bank of baroda,Suspense,1058.0,"DIGITA-MUMBAI/ 1,058.0",Medium,No,0.0,0.0,0.0,0.0,[],[],,
20260726_164425_DR VIJAY.pdf,Bank Statement,Receipt,20251015,Suspense,bank of baroda,Suspense,622.0,DIGITA-MUMBAI/ 622.00,Medium,No,0.0,0.0,0.0,0.0,[],[],,
20260726_164425_DR VIJAY.pdf,Bank Statement,Receipt,20251015,Suspense,bank of baroda,Suspense,920.0,DIGITA-MUMBAI/ 920.00,Medium,No,0.0,0.0,0.0,0.0,[],[],,
20260726_164425_DR VIJAY.pdf,Bank Statement,Receipt,20251015,Suspense,bank of baroda,Suspense,319.0,DIGITA-MUMBAI/ 319.00,Medium,No,0.0,0.0,0.0,0.0,[],[],,
20260726_164425_DR VIJAY.pdf,Bank Statement,Receipt,20251015,Suspense,bank of baroda,Suspense,662.0,DIGITA-MUMBAI/ 662.00,Medium,No,0.0,0.0,0.0,0.0,[],[],,
20260726_164425_DR VIJAY.pdf,Bank Statement,Receipt,20251015,Suspense,bank of baroda,Suspense,1789.0,"DIGITA-MUMBAI/ 1,789.0",Medium,No,0.0,0.0,0.0,0.0,[],[],,
20260726_164425_DR VIJAY.pdf,Bank Statement,Receipt,20251015,Suspense,bank of baroda,Suspense,616.0,DIGITA-MUMBAI/ 616.00,Medium,No,0.0,0.0,0.0,0.0,[],[],,
20260726_164425_DR VIJAY.pdf,Bank Statement,Receipt,20251015,Suspense,bank of baroda,Suspense,1165.0,"DIGITA-MUMBAI/ 1,165.0",Medium,No,0.0,0.0,0.0,0.0,[],[],,
20260726_164425_DR VIJAY.pdf,Bank Statement,Receipt,20251015,Suspense,bank of baroda,Suspense,1543.0,"DIGITA-MUMBAI/ 1,543.0",Medium,No,0.0,0.0,0.0,0.0,[],[],,
20260726_164425_DR VIJAY.pdf,Bank Statement,Receipt,20251015,Suspense,bank of baroda,Suspense,2392.0,"DIGITA-MUMBAI/ 2,392.0",Medium,No,0.0,0.0,0.0,0.0,[],[],,
20260726_164425_DR VIJAY.pdf,Bank Statement,Receipt,20251015,Suspense,bank of baroda,Suspense,2440.0,"DIGITA-MUMBAI/ 2,440.0",Medium,No,0.0,0.0,0.0,0.0,[],[],,
20260726_164425_DR VIJAY.pdf,Bank Statement,Receipt,20251015,Suspense,bank of baroda,Suspense,1940.0,DIGITA-MUMBAI/ 882.00,Medium,No,0.0,0.0,0.0,0.0,[],[],,
20260726_164425_DR VIJAY.pdf,Bank Statement,Receipt,20251015,Suspense,bank of baroda,Suspense,377.0,DIGITA-MUMBAI/ 377.00,Medium,No,0.0,0.0,0.0,0.0,[],[],,
20260726_164425_DR VIJAY.pdf,Bank Statement,Receipt,20251015,Suspense,bank of baroda,Suspense,414.0,DIGITA-MUMBAI/ 414.00,Medium,No,0.0,0.0,0.0,0.0,[],[],,
20260726_164425_DR VIJAY.pdf,Bank Statement,Receipt,20251015,Suspense,bank of baroda,Suspense,570.0,DIGITA-MUMBAI/ 570.00,Medium,No,0.0,0.0,0.0,0.0,[],[],,
20260726_164425_DR VIJAY.pdf,Bank Statement,Receipt,20251015,Suspense,bank of baroda,Suspense,469.0,DIGITA-MUMBAI/ 469.00,Medium,No,0.0,0.0,0.0,0.0,[],[],,
20260726_164425_DR VIJAY.pdf,Bank Statement,Receipt,20251015,Suspense,bank of baroda,Suspense,1863.0,"DIGITA-MUMBAI/ 1,863.0",Medium,No,0.0,0.0,0.0,0.0,[],[],,
20260726_164425_DR VIJAY.pdf,Bank Statement,Receipt,20251015,Suspense,bank of baroda,Suspense,1521.0,"DIGITA-MUMBAI/ 1,521.0",Medium,No,0.0,0.0,0.0,0.0,[],[],,
20260726_164425_DR VIJAY.pdf,Bank Statement,Receipt,20251015,Suspense,bank of baroda,Suspense,526.0,DIGITA-MUMBAI/ 526.00,Medium,No,0.0,0.0,0.0,0.0,[],[],,
20260726_164425_DR VIJAY.pdf,Bank Statement,Receipt,20251015,Suspense,bank of baroda,Suspense,1123.0,"DIGITA-MUMBAI/ 1,123.0",Medium,No,0.0,0.0,0.0,0.0,[],[],,
20260726_164425_DR VIJAY.pdf,Bank Statement,Receipt,20251015,Suspense,bank of baroda,Suspense,815.0,DIGITA-MUMBAI/ 815.00,Medium,No,0.0,0.0,0.0,0.0,[],[],,
20260726_164425_DR VIJAY.pdf,Bank Statement,Receipt,20251015,Suspense,bank of baroda,Suspense,959.0,DIGITA-MUMBAI/ 959.00,Medium,No,0.0,0.0,0.0,0.0,[],[],,
20260726_164425_DR VIJAY.pdf,Bank Statement,Receipt,20251015,Suspense,bank of baroda,Suspense,618.0,DIGITA-MUMBAI/ 618.00,Medium,No,0.0,0.0,0.0,0.0,[],[],,
20260726_164425_DR VIJAY.pdf,Bank Statement,Receipt,20251015,Suspense,bank of baroda,Suspense,88.0,DIGITA-MUMBAI/ 88.00 7,Medium,No,0.0,0.0,0.0,0.0,[],[],,
20260726_164425_DR VIJAY.pdf,Bank Statement,Receipt,20251015,Suspense,bank of baroda,Suspense,650.0,DIGITA-MUMBAI/ 650.00,Medium,No,0.0,0.0,0.0,0.0,[],[],,
20260726_164425_DR VIJAY.pdf,Bank Statement,Receipt,20251015,Suspense,bank of baroda,Suspense,1369.0,"DIGITA-MUMBAI/ 1,369.0",Medium,No,0.0,0.0,0.0,0.0,[],[],,
20260726_164425_DR VIJAY.pdf,Bank Statement,Receipt,20251015,Suspense,bank of baroda,Suspense,1574.0,"DIGITA-MUMBAI/ 1,574.0",Medium,No,0.0,0.0,0.0,0.0,[],[],,
20260726_164425_DR VIJAY.pdf,Bank Statement,Receipt,20251015,Suspense,bank of baroda,Suspense,278.0,DIGITA-MUMBAI/ 278.00,Medium,No,0.0,0.0,0.0,0.0,[],[],,
20260726_164425_DR VIJAY.pdf,Bank Statement,Receipt,20251015,Suspense,bank of baroda,Suspense,533.0,DIGITA-MUMBAI/ 533.00,Medium,No,0.0,0.0,0.0,0.0,[],[],,
20260726_164425_DR VIJAY.pdf,Bank Statement,Receipt,20251015,Suspense,bank of baroda,Suspense,557.0,DIGITA-MUMBAI/ 557.00,Medium,No,0.0,0.0,0.0,0.0,[],[],,
20260726_164425_DR VIJAY.pdf,Bank Statement,Receipt,20251015,Suspense,bank of baroda,Suspense,1117.0,"DIGITA-MUMBAI/ 1,117.0",Medium,No,0.0,0.0,0.0,0.0,[],[],,
20260726_164425_DR VIJAY.pdf,Bank Statement,Receipt,20251015,Suspense,bank of baroda,Suspense,2576.0,"DIGITA-MUMBAI/ 2,576.0",Medium,No,0.0,0.0,0.0,0.0,[],[],,
20260726_164425_DR VIJAY.pdf,Bank Statement,Receipt,20251015,Suspense,bank of baroda,Suspense,1691.0,"DIGITA-MUMBAI/ 1,691.0",Medium,No,0.0,0.0,0.0,0.0,[],[],,
20260726_164425_DR VIJAY.pdf,Bank Statement,Receipt,20251015,Suspense,bank of baroda,Suspense,676.0,DIGITA-MUMBAI/ 676.00,Medium,No,0.0,0.0,0.0,0.0,[],[],,
20260726_164425_DR VIJAY.pdf,Bank Statement,Receipt,20251015,Suspense,bank of baroda,Suspense,757.0,DIGITA-MUMBAI/ 757.00,Medium,No,0.0,0.0,0.0,0.0,[],[],,
20260726_164425_DR VIJAY.pdf,Bank Statement,Receipt,20251015,Suspense,bank of baroda,Suspense,1339.0,"DIGITA-MUMBAI/ 1,339.0",Medium,No,0.0,0.0,0.0,0.0,[],[],,
20260726_164425_DR VIJAY.pdf,Bank Statement,Receipt,20251015,Suspense,bank of baroda,Suspense,1117.0,"DIGITA-MUMBAI/ 1,117.0",Medium,No,0.0,0.0,0.0,0.0,[],[],,
20260726_164425_DR VIJAY.pdf,Bank Statement,Receipt,20251015,Suspense,bank of baroda,Suspense,375.0,DIGITA-MUMBAI/ 375.00,Medium,No,0.0,0.0,0.0,0.0,[],[],,
20260726_164425_DR VIJAY.pdf,Bank Statement,Receipt,20251015,Suspense,bank of baroda,Suspense,460.0,DIGITA-MUMBAI/ 460.00,Medium,No,0.0,0.0,0.0,0.0,[],[],,
20260726_164425_DR VIJAY.pdf,Bank Statement,Receipt,20251015,Suspense,bank of baroda,Suspense,735.0,DIGITA-MUMBAI/ 735.00,Medium,No,0.0,0.0,0.0,0.0,[],[],,
20260726_164425_DR VIJAY.pdf,Bank Statement,Receipt,20251015,Suspense,bank of baroda,Suspense,1965.0,"DIGITA-MUMBAI/ 1,965.0",Medium,No,0.0,0.0,0.0,0.0,[],[],,
20260726_164425_DR VIJAY.pdf,Bank Statement,Receipt,20251015,Suspense,bank of baroda,Suspense,282.0,DIGITA-MUMBAI/ 282.00,Medium,No,0.0,0.0,0.0,0.0,[],[],,
20260726_164425_DR VIJAY.pdf,Bank Statement,Receipt,20251015,Suspense,bank of baroda,Suspense,1540.0,"DIGITA-MUMBAI/ 1,540.0",Medium,No,0.0,0.0,0.0,0.0,[],[],,
20260726_164425_DR VIJAY.pdf,Bank Statement,Receipt,20251015,Suspense,bank of baroda,Suspense,247.0,DIGITA-MUMBAI/ 247.00,Medium,No,0.0,0.0,0.0,0.0,[],[],,
20260726_164425_DR VIJAY.pdf,Bank Statement,Receipt,20251015,Suspense,bank of baroda,Suspense,44.0,DIGITA-MUMBAI/ 44.00 7,Medium,No,0.0,0.0,0.0,0.0,[],[],,
20260726_164425_DR VIJAY.pdf,Bank Statement,Receipt,20251015,Suspense,bank of baroda,Suspense,920.0,DIGITA-MUMBAI/ 920.00,Medium,No,0.0,0.0,0.0,0.0,[],[],,
20260726_164425_DR VIJAY.pdf,Bank Statement,Receipt,20251015,Suspense,bank of baroda,Suspense,114.0,DIGITA-MUMBAI/ 114.00,Medium,No,0.0,0.0,0.0,0.0,[],[],,
20260726_164425_DR VIJAY.pdf,Bank Statement,Receipt,20251015,Suspense,bank of baroda,Suspense,1011.0,"DIGITA-MUMBAI/ 1,011.0",Medium,No,0.0,0.0,0.0,0.0,[],[],,
20260726_164425_DR VIJAY.pdf,Bank Statement,Receipt,20251015,Suspense,bank of baroda,Suspense,2330.0,"DIGITA-MUMBAI/ 2,330.0",Medium,No,0.0,0.0,0.0,0.0,[],[],,
20260726_164425_DR VIJAY.pdf,Bank Statement,Receipt,20251015,Suspense,bank of baroda,Suspense,1001.0,"DIGITA-MUMBAI/ 1,001.0",Medium,No,0.0,0.0,0.0,0.0,[],[],,
20260726_164425_DR VIJAY.pdf,Bank Statement,Receipt,20251015,Suspense,bank of baroda,Suspense,1826.0,"DIGITA-MUMBAI/ 1,826.0",Medium,No,0.0,0.0,0.0,0.0,[],[],,
20260726_164425_DR VIJAY.pdf,Bank Statement,Receipt,20251015,Suspense,bank of baroda,Suspense,2329.0,"DIGITA-MUMBAI/ 2,329.0",Medium,No,0.0,0.0,0.0,0.0,[],[],,
20260726_164425_DR VIJAY.pdf,Bank Statement,Receipt,20251015,Suspense,bank of baroda,Suspense,1531.0,"DIGITA-MUMBAI/ 1,531.0",Medium,No,0.0,0.0,0.0,0.0,[],[],,
20260726_164425_DR VIJAY.pdf,Bank Statement,Receipt,20251015,Suspense,bank of baroda,Suspense,2016.0,"DIGITA-MUMBAI/ 2,016.0",Medium,No,0.0,0.0,0.0,0.0,[],[],,
20260726_164425_DR VIJAY.pdf,Bank Statement,Receipt,20251015,Suspense,bank of baroda,Suspense,443.0,DIGITA-MUMBAI/ 443.00,Medium,No,0.0,0.0,0.0,0.0,[],[],,
20260726_164425_DR VIJAY.pdf,Bank Statement,Receipt,20251015,Suspense,bank of baroda,Suspense,949.0,DIGITA-MUMBAI/ 949.00,Medium,No,0.0,0.0,0.0,0.0,[],[],,
20260726_164425_DR VIJAY.pdf,Bank Statement,Receipt,20251015,Suspense,bank of baroda,Suspense,1007.0,"DIGITA-MUMBAI/ 1,007.0",Medium,No,0.0,0.0,0.0,0.0,[],[],,
20260726_164425_DR VIJAY.pdf,Bank Statement,Receipt,20251015,Suspense,bank of baroda,Suspense,5612.0,"DIGITA-MUMBAI/ 1,990.0",Medium,No,0.0,0.0,0.0,0.0,[],[],,
20260726_164425_DR VIJAY.pdf,Bank Statement,Receipt,20251015,Suspense,bank of baroda,Suspense,850.0,DIGITA-MUMBAI/ 850.00,Medium,No,0.0,0.0,0.0,0.0,[],[],,
20260726_164425_DR VIJAY.pdf,Bank Statement,Receipt,20251015,Suspense,bank of baroda,Suspense,253.0,DIGITA-MUMBAI/ 253.00,Medium,No,0.0,0.0,0.0,0.0,[],[],,
20260726_164425_DR VIJAY.pdf,Bank Statement,Receipt,20251015,Suspense,bank of baroda,Suspense,764.0,DIGITA-MUMBAI/ 764.00,Medium,No,0.0,0.0,0.0,0.0,[],[],,
20260726_164425_DR VIJAY.pdf,Bank Statement,Receipt,20251015,Suspense,bank of baroda,Suspense,247.0,DIGITA-MUMBAI/ 247.00,Medium,No,0.0,0.0,0.0,0.0,[],[],,
20260726_164425_DR VIJAY.pdf,Bank Statement,Receipt,20251015,Suspense,bank of baroda,Suspense,1748.0,"DIGITA-MUMBAI/ 1,748.0",Medium,No,0.0,0.0,0.0,0.0,[],[],,
20260726_164425_DR VIJAY.pdf,Bank Statement,Receipt,20251015,Suspense,bank of baroda,Suspense,724.0,DIGITA-MUMBAI/ 724.00,Medium,No,0.0,0.0,0.0,0.0,[],[],,
20260726_164425_DR VIJAY.pdf,Bank Statement,Receipt,20251015,Suspense,bank of baroda,Suspense,1224.0,"DIGITA-MUMBAI/ 1,224.0",Medium,No,0.0,0.0,0.0,0.0,[],[],,
20260726_164425_DR VIJAY.pdf,Bank Statement,Receipt,20251015,Suspense,bank of baroda,Suspense,967.0,DIGITA-MUMBAI/ 967.00,Medium,No,0.0,0.0,0.0,0.0,[],[],,
20260726_164425_DR VIJAY.pdf,Bank Statement,Receipt,20251015,Suspense,bank of baroda,Suspense,476.0,DIGITA-MUMBAI/ 476.00,Medium,No,0.0,0.0,0.0,0.0,[],[],,
20260726_164425_DR VIJAY.pdf,Bank Statement,Receipt,20251015,Suspense,bank of baroda,Suspense,531.0,DIGITA-MUMBAI/ 531.00,Medium,No,0.0,0.0,0.0,0.0,[],[],,
20260726_164425_DR VIJAY.pdf,Bank Statement,Receipt,20251015,Suspense,bank of baroda,Suspense,1390.0,"DIGITA-MUMBAI/ 1,390.0",Medium,No,0.0,0.0,0.0,0.0,[],[],,
20260726_164425_DR VIJAY.pdf,Bank Statement,Receipt,20251015,Suspense,bank of baroda,Suspense,767.0,DIGITA-MUMBAI/ 767.00,Medium,No,0.0,0.0,0.0,0.0,[],[],,
20260726_164425_DR VIJAY.pdf,Bank Statement,Receipt,20251015,Suspense,bank of baroda,Suspense,2621.0,"DIGITA-MUMBAI/ 2,621.0",Medium,No,0.0,0.0,0.0,0.0,[],[],,
20260726_164425_DR VIJAY.pdf,Bank Statement,Receipt,20251015,Suspense,bank of baroda,Suspense,460.0,DIGITA-MUMBAI/ 460.00,Medium,No,0.0,0.0,0.0,0.0,[],[],,
20260726_164425_DR VIJAY.pdf,Bank Statement,Receipt,20251015,Suspense,bank of baroda,Suspense,519.0,DIGITA-MUMBAI/ 519.00,Medium,No,0.0,0.0,0.0,0.0,[],[],,
20260726_164425_DR VIJAY.pdf,Bank Statement,Receipt,20251015,Suspense,bank of baroda,Suspense,535.0,DIGITA-MUMBAI/ 535.00,Medium,No,0.0,0.0,0.0,0.0,[],[],,
20260726_164425_DR VIJAY.pdf,Bank Statement,Receipt,20251015,Suspense,bank of baroda,Suspense,913.0,DIGITA-MUMBAI/ 913.00,Medium,No,0.0,0.0,0.0,0.0,[],[],,
20260726_164425_DR VIJAY.pdf,Bank Statement,Receipt,20251015,Suspense,bank of baroda,Suspense,674.0,DIGITA-MUMBAI/ 674.00,Medium,No,0.0,0.0,0.0,0.0,[],[],,
20260726_164425_DR VIJAY.pdf,Bank Statement,Receipt,20251015,Suspense,bank of baroda,Suspense,683.0,DIGITA-MUMBAI/ 683.00,Medium,No,0.0,0.0,0.0,0.0,[],[],,
20260726_164425_DR VIJAY.pdf,Bank Statement,Receipt,20251015,Suspense,bank of baroda,Suspense,469.0,DIGITA-MUMBAI/ 469.00,Medium,No,0.0,0.0,0.0,0.0,[],[],,
20260726_164425_DR VIJAY.pdf,Bank Statement,Receipt,20251015,Suspense,bank of baroda,Suspense,920.0,DIGITA-MUMBAI/ 920.00,Medium,No,0.0,0.0,0.0,0.0,[],[],,
20260726_164425_DR VIJAY.pdf,Bank Statement,Receipt,20251015,Suspense,bank of baroda,Suspense,972.0,DIGITA-MUMBAI/ 972.00,Medium,No,0.0,0.0,0.0,0.0,[],[],,
20260726_164425_DR VIJAY.pdf,Bank Statement,Receipt,20251015,Suspense,bank of baroda,Suspense,1613.0,"DIGITA-MUMBAI/ 1,613.0",Medium,No,0.0,0.0,0.0,0.0,[],[],,
20260726_164425_DR VIJAY.pdf,Bank Statement,Receipt,20251015,Suspense,bank of baroda,Suspense,1444.0,"DIGITA-MUMBAI/ 1,444.0",Medium,No,0.0,0.0,0.0,0.0,[],[],,
20260726_164425_DR VIJAY.pdf,Bank Statement,Receipt,20251015,Suspense,bank of baroda,Suspense,837.0,DIGITA-MUMBAI/ 837.00,Medium,No,0.0,0.0,0.0,0.0,[],[],,
20260726_164425_DR VIJAY.pdf,Bank Statement,Receipt,20251015,Suspense,bank of baroda,Suspense,1410.0,"DIGITA-MUMBAI/ 1,410.0",Medium,No,0.0,0.0,0.0,0.0,[],[],,
20260726_164425_DR VIJAY.pdf,Bank Statement,Receipt,20251015,Suspense,bank of baroda,Suspense,361.0,DIGITA-MUMBAI/ 361.00,Medium,No,0.0,0.0,0.0,0.0,[],[],,
20260726_164425_DR VIJAY.pdf,Bank Statement,Receipt,20251015,Suspense,bank of baroda,Suspense,182.0,DIGITA-MUMBAI/ 182.00,Medium,No,0.0,0.0,0.0,0.0,[],[],,
20260726_164425_DR VIJAY.pdf,Bank Statement,Receipt,20251015,Suspense,bank of baroda,Suspense,1342.0,"DIGITA-MUMBAI/ 1,342.0",Medium,No,0.0,0.0,0.0,0.0,[],[],,
20260726_164425_DR VIJAY.pdf,Bank Statement,Receipt,20251015,Suspense,bank of baroda,Suspense,860.0,DIGITA-MUMBAI/ 860.00,Medium,No,0.0,0.0,0.0,0.0,[],[],,
20260726_164425_DR VIJAY.pdf,Bank Statement,Receipt,20251015,Suspense,bank of baroda,Suspense,932.0,DIGITA-MUMBAI/ 932.00,Medium,No,0.0,0.0,0.0,0.0,[],[],,
20260726_164425_DR VIJAY.pdf,Bank Statement,Receipt,20251015,Suspense,bank of baroda,Suspense,361.0,DIGITA-MUMBAI/ 361.00,Medium,No,0.0,0.0,0.0,0.0,[],[],,
20260726_164425_DR VIJAY.pdf,Bank Statement,Receipt,20251015,Suspense,bank of baroda,Suspense,346.0,DIGITA-MUMBAI/ 346.00,Medium,No,0.0,0.0,0.0,0.0,[],[],,
20260726_164425_DR VIJAY.pdf,Bank Statement,Receipt,20251015,Suspense,bank of baroda,Suspense,406.0,DIGITA-MUMBAI/ 406.00,Medium,No,0.0,0.0,0.0,0.0,[],[],,
20260726_164425_DR VIJAY.pdf,Bank Statement,Receipt,20251015,Suspense,bank of baroda,Suspense,1351.0,"DIGITA-MUMBAI/ 1,351.0",Medium,No,0.0,0.0,0.0,0.0,[],[],,
20260726_164425_DR VIJAY.pdf,Bank Statement,Receipt,20251015,Suspense,bank of baroda,Suspense,1472.0,"DIGITA-MUMBAI/ 1,472.0",Medium,No,0.0,0.0,0.0,0.0,[],[],,
20260726_164425_DR VIJAY.pdf,Bank Statement,Receipt,20251015,Suspense,bank of baroda,Suspense,256.0,DIGITA-MUMBAI/ 256.00,Medium,No,0.0,0.0,0.0,0.0,[],[],,
20260726_164425_DR VIJAY.pdf,Bank Statement,Receipt,20251015,Suspense,bank of baroda,Suspense,1952.0,"DIGITA-MUMBAI/ 1,952.0",Medium,No,0.0,0.0,0.0,0.0,[],[],,
20260726_164425_DR VIJAY.pdf,Bank Statement,Receipt,20251015,Suspense,bank of baroda,Suspense,866.0,DIGITA-MUMBAI/ 866.00,Medium,No,0.0,0.0,0.0,0.0,[],[],,
20260726_164425_DR VIJAY.pdf,Bank Statement,Receipt,20251015,Suspense,bank of baroda,Suspense,1531.0,"DIGITA-MUMBAI/ 1,531.0",Medium,No,0.0,0.0,0.0,0.0,[],[],,
20260726_164425_DR VIJAY.pdf,Bank Statement,Receipt,20251015,Suspense,bank of baroda,Suspense,405.0,DIGITA-MUMBAI/ 405.00,Medium,No,0.0,0.0,0.0,0.0,[],[],,
20260726_164425_DR VIJAY.pdf,Bank Statement,Receipt,20251015,Suspense,bank of baroda,Suspense,483.0,DIGITA-MUMBAI/ 483.00,Medium,No,0.0,0.0,0.0,0.0,[],[],,
20260726_164425_DR VIJAY.pdf,Bank Statement,Receipt,20251015,Suspense,bank of baroda,Suspense,568.0,DIGITA-MUMBAI/ 568.00,Medium,No,0.0,0.0,0.0,0.0,[],[],,
20260726_164425_DR VIJAY.pdf,Bank Statement,Receipt,20251015,Suspense,bank of baroda,Suspense,1177.0,"DIGITA-MUMBAI/ 1,177.0",Medium,No,0.0,0.0,0.0,0.0,[],[],,
20260726_164425_DR VIJAY.pdf,Bank Statement,Receipt,20251015,Suspense,bank of baroda,Suspense,80.0,DIGITA-MUMBAI/ 80.00 8,Medium,No,0.0,0.0,0.0,0.0,[],[],,
20260726_164425_DR VIJAY.pdf,Bank Statement,Receipt,20251015,Suspense,bank of baroda,Suspense,2135.0,DIGITA-MUMBAI/ 540.00,Medium,No,0.0,0.0,0.0,0.0,[],[],,
20260726_164425_DR VIJAY.pdf,Bank Statement,Receipt,20251015,Suspense,bank of baroda,Suspense,1325.0,"DIGITA-MUMBAI/ 1,325.0",Medium,No,0.0,0.0,0.0,0.0,[],[],,
20260726_164425_DR VIJAY.pdf,Bank Statement,Receipt,20251015,Suspense,bank of baroda,Suspense,2852.0,"DIGITA-MUMBAI/ 2,852.0",Medium,No,0.0,0.0,0.0,0.0,[],[],,
20260726_164425_DR VIJAY.pdf,Bank Statement,Receipt,20251015,Suspense,bank of baroda,Suspense,210.0,DIGITA-MUMBAI/ 210.00,Medium,No,0.0,0.0,0.0,0.0,[],[],,
20260726_164425_DR VIJAY.pdf,Bank Statement,Receipt,20251015,Suspense,bank of baroda,Suspense,169.0,DIGITA-MUMBAI/ 169.00,Medium,No,0.0,0.0,0.0,0.0,[],[],,
20260726_164425_DR VIJAY.pdf,Bank Statement,Receipt,20251015,Suspense,bank of baroda,Suspense,65.0,DIGITA-MUMBAI/ 65.00 8,Medium,No,0.0,0.0,0.0,0.0,[],[],,
20260726_164425_DR VIJAY.pdf,Bank Statement,Receipt,20251015,Suspense,bank of baroda,Suspense,1960.0,"DIGITA-MUMBAI/ 1,960.0",Medium,No,0.0,0.0,0.0,0.0,[],[],,
20260726_164425_DR VIJAY.pdf,Bank Statement,Receipt,20251015,Suspense,bank of baroda,Suspense,580.0,DIGITA-MUMBAI/ 580.00,Medium,No,0.0,0.0,0.0,0.0,[],[],,
20260726_164425_DR VIJAY.pdf,Bank Statement,Receipt,20251015,Suspense,bank of baroda,Suspense,1229.0,"DIGITA-MUMBAI/ 1,229.0",Medium,No,0.0,0.0,0.0,0.0,[],[],,
20260726_164425_DR VIJAY.pdf,Bank Statement,Receipt,20251015,Suspense,bank of baroda,Suspense,764.0,DIGITA-MUMBAI/ 764.00,Medium,No,0.0,0.0,0.0,0.0,[],[],,
20260726_164425_DR VIJAY.pdf,Bank Statement,Receipt,20251015,Suspense,bank of baroda,Suspense,810.0,DIGITA-MUMBAI/ 810.00,Medium,No,0.0,0.0,0.0,0.0,[],[],,
20260726_164425_DR VIJAY.pdf,Bank Statement,Receipt,20251015,Suspense,bank of baroda,Suspense,1269.0,"DIGITA-MUMBAI/ 1,269.0",Medium,No,0.0,0.0,0.0,0.0,[],[],,
20260726_164425_DR VIJAY.pdf,Bank Statement,Receipt,20251015,Suspense,bank of baroda,Suspense,371.0,DIGITA-MUMBAI/ 371.00,Medium,No,0.0,0.0,0.0,0.0,[],[],,
20260726_164425_DR VIJAY.pdf,Bank Statement,Receipt,20251015,Suspense,bank of baroda,Suspense,1149.0,"DIGITA-MUMBAI/ 1,149.0",Medium,No,0.0,0.0,0.0,0.0,[],[],,
20260726_164425_DR VIJAY.pdf,Bank Statement,Receipt,20251015,Suspense,bank of baroda,Suspense,2419.0,"DIGITA-MUMBAI/ 2,419.0",Medium,No,0.0,0.0,0.0,0.0,[],[],,
20260726_164425_DR VIJAY.pdf,Bank Statement,Receipt,20251015,Suspense,bank of baroda,Suspense,517.0,DIGITA-MUMBAI/ 517.00,Medium,No,0.0,0.0,0.0,0.0,[],[],,
20260726_164425_DR VIJAY.pdf,Bank Statement,Receipt,20251015,Suspense,bank of baroda,Suspense,1042.0,"DIGITA-MUMBAI/ 1,042.0",Medium,No,0.0,0.0,0.0,0.0,[],[],,
20260726_164425_DR VIJAY.pdf,Bank Statement,Receipt,20251015,Suspense,bank of baroda,Suspense,672.0,DIGITA-MUMBAI/ 672.00,Medium,No,0.0,0.0,0.0,0.0,[],[],,
20260726_164425_DR VIJAY.pdf,Bank Statement,Receipt,20251015,Suspense,bank of baroda,Suspense,129.0,DIGITA-MUMBAI/ 129.00,Medium,No,0.0,0.0,0.0,0.0,[],[],,
20260726_164425_DR VIJAY.pdf,Bank Statement,Receipt,20251015,Suspense,bank of baroda,Suspense,678.0,DIGITA-MUMBAI/ 678.00,Medium,No,0.0,0.0,0.0,0.0,[],[],,
20260726_164425_DR VIJAY.pdf,Bank Statement,Receipt,20251015,Suspense,bank of baroda,Suspense,270.0,DIGITA-MUMBAI/ 270.00,Medium,No,0.0,0.0,0.0,0.0,[],[],,
20260726_164425_DR VIJAY.pdf,Bank Statement,Receipt,20251015,Suspense,bank of baroda,Suspense,546.0,DIGITA-MUMBAI/ 546.00,Medium,No,0.0,0.0,0.0,0.0,[],[],,
20260726_164425_DR VIJAY.pdf,Bank Statement,Receipt,20251015,Suspense,bank of baroda,Suspense,484.0,DIGITA-MUMBAI/ 484.00,Medium,No,0.0,0.0,0.0,0.0,[],[],,
20260726_164425_DR VIJAY.pdf,Bank Statement,Receipt,20251015,Suspense,bank of baroda,Suspense,1339.0,"DIGITA-MUMBAI/ 1,339.0",Medium,No,0.0,0.0,0.0,0.0,[],[],,
20260726_164425_DR VIJAY.pdf,Bank Statement,Receipt,20251015,Suspense,bank of baroda,Suspense,63.0,DIGITA-MUMBAI/ 63.00 8,Medium,No,0.0,0.0,0.0,0.0,[],[],,
20260726_164425_DR VIJAY.pdf,Bank Statement,Receipt,20251015,Suspense,bank of baroda,Suspense,951.0,DIGITA-MUMBAI/ 951.00,Medium,No,0.0,0.0,0.0,0.0,[],[],,
20260726_164425_DR VIJAY.pdf,Bank Statement,Receipt,20251015,Suspense,bank of baroda,Suspense,840.0,DIGITA-MUMBAI/ 840.00,Medium,No,0.0,0.0,0.0,0.0,[],[],,
20260726_164425_DR VIJAY.pdf,Bank Statement,Receipt,20251015,Suspense,bank of baroda,Suspense,605.0,DIGITA-MUMBAI/ 605.00,Medium,No,0.0,0.0,0.0,0.0,[],[],,
20260726_164425_DR VIJAY.pdf,Bank Statement,Receipt,20251015,Suspense,bank of baroda,Suspense,2072.0,"DIGITA-MUMBAI/ 2,072.0",Medium,No,0.0,0.0,0.0,0.0,[],[],,
20260726_164425_DR VIJAY.pdf,Bank Statement,Receipt,20251015,Suspense,bank of baroda,Suspense,561.0,DIGITA-MUMBAI/ 561.00,Medium,No,0.0,0.0,0.0,0.0,[],[],,
20260726_164425_DR VIJAY.pdf,Bank Statement,Receipt,20251015,Suspense,bank of baroda,Suspense,732.0,DIGITA-MUMBAI/ 732.00,Medium,No,0.0,0.0,0.0,0.0,[],[],,
20260726_164425_DR VIJAY.pdf,Bank Statement,Receipt,20251015,Suspense,bank of baroda,Suspense,678.0,DIGITA-MUMBAI/ 678.00,Medium,No,0.0,0.0,0.0,0.0,[],[],,
20260726_164425_DR VIJAY.pdf,Bank Statement,Receipt,20251015,Suspense,bank of baroda,Suspense,906.0,DIGITA-MUMBAI/ 906.00,Medium,No,0.0,0.0,0.0,0.0,[],[],,
20260726_164425_DR VIJAY.pdf,Bank Statement,Receipt,20251015,Suspense,bank of baroda,Suspense,985.0,DIGITA-MUMBAI/ 985.00,Medium,No,0.0,0.0,0.0,0.0,[],[],,
20260726_164425_DR VIJAY.pdf,Bank Statement,Receipt,20251015,Suspense,bank of baroda,Suspense,823.0,DIGITA-MUMBAI/ 823.00,Medium,No,0.0,0.0,0.0,0.0,[],[],,
20260726_164425_DR VIJAY.pdf,Bank Statement,Receipt,20251015,Suspense,bank of baroda,Suspense,569.0,DIGITA-MUMBAI/ 569.00,Medium,No,0.0,0.0,0.0,0.0,[],[],,
20260726_164425_DR VIJAY.pdf,Bank Statement,Receipt,20251015,Suspense,bank of baroda,Suspense,474.0,DIGITA-MUMBAI/ 474.00,Medium,No,0.0,0.0,0.0,0.0,[],[],,
20260726_164425_DR VIJAY.pdf,Bank Statement,Receipt,20251015,Suspense,bank of baroda,Suspense,1674.0,"DIGITA-MUMBAI/ 1,674.0",Medium,No,0.0,0.0,0.0,0.0,[],[],,
20260726_164425_DR VIJAY.pdf,Bank Statement,Receipt,20251015,Suspense,bank of baroda,Suspense,886.0,DIGITA-MUMBAI/ 886.00,Medium,No,0.0,0.0,0.0,0.0,[],[],,
20260726_164425_DR VIJAY.pdf,Bank Statement,Receipt,20251015,Suspense,bank of baroda,Suspense,1531.0,"DIGITA-MUMBAI/ 1,531.0",Medium,No,0.0,0.0,0.0,0.0,[],[],,
20260726_164425_DR VIJAY.pdf,Bank Statement,Receipt,20251015,Suspense,bank of baroda,Suspense,1125.0,"DIGITA-MUMBAI/ 1,125.0",Medium,No,0.0,0.0,0.0,0.0,[],[],,
20260726_164425_DR VIJAY.pdf,Bank Statement,Receipt,20251015,Suspense,bank of baroda,Suspense,686.0,DIGITA-MUMBAI/ 686.00,Medium,No,0.0,0.0,0.0,0.0,[],[],,
20260726_164425_DR VIJAY.pdf,Bank Statement,Receipt,20251015,Suspense,bank of baroda,Suspense,1570.0,"DIGITA-MUMBAI/ 1,570.0",Medium,No,0.0,0.0,0.0,0.0,[],[],,
20260726_164425_DR VIJAY.pdf,Bank Statement,Receipt,20251015,Suspense,bank of baroda,Suspense,604.0,DIGITA-MUMBAI/ 604.00,Medium,No,0.0,0.0,0.0,0.0,[],[],,
20260726_164425_DR VIJAY.pdf,Bank Statement,Receipt,20251015,Suspense,bank of baroda,Suspense,1048.0,"DIGITA-MUMBAI/ 1,048.0",Medium,No,0.0,0.0,0.0,0.0,[],[],,
20260726_164425_DR VIJAY.pdf,Bank Statement,Receipt,20251015,Suspense,bank of baroda,Suspense,1187.0,"DIGITA-MUMBAI/ 1,187.0",Medium,No,0.0,0.0,0.0,0.0,[],[],,
20260726_164425_DR VIJAY.pdf,Bank Statement,Receipt,20251015,Suspense,bank of baroda,Suspense,1632.0,DIGITA-MUMBAI/ 692.00,Medium,No,0.0,0.0,0.0,0.0,[],[],,
20260726_164425_DR VIJAY.pdf,Bank Statement,Receipt,20251015,Suspense,bank of baroda,Suspense,380.0,DIGITA-MUMBAI/ 380.00,Medium,No,0.0,0.0,0.0,0.0,[],[],,
20260726_164425_DR VIJAY.pdf,Bank Statement,Receipt,20251015,Suspense,bank of baroda,Suspense,1118.0,"DIGITA-MUMBAI/ 1,118.0",Medium,No,0.0,0.0,0.0,0.0,[],[],,
20260726_164425_DR VIJAY.pdf,Bank Statement,Receipt,20251015,Suspense,bank of baroda,Suspense,129.0,DIGITA-MUMBAI/ 129.00,Medium,No,0.0,0.0,0.0,0.0,[],[],,
20260726_164425_DR VIJAY.pdf,Bank Statement,Receipt,20251015,Suspense,bank of baroda,Suspense,792.0,DIGITA-MUMBAI/ 792.00,Medium,No,0.0,0.0,0.0,0.0,[],[],,
20260726_164425_DR VIJAY.pdf,Bank Statement,Receipt,20251015,Suspense,bank of baroda,Suspense,1548.0,"DIGITA-MUMBAI/ 1,548.0",Medium,No,0.0,0.0,0.0,0.0,[],[],,
20260726_164425_DR VIJAY.pdf,Bank Statement,Receipt,20251015,Suspense,bank of baroda,Suspense,1949.0,"DIGITA-MUMBAI/ 1,949.0",Medium,No,0.0,0.0,0.0,0.0,[],[],,
20260726_164425_DR VIJAY.pdf,Bank Statement,Receipt,20251015,Suspense,bank of baroda,Suspense,232.0,DIGITA-MUMBAI/ 232.00,Medium,No,0.0,0.0,0.0,0.0,[],[],,
20260726_164425_DR VIJAY.pdf,Bank Statement,Receipt,20251015,Suspense,bank of baroda,Suspense,882.0,DIGITA-MUMBAI/ 882.00,Medium,No,0.0,0.0,0.0,0.0,[],[],,
20260726_164425_DR VIJAY.pdf,Bank Statement,Receipt,20251015,Suspense,bank of baroda,Suspense,591.0,DIGITA-MUMBAI/ 591.00,Medium,No,0.0,0.0,0.0,0.0,[],[],,
20260726_164425_DR VIJAY.pdf,Bank Statement,Receipt,20251015,Suspense,bank of baroda,Suspense,1742.0,"DIGITA-MUMBAI/ 1,742.0",Medium,No,0.0,0.0,0.0,0.0,[],[],,
20260726_164425_DR VIJAY.pdf,Bank Statement,Receipt,20251015,Suspense,bank of baroda,Suspense,943.0,DIGITA-MUMBAI/ 943.00,Medium,No,0.0,0.0,0.0,0.0,[],[],,
20260726_164425_DR VIJAY.pdf,Bank Statement,Receipt,20251015,Suspense,bank of baroda,Suspense,168.0,DIGITA-MUMBAI/ 168.00,Medium,No,0.0,0.0,0.0,0.0,[],[],,
20260726_164425_DR VIJAY.pdf,Bank Statement,Receipt,20251015,Suspense,bank of baroda,Suspense,987.0,DIGITA-MUMBAI/ 987.00,Medium,No,0.0,0.0,0.0,0.0,[],[],,
20260726_164425_DR VIJAY.pdf,Bank Statement,Receipt,20251015,Suspense,bank of baroda,Suspense,274.0,DIGITA-MUMBAI/ 274.00,Medium,No,0.0,0.0,0.0,0.0,[],[],,
20260726_164425_DR VIJAY.pdf,Bank Statement,Receipt,20251015,Suspense,bank of baroda,Suspense,1318.0,"DIGITA-MUMBAI/ 1,318.0",Medium,No,0.0,0.0,0.0,0.0,[],[],,
20260726_164425_DR VIJAY.pdf,Bank Statement,Receipt,20251015,Suspense,bank of baroda,Suspense,205.0,DIGITA-MUMBAI/ 205.00,Medium,No,0.0,0.0,0.0,0.0,[],[],,
20260726_164425_DR VIJAY.pdf,Bank Statement,Receipt,20251015,Suspense,bank of baroda,Suspense,1936.0,"DIGITA-MUMBAI/ 1,936.0",Medium,No,0.0,0.0,0.0,0.0,[],[],,
20260726_164425_DR VIJAY.pdf,Bank Statement,Receipt,20251015,Suspense,bank of baroda,Suspense,558.0,DIGITA-MUMBAI/ 558.00,Medium,No,0.0,0.0,0.0,0.0,[],[],,
20260726_164425_DR VIJAY.pdf,Bank Statement,Receipt,20251015,Suspense,bank of baroda,Suspense,1047.0,"DIGITA-MUMBAI/ 1,047.0",Medium,No,0.0,0.0,0.0,0.0,[],[],,
20260726_164425_DR VIJAY.pdf,Bank Statement,Receipt,20251015,Suspense,bank of baroda,Suspense,745.0,DIGITA-MUMBAI/ 745.00,Medium,No,0.0,0.0,0.0,0.0,[],[],,
20260726_164425_DR VIJAY.pdf,Bank Statement,Receipt,20251015,Suspense,bank of baroda,Suspense,544.0,DIGITA-MUMBAI/ 544.00,Medium,No,0.0,0.0,0.0,0.0,[],[],,
20260726_164425_DR VIJAY.pdf,Bank Statement,Receipt,20251015,Suspense,bank of baroda,Suspense,952.0,DIGITA-MUMBAI/ 952.00,Medium,No,0.0,0.0,0.0,0.0,[],[],,
20260726_164425_DR VIJAY.pdf,Bank Statement,Receipt,20251015,Suspense,bank of baroda,Suspense,1349.0,"DIGITA-MUMBAI/ 1,349.0",Medium,No,0.0,0.0,0.0,0.0,[],[],,
20260726_164425_DR VIJAY.pdf,Bank Statement,Receipt,20251015,Suspense,bank of baroda,Suspense,857.0,DIGITA-MUMBAI/ 857.00,Medium,No,0.0,0.0,0.0,0.0,[],[],,
20260726_164425_DR VIJAY.pdf,Bank Statement,Receipt,20251015,Suspense,bank of baroda,Suspense,247.0,DIGITA-MUMBAI/ 247.00,Medium,No,0.0,0.0,0.0,0.0,[],[],,
20260726_164425_DR VIJAY.pdf,Bank Statement,Receipt,20251015,Suspense,bank of baroda,Suspense,214.0,DIGITA-MUMBAI/ 214.00,Medium,No,0.0,0.0,0.0,0.0,[],[],,
20260726_164425_DR VIJAY.pdf,Bank Statement,Receipt,20251015,Suspense,bank of baroda,Suspense,1224.0,"DIGITA-MUMBAI/ 1,224.0",Medium,No,0.0,0.0,0.0,0.0,[],[],,
20260726_164425_DR VIJAY.pdf,Bank Statement,Receipt,20251015,Suspense,bank of baroda,Suspense,662.0,DIGITA-MUMBAI/ 662.00,Medium,No,0.0,0.0,0.0,0.0,[],[],,
20260726_164425_DR VIJAY.pdf,Bank Statement,Receipt,20251015,Suspense,bank of baroda,Suspense,1967.0,"DIGITA-MUMBAI/ 1,967.0",Medium,No,0.0,0.0,0.0,0.0,[],[],,
20260726_164425_DR VIJAY.pdf,Bank Statement,Receipt,20251015,Suspense,bank of baroda,Suspense,1058.0,"DIGITA-MUMBAI/ 1,058.0",Medium,No,0.0,0.0,0.0,0.0,[],[],,
20260726_164425_DR VIJAY.pdf,Bank Statement,Receipt,20251015,Suspense,bank of baroda,Suspense,117.0,DIGITA-MUMBAI/ 117.00,Medium,No,0.0,0.0,0.0,0.0,[],[],,
20260726_164425_DR VIJAY.pdf,Bank Statement,Receipt,20251015,Suspense,bank of baroda,Suspense,844.0,DIGITA-MUMBAI/ 844.00,Medium,No,0.0,0.0,0.0,0.0,[],[],,
20260726_164425_DR VIJAY.pdf,Bank Statement,Receipt,20251015,Suspense,bank of baroda,Suspense,1926.0,"DIGITA-MUMBAI/ 1,926.0",Medium,No,0.0,0.0,0.0,0.0,[],[],,
20260726_164425_DR VIJAY.pdf,Bank Statement,Receipt,20251015,Suspense,bank of baroda,Suspense,978.0,DIGITA-MUMBAI/ 978.00,Medium,No,0.0,0.0,0.0,0.0,[],[],,
20260726_164425_DR VIJAY.pdf,Bank Statement,Receipt,20251015,Suspense,bank of baroda,Suspense,1142.0,"DIGITA-MUMBAI/ 1,142.0",Medium,No,0.0,0.0,0.0,0.0,[],[],,
20260726_164425_DR VIJAY.pdf,Bank Statement,Receipt,20251015,Suspense,bank of baroda,Suspense,757.0,DIGITA-MUMBAI/ 757.00,Medium,No,0.0,0.0,0.0,0.0,[],[],,
20260726_164425_DR VIJAY.pdf,Bank Statement,Receipt,20251015,Suspense,bank of baroda,Suspense,303.0,DIGITA-MUMBAI/ 303.00,Medium,No,0.0,0.0,0.0,0.0,[],[],,
20260726_164425_DR VIJAY.pdf,Bank Statement,Receipt,20251015,Suspense,bank of baroda,Suspense,862.0,DIGITA-MUMBAI/ 862.00,Medium,No,0.0,0.0,0.0,0.0,[],[],,
20260726_164425_DR VIJAY.pdf,Bank Statement,Receipt,20251015,Suspense,bank of baroda,Suspense,1450.0,"DIGITA-MUMBAI/ 1,450.0",Medium,No,0.0,0.0,0.0,0.0,[],[],,
20260726_164425_DR VIJAY.pdf,Bank Statement,Receipt,20251015,Suspense,bank of baroda,Suspense,630.0,DIGITA-MUMBAI/ 630.00,Medium,No,0.0,0.0,0.0,0.0,[],[],,
20260726_164425_DR VIJAY.pdf,Bank Statement,Receipt,20251015,Suspense,bank of baroda,Suspense,1645.0,"DIGITA-MUMBAI/ 1,645.0",Medium,No,0.0,0.0,0.0,0.0,[],[],,
20260726_164425_DR VIJAY.pdf,Bank Statement,Receipt,20251015,Suspense,bank of baroda,Suspense,629.0,DIGITA-MUMBAI/ 629.00,Medium,No,0.0,0.0,0.0,0.0,[],[],,
20260726_164425_DR VIJAY.pdf,Bank Statement,Receipt,20251015,Suspense,bank of baroda,Suspense,1584.0,"DIGITA-MUMBAI/ 1,584.0",Medium,No,0.0,0.0,0.0,0.0,[],[],,
20260726_164425_DR VIJAY.pdf,Bank Statement,Receipt,20251015,Suspense,bank of baroda,Suspense,604.0,DIGITA-MUMBAI/ 604.00,Medium,No,0.0,0.0,0.0,0.0,[],[],,
20260726_164425_DR VIJAY.pdf,Bank Statement,Receipt,20251015,Suspense,bank of baroda,Suspense,1451.0,"DIGITA-MUMBAI/ 1,451.0",Medium,No,0.0,0.0,0.0,0.0,[],[],,
20260726_164425_DR VIJAY.pdf,Bank Statement,Receipt,20251015,Suspense,bank of baroda,Suspense,2022.0,"DIGITA-MUMBAI/ 1,077.0",Medium,No,0.0,0.0,0.0,0.0,[],[],,
20260726_164425_DR VIJAY.pdf,Bank Statement,Receipt,20251015,Suspense,bank of baroda,Suspense,312.0,DIGITA-MUMBAI/ 312.00,Medium,No,0.0,0.0,0.0,0.0,[],[],,
20260726_164425_DR VIJAY.pdf,Bank Statement,Receipt,20251015,Suspense,bank of baroda,Suspense,842.0,DIGITA-MUMBAI/ 842.00,Medium,No,0.0,0.0,0.0,0.0,[],[],,
20260726_164425_DR VIJAY.pdf,Bank Statement,Receipt,20251015,Suspense,bank of baroda,Suspense,803.0,DIGITA-MUMBAI/ 803.00,Medium,No,0.0,0.0,0.0,0.0,[],[],,
20260726_164425_DR VIJAY.pdf,Bank Statement,Receipt,20251015,Suspense,bank of baroda,Suspense,667.0,DIGITA-MUMBAI/ 667.00,Medium,No,0.0,0.0,0.0,0.0,[],[],,
20260726_164425_DR VIJAY.pdf,Bank Statement,Receipt,20251015,Suspense,bank of baroda,Suspense,1097.0,"DIGITA-MUMBAI/ 1,097.0",Medium,No,0.0,0.0,0.0,0.0,[],[],,
20260726_164425_DR VIJAY.pdf,Bank Statement,Receipt,20251015,Suspense,bank of baroda,Suspense,417.0,DIGITA-MUMBAI/ 417.00,Medium,No,0.0,0.0,0.0,0.0,[],[],,
20260726_164425_DR VIJAY.pdf,Bank Statement,Receipt,20251015,Suspense,bank of baroda,Suspense,1361.0,"DIGITA-MUMBAI/ 1,361.0",Medium,No,0.0,0.0,0.0,0.0,[],[],,
20260726_164425_DR VIJAY.pdf,Bank Statement,Receipt,20251015,Suspense,bank of baroda,Suspense,268.0,DIGITA-MUMBAI/ 268.00,Medium,No,0.0,0.0,0.0,0.0,[],[],,
20260726_164425_DR VIJAY.pdf,Bank Statement,Receipt,20251015,Suspense,bank of baroda,Suspense,707.0,DIGITA-MUMBAI/ 707.00,Medium,No,0.0,0.0,0.0,0.0,[],[],,
20260726_164425_DR VIJAY.pdf,Bank Statement,Receipt,20251015,Suspense,bank of baroda,Suspense,1636.0,"DIGITA-MUMBAI/ 1,636.0",Medium,No,0.0,0.0,0.0,0.0,[],[],,
20260726_164425_DR VIJAY.pdf,Bank Statement,Receipt,20251015,Suspense,bank of baroda,Suspense,324.0,DIGITA-MUMBAI/ 324.00,Medium,No,0.0,0.0,0.0,0.0,[],[],,
20260726_164425_DR VIJAY.pdf,Bank Statement,Receipt,20251015,Suspense,bank of baroda,Suspense,805.0,DIGITA-MUMBAI/ 805.00,Medium,No,0.0,0.0,0.0,0.0,[],[],,
20260726_164425_DR VIJAY.pdf,Bank Statement,Receipt,20251015,Suspense,bank of baroda,Suspense,1324.0,"DIGITA-MUMBAI/ 1,324.0",Medium,No,0.0,0.0,0.0,0.0,[],[],,
20260726_164425_DR VIJAY.pdf,Bank Statement,Receipt,20251015,Suspense,bank of baroda,Suspense,735.0,DIGITA-MUMBAI/ 735.00,Medium,No,0.0,0.0,0.0,0.0,[],[],,
20260726_164425_DR VIJAY.pdf,Bank Statement,Receipt,20251015,Suspense,bank of baroda,Suspense,2248.0,"DIGITA-MUMBAI/ 2,248.0",Medium,No,0.0,0.0,0.0,0.0,[],[],,
20260726_164425_DR VIJAY.pdf,Bank Statement,Receipt,20251015,Suspense,bank of baroda,Suspense,1093.0,"DIGITA-MUMBAI/ 1,093.0",Medium,No,0.0,0.0,0.0,0.0,[],[],,
20260726_164425_DR VIJAY.pdf,Bank Statement,Receipt,20251015,Suspense,bank of baroda,Suspense,1082.0,"DIGITA-MUMBAI/ 1,082.0",Medium,No,0.0,0.0,0.0,0.0,[],[],,
20260726_164425_DR VIJAY.pdf,Bank Statement,Receipt,20251015,Suspense,bank of baroda,Suspense,2177.0,"DIGITA-MUMBAI/ 2,177.0",Medium,No,0.0,0.0,0.0,0.0,[],[],,
20260726_164425_DR VIJAY.pdf,Bank Statement,Receipt,20251015,Suspense,bank of baroda,Suspense,1544.0,"DIGITA-MUMBAI/ 1,544.0",Medium,No,0.0,0.0,0.0,0.0,[],[],,
20260726_164425_DR VIJAY.pdf,Bank Statement,Receipt,20251015,Suspense,bank of baroda,Suspense,1040.0,"DIGITA-MUMBAI/ 1,040.0",Medium,No,0.0,0.0,0.0,0.0,[],[],,
20260726_164425_DR VIJAY.pdf,Bank Statement,Receipt,20251015,Suspense,bank of baroda,Suspense,569.0,DIGITA-MUMBAI/ 569.00,Medium,No,0.0,0.0,0.0,0.0,[],[],,
20260726_164425_DR VIJAY.pdf,Bank Statement,Receipt,20251015,Suspense,bank of baroda,Suspense,1294.0,"DIGITA-MUMBAI/ 1,294.0",Medium,No,0.0,0.0,0.0,0.0,[],[],,
20260726_164425_DR VIJAY.pdf,Bank Statement,Receipt,20251015,Suspense,bank of baroda,Suspense,2039.0,"DIGITA-MUMBAI/ 2,039.0",Medium,No,0.0,0.0,0.0,0.0,[],[],,
20260726_164425_DR VIJAY.pdf,Bank Statement,Receipt,20251015,Suspense,bank of baroda,Suspense,1595.0,"DIGITA-MUMBAI/ 1,595.0",Medium,No,0.0,0.0,0.0,0.0,[],[],,
20260726_164425_DR VIJAY.pdf,Bank Statement,Receipt,20251015,Suspense,bank of baroda,Suspense,799.0,DIGITA-MUMBAI/ 799.00,Medium,No,0.0,0.0,0.0,0.0,[],[],,
20260726_164425_DR VIJAY.pdf,Bank Statement,Receipt,20251015,Suspense,bank of baroda,Suspense,301.0,DIGITA-MUMBAI/ 301.00,Medium,No,0.0,0.0,0.0,0.0,[],[],,
20260726_164425_DR VIJAY.pdf,Bank Statement,Receipt,20251015,Suspense,bank of baroda,Suspense,1061.0,"DIGITA-MUMBAI/ 1,061.0",Medium,No,0.0,0.0,0.0,0.0,[],[],,
20260726_164425_DR VIJAY.pdf,Bank Statement,Receipt,20251015,Suspense,bank of baroda,Suspense,417.0,DIGITA-MUMBAI/ 417.00,Medium,No,0.0,0.0,0.0,0.0,[],[],,
20260726_164425_DR VIJAY.pdf,Bank Statement,Receipt,20251015,Suspense,bank of baroda,Suspense,1531.0,"DIGITA-MUMBAI/ 1,531.0",Medium,No,0.0,0.0,0.0,0.0,[],[],,
20260726_164425_DR VIJAY.pdf,Bank Statement,Receipt,20251015,Suspense,bank of baroda,Suspense,191.0,DIGITA-MUMBAI/ 191.00,Medium,No,0.0,0.0,0.0,0.0,[],[],,
20260726_164425_DR VIJAY.pdf,Bank Statement,Receipt,20251015,Suspense,bank of baroda,Suspense,586.0,DIGITA-MUMBAI/ 586.00,Medium,No,0.0,0.0,0.0,0.0,[],[],,
20260726_164425_DR VIJAY.pdf,Bank Statement,Receipt,20251015,Suspense,bank of baroda,Suspense,839.0,DIGITA-MUMBAI/ 839.00,Medium,No,0.0,0.0,0.0,0.0,[],[],,
20260726_164425_DR VIJAY.pdf,Bank Statement,Receipt,20251015,Suspense,bank of baroda,Suspense,1091.0,"DIGITA-MUMBAI/ 1,091.0",Medium,No,0.0,0.0,0.0,0.0,[],[],,
20260726_164425_DR VIJAY.pdf,Bank Statement,Receipt,20251015,Suspense,bank of baroda,Suspense,188.0,DIGITA-MUMBAI/ 188.00,Medium,No,0.0,0.0,0.0,0.0,[],[],,
20260726_164425_DR VIJAY.pdf,Bank Statement,Receipt,20251015,Suspense,bank of baroda,Suspense,1646.0,"DIGITA-MUMBAI/ 1,646.0",Medium,No,0.0,0.0,0.0,0.0,[],[],,
20260726_164425_DR VIJAY.pdf,Bank Statement,Receipt,20251015,Suspense,bank of baroda,Suspense,961.0,DIGITA-MUMBAI/ 961.00,Medium,No,0.0,0.0,0.0,0.0,[],[],,
20260726_164425_DR VIJAY.pdf,Bank Statement,Receipt,20251015,Suspense,bank of baroda,Suspense,191.0,DIGITA-MUMBAI/ 191.00,Medium,No,0.0,0.0,0.0,0.0,[],[],,
20260726_164425_DR VIJAY.pdf,Bank Statement,Receipt,20251015,Suspense,bank of baroda,Suspense,640.0,DIGITA-MUMBAI/ 640.00,Medium,No,0.0,0.0,0.0,0.0,[],[],,
20260726_164425_DR VIJAY.pdf,Bank Statement,Receipt,20251015,Suspense,bank of baroda,Suspense,956.0,DIGITA-MUMBAI/ 956.00,Medium,No,0.0,0.0,0.0,0.0,[],[],,
20260726_164425_DR VIJAY.pdf,Bank Statement,Receipt,20251015,Suspense,bank of baroda,Suspense,1066.0,"DIGITA-MUMBAI/ 1,066.0",Medium,No,0.0,0.0,0.0,0.0,[],[],,
20260726_164425_DR VIJAY.pdf,Bank Statement,Receipt,20251015,Suspense,bank of baroda,Suspense,241.0,DIGITA-MUMBAI/ 241.00,Medium,No,0.0,0.0,0.0,0.0,[],[],,
20260726_164425_DR VIJAY.pdf,Bank Statement,Receipt,20251015,Suspense,bank of baroda,Suspense,492.0,DIGITA-MUMBAI/ 492.00,Medium,No,0.0,0.0,0.0,0.0,[],[],,
20260726_164425_DR VIJAY.pdf,Bank Statement,Receipt,20251015,Suspense,bank of baroda,Suspense,1173.0,"DIGITA-MUMBAI/ 1,173.0",Medium,No,0.0,0.0,0.0,0.0,[],[],,
20260726_164425_DR VIJAY.pdf,Bank Statement,Receipt,20251015,Suspense,bank of baroda,Suspense,1496.0,"DIGITA-MUMBAI/ 1,496.0",Medium,No,0.0,0.0,0.0,0.0,[],[],,
20260726_164425_DR VIJAY.pdf,Bank Statement,Receipt,20251015,Suspense,bank of baroda,Suspense,913.0,DIGITA-MUMBAI/ 913.00,Medium,No,0.0,0.0,0.0,0.0,[],[],,
20260726_164425_DR VIJAY.pdf,Bank Statement,Receipt,20251015,Suspense,bank of baroda,Suspense,806.0,DIGITA-MUMBAI/ 669.00,Medium,No,0.0,0.0,0.0,0.0,[],[],,
20260726_164425_DR VIJAY.pdf,Bank Statement,Receipt,20251015,Suspense,bank of baroda,Suspense,764.0,DIGITA-MUMBAI/ 764.00,Medium,No,0.0,0.0,0.0,0.0,[],[],,
20260726_164425_DR VIJAY.pdf,Bank Statement,Receipt,20251015,Suspense,bank of baroda,Suspense,831.0,DIGITA-MUMBAI/ 831.00,Medium,No,0.0,0.0,0.0,0.0,[],[],,
20260726_164425_DR VIJAY.pdf,Bank Statement,Receipt,20251015,Suspense,bank of baroda,Suspense,516.0,DIGITA-MUMBAI/ 516.00,Medium,No,0.0,0.0,0.0,0.0,[],[],,
20260726_164425_DR VIJAY.pdf,Bank Statement,Receipt,20251015,Suspense,bank of baroda,Suspense,1761.0,"DIGITA-MUMBAI/ 1,761.0",Medium,No,0.0,0.0,0.0,0.0,[],[],,
20260726_164425_DR VIJAY.pdf,Bank Statement,Receipt,20251015,Suspense,bank of baroda,Suspense,2538.0,"DIGITA-MUMBAI/ 2,538.0",Medium,No,0.0,0.0,0.0,0.0,[],[],,
20260726_164425_DR VIJAY.pdf,Bank Statement,Receipt,20251015,Suspense,bank of baroda,Suspense,810.0,DIGITA-MUMBAI/ 810.00,Medium,No,0.0,0.0,0.0,0.0,[],[],,
20260726_164425_DR VIJAY.pdf,Bank Statement,Receipt,20251015,Suspense,bank of baroda,Suspense,813.0,DIGITA-MUMBAI/ 813.00,Medium,No,0.0,0.0,0.0,0.0,[],[],,
20260726_164425_DR VIJAY.pdf,Bank Statement,Receipt,20251015,Suspense,bank of baroda,Suspense,589.0,DIGITA-MUMBAI/ 589.00,Medium,No,0.0,0.0,0.0,0.0,[],[],,
20260726_164425_DR VIJAY.pdf,Bank Statement,Receipt,20251015,Suspense,bank of baroda,Suspense,1595.0,"DIGITA-MUMBAI/ 1,595.0",Medium,No,0.0,0.0,0.0,0.0,[],[],,
20260726_164425_DR VIJAY.pdf,Bank Statement,Receipt,20251015,Suspense,bank of baroda,Suspense,2029.0,"DIGITA-MUMBAI/ 2,029.0",Medium,No,0.0,0.0,0.0,0.0,[],[],,
20260726_164425_DR VIJAY.pdf,Bank Statement,Receipt,20251015,Suspense,bank of baroda,Suspense,858.0,DIGITA-MUMBAI/ 858.00,Medium,No,0.0,0.0,0.0,0.0,[],[],,
20260726_164425_DR VIJAY.pdf,Bank Statement,Receipt,20251015,Suspense,bank of baroda,Suspense,494.0,DIGITA-MUMBAI/ 494.00,Medium,No,0.0,0.0,0.0,0.0,[],[],,
20260726_164425_DR VIJAY.pdf,Bank Statement,Receipt,20251015,Suspense,bank of baroda,Suspense,122.0,DIGITA-MUMBAI/ 122.00,Medium,No,0.0,0.0,0.0,0.0,[],[],,
20260726_164425_DR VIJAY.pdf,Bank Statement,Receipt,20251015,Suspense,bank of baroda,Suspense,425.0,DIGITA-MUMBAI/ 425.00,Medium,No,0.0,0.0,0.0,0.0,[],[],,
20260726_164425_DR VIJAY.pdf,Bank Statement,Receipt,20251015,Suspense,bank of baroda,Suspense,1869.0,"DIGITA-MUMBAI/ 1,869.0",Medium,No,0.0,0.0,0.0,0.0,[],[],,
20260726_164425_DR VIJAY.pdf,Bank Statement,Receipt,20251015,Suspense,bank of baroda,Suspense,1575.0,"DIGITA-MUMBAI/ 1,575.0",Medium,No,0.0,0.0,0.0,0.0,[],[],,
20260726_164425_DR VIJAY.pdf,Bank Statement,Receipt,20251015,Suspense,bank of baroda,Suspense,786.0,DIGITA-MUMBAI/ 786.00,Medium,No,0.0,0.0,0.0,0.0,[],[],,
20260726_164425_DR VIJAY.pdf,Bank Statement,Receipt,20251015,Suspense,bank of baroda,Suspense,142.0,DIGITA-MUMBAI/ 142.00,Medium,No,0.0,0.0,0.0,0.0,[],[],,
20260726_164425_DR VIJAY.pdf,Bank Statement,Receipt,20251015,Suspense,bank of baroda,Suspense,469.0,DIGITA-MUMBAI/ 469.00,Medium,No,0.0,0.0,0.0,0.0,[],[],,
20260726_164425_DR VIJAY.pdf,Bank Statement,Receipt,20251015,Suspense,bank of baroda,Suspense,741.0,DIGITA-MUMBAI/ 741.00,Medium,No,0.0,0.0,0.0,0.0,[],[],,
20260726_164425_DR VIJAY.pdf,Bank Statement,Receipt,20251015,Suspense,bank of baroda,Suspense,225.0,DIGITA-MUMBAI/ 225.00,Medium,No,0.0,0.0,0.0,0.0,[],[],,
20260726_164425_DR VIJAY.pdf,Bank Statement,Receipt,20251015,Suspense,bank of baroda,Suspense,1736.0,"DIGITA-MUMBAI/ 1,736.0",Medium,No,0.0,0.0,0.0,0.0,[],[],,
20260726_164425_DR VIJAY.pdf,Bank Statement,Receipt,20251015,Suspense,bank of baroda,Suspense,229.0,DIGITA-MUMBAI/ 229.00,Medium,No,0.0,0.0,0.0,0.0,[],[],,
20260726_164425_DR VIJAY.pdf,Bank Statement,Receipt,20251015,Suspense,bank of baroda,Suspense,191.0,DIGITA-MUMBAI/ 191.00,Medium,No,0.0,0.0,0.0,0.0,[],[],,
20260726_164425_DR VIJAY.pdf,Bank Statement,Receipt,20251015,Suspense,bank of baroda,Suspense,1410.0,"DIGITA-MUMBAI/ 1,410.0",Medium,No,0.0,0.0,0.0,0.0,[],[],,
20260726_164425_DR VIJAY.pdf,Bank Statement,Receipt,20251015,Suspense,bank of baroda,Suspense,648.0,DIGITA-MUMBAI/ 648.00,Medium,No,0.0,0.0,0.0,0.0,[],[],,
20260726_164425_DR VIJAY.pdf,Bank Statement,Receipt,20251015,Suspense,bank of baroda,Suspense,1882.0,"DIGITA-MUMBAI/ 1,882.0",Medium,No,0.0,0.0,0.0,0.0,[],[],,
20260726_164425_DR VIJAY.pdf,Bank Statement,Receipt,20251015,Suspense,bank of baroda,Suspense,446.0,DIGITA-MUMBAI/ 446.00,Medium,No,0.0,0.0,0.0,0.0,[],[],,
20260726_164425_DR VIJAY.pdf,Bank Statement,Receipt,20251015,Suspense,bank of baroda,Suspense,296.0,DIGITA-MUMBAI/ 296.00,Medium,No,0.0,0.0,0.0,0.0,[],[],,
20260726_164425_DR VIJAY.pdf,Bank Statement,Receipt,20251015,Suspense,bank of baroda,Suspense,361.0,DIGITA-MUMBAI/ 361.00,Medium,No,0.0,0.0,0.0,0.0,[],[],,
20260726_164425_DR VIJAY.pdf,Bank Statement,Receipt,20251015,Suspense,bank of baroda,Suspense,1044.0,"DIGITA-MUMBAI/ 1,044.0",Medium,No,0.0,0.0,0.0,0.0,[],[],,
20260726_164425_DR VIJAY.pdf,Bank Statement,Receipt,20251015,Suspense,bank of baroda,Suspense,684.0,DIGITA-MUMBAI/ 684.00,Medium,No,0.0,0.0,0.0,0.0,[],[],,
20260726_164425_DR VIJAY.pdf,Bank Statement,Receipt,20251015,Suspense,bank of baroda,Suspense,1030.0,"DIGITA-MUMBAI/ 1,030.0",Medium,No,0.0,0.0,0.0,0.0,[],[],,
20260726_164425_DR VIJAY.pdf,Bank Statement,Receipt,20251015,Suspense,bank of baroda,Suspense,560.0,DIGITA-MUMBAI/ 560.00,Medium,No,0.0,0.0,0.0,0.0,[],[],,
20260726_164425_DR VIJAY.pdf,Bank Statement,Receipt,20251015,Suspense,bank of baroda,Suspense,807.0,DIGITA-MUMBAI/ 807.00,Medium,No,0.0,0.0,0.0,0.0,[],[],,
20260726_164425_DR VIJAY.pdf,Bank Statement,Receipt,20251015,Suspense,bank of baroda,Suspense,1116.0,"DIGITA-MUMBAI/ 1,116.0",Medium,No,0.0,0.0,0.0,0.0,[],[],,
20260726_164425_DR VIJAY.pdf,Bank Statement,Receipt,20251015,Suspense,bank of baroda,Suspense,1077.0,"DIGITA-MUMBAI/ 1,077.0",Medium,No,0.0,0.0,0.0,0.0,[],[],,
20260726_164425_DR VIJAY.pdf,Bank Statement,Receipt,20251015,Suspense,bank of baroda,Suspense,1410.0,"DIGITA-MUMBAI/ 1,410.0",Medium,No,0.0,0.0,0.0,0.0,[],[],,
20260726_164425_DR VIJAY.pdf,Bank Statement,Receipt,20251015,Suspense,bank of baroda,Suspense,1360.0,"DIGITA-MUMBAI/ 1,360.0",Medium,No,0.0,0.0,0.0,0.0,[],[],,
20260726_164425_DR VIJAY.pdf,Bank Statement,Receipt,20251015,Suspense,bank of baroda,Suspense,107.0,DIGITA-MUMBAI/ 107.00,Medium,No,0.0,0.0,0.0,0.0,[],[],,
20260726_164425_DR VIJAY.pdf,Bank Statement,Receipt,20251015,Suspense,bank of baroda,Suspense,802.0,DIGITA-MUMBAI/ 802.00,Medium,No,0.0,0.0,0.0,0.0,[],[],,
20260726_164425_DR VIJAY.pdf,Bank Statement,Receipt,20251015,Suspense,bank of baroda,Suspense,760.0,DIGITA-MUMBAI/ 760.00,Medium,No,0.0,0.0,0.0,0.0,[],[],,
20260726_164425_DR VIJAY.pdf,Bank Statement,Receipt,20251015,Suspense,bank of baroda,Suspense,789.0,DIGITA-MUMBAI/ 789.00,Medium,No,0.0,0.0,0.0,0.0,[],[],,
20260726_164425_DR VIJAY.pdf,Bank Statement,Receipt,20251015,Suspense,bank of baroda,Suspense,1726.0,"DIGITA-MUMBAI/ 1,726.0",Medium,No,0.0,0.0,0.0,0.0,[],[],,
20260726_164425_DR VIJAY.pdf,Bank Statement,Receipt,20251015,Suspense,bank of baroda,Suspense,554.0,DIGITA-MUMBAI/ 554.00,Medium,No,0.0,0.0,0.0,0.0,[],[],,
20260726_164425_DR VIJAY.pdf,Bank Statement,Receipt,20251015,Suspense,bank of baroda,Suspense,1780.0,"DIGITA-MUMBAI/ 1,304.0",Medium,No,0.0,0.0,0.0,0.0,[],[],,
20260726_164425_DR VIJAY.pdf,Bank Statement,Receipt,20251015,Suspense,bank of baroda,Suspense,237.0,DIGITA-MUMBAI/ 237.00,Medium,No,0.0,0.0,0.0,0.0,[],[],,
20260726_164425_DR VIJAY.pdf,Bank Statement,Receipt,20251015,Suspense,bank of baroda,Suspense,267.0,DIGITA-MUMBAI/ 267.00,Medium,No,0.0,0.0,0.0,0.0,[],[],,
20260726_164425_DR VIJAY.pdf,Bank Statement,Receipt,20251015,Suspense,bank of baroda,Suspense,1450.0,"DIGITA-MUMBAI/ 1,450.0",Medium,No,0.0,0.0,0.0,0.0,[],[],,
20260726_164425_DR VIJAY.pdf,Bank Statement,Receipt,20251015,Suspense,bank of baroda,Suspense,589.0,DIGITA-MUMBAI/ 589.00,Medium,No,0.0,0.0,0.0,0.0,[],[],,
20260726_164425_DR VIJAY.pdf,Bank Statement,Receipt,20251015,Suspense,bank of baroda,Suspense,724.0,DIGITA-MUMBAI/ 724.00,Medium,No,0.0,0.0,0.0,0.0,[],[],,
20260726_164425_DR VIJAY.pdf,Bank Statement,Receipt,20251015,Suspense,bank of baroda,Suspense,1120.0,"DIGITA-MUMBAI/ 1,120.0",Medium,No,0.0,0.0,0.0,0.0,[],[],,
20260726_164425_DR VIJAY.pdf,Bank Statement,Receipt,20251015,Suspense,bank of baroda,Suspense,2398.0,"DIGITA-MUMBAI/ 2,398.0",Medium,No,0.0,0.0,0.0,0.0,[],[],,
20260726_164425_DR VIJAY.pdf,Bank Statement,Receipt,20251015,Suspense,bank of baroda,Suspense,913.0,DIGITA-MUMBAI/ 913.00,Medium,No,0.0,0.0,0.0,0.0,[],[],,
20260726_164425_DR VIJAY.pdf,Bank Statement,Receipt,20251015,Suspense,bank of baroda,Suspense,336.0,DIGITA-MUMBAI/ 336.00,Medium,No,0.0,0.0,0.0,0.0,[],[],,
20260726_164425_DR VIJAY.pdf,Bank Statement,Receipt,20251015,Suspense,bank of baroda,Suspense,434.0,DIGITA-MUMBAI/ 434.00,Medium,No,0.0,0.0,0.0,0.0,[],[],,
20260726_164425_DR VIJAY.pdf,Bank Statement,Receipt,20251015,Suspense,bank of baroda,Suspense,744.0,DIGITA-MUMBAI/ 744.00,Medium,No,0.0,0.0,0.0,0.0,[],[],,
20260726_164425_DR VIJAY.pdf,Bank Statement,Receipt,20251015,Suspense,bank of baroda,Suspense,1108.0,"DIGITA-MUMBAI/ 1,108.0",Medium,No,0.0,0.0,0.0,0.0,[],[],,
20260726_164425_DR VIJAY.pdf,Bank Statement,Receipt,20251015,Suspense,bank of baroda,Suspense,784.0,DIGITA-MUMBAI/ 784.00,Medium,No,0.0,0.0,0.0,0.0,[],[],,
20260726_164425_DR VIJAY.pdf,Bank Statement,Receipt,20251015,Suspense,bank of baroda,Suspense,781.0,DIGITA-MUMBAI/ 781.00,Medium,No,0.0,0.0,0.0,0.0,[],[],,
20260726_164425_DR VIJAY.pdf,Bank Statement,Receipt,20251015,Suspense,bank of baroda,Suspense,124.0,DIGITA-MUMBAI/ 124.00,Medium,No,0.0,0.0,0.0,0.0,[],[],,
20260726_164425_DR VIJAY.pdf,Bank Statement,Receipt,20251015,Suspense,bank of baroda,Suspense,1230.0,"DIGITA-MUMBAI/ 1,230.0",Medium,No,0.0,0.0,0.0,0.0,[],[],,
20260726_164425_DR VIJAY.pdf,Bank Statement,Receipt,20251015,Suspense,bank of baroda,Suspense,1450.0,"DIGITA-MUMBAI/ 1,450.0",Medium,No,0.0,0.0,0.0,0.0,[],[],,
20260726_164425_DR VIJAY.pdf,Bank Statement,Receipt,20251015,Suspense,bank of baroda,Suspense,1520.0,"DIGITA-MUMBAI/ 1,520.0",Medium,No,0.0,0.0,0.0,0.0,[],[],,
20260726_164425_DR VIJAY.pdf,Bank Statement,Receipt,20251015,Suspense,bank of baroda,Suspense,794.0,DIGITA-MUMBAI/ 794.00,Medium,No,0.0,0.0,0.0,0.0,[],[],,
20260726_164425_DR VIJAY.pdf,Bank Statement,Receipt,20251015,Suspense,bank of baroda,Suspense,236.0,DIGITA-MUMBAI/ 236.00,Medium,No,0.0,0.0,0.0,0.0,[],[],,
20260726_164425_DR VIJAY.pdf,Bank Statement,Receipt,20251015,Suspense,bank of baroda,Suspense,746.0,DIGITA-MUMBAI/ 746.00,Medium,No,0.0,0.0,0.0,0.0,[],[],,
20260726_164425_DR VIJAY.pdf,Bank Statement,Receipt,20251015,Suspense,bank of baroda,Suspense,810.0,DIGITA-MUMBAI/ 810.00,Medium,No,0.0,0.0,0.0,0.0,[],[],,
20260726_164425_DR VIJAY.pdf,Bank Statement,Receipt,20251015,Suspense,bank of baroda,Suspense,191.0,DIGITA-MUMBAI/ 191.00,Medium,No,0.0,0.0,0.0,0.0,[],[],,
20260726_164425_DR VIJAY.pdf,Bank Statement,Receipt,20251015,Suspense,bank of baroda,Suspense,157.0,DIGITA-MUMBAI/ 157.00,Medium,No,0.0,0.0,0.0,0.0,[],[],,
20260726_164425_DR VIJAY.pdf,Bank Statement,Receipt,20251015,Suspense,bank of baroda,Suspense,2267.0,"DIGITA-MUMBAI/ 2,267.0",Medium,No,0.0,0.0,0.0,0.0,[],[],,
20260726_164425_DR VIJAY.pdf,Bank Statement,Receipt,20251015,Suspense,bank of baroda,Suspense,1869.0,"DIGITA-MUMBAI/ 1,869.0",Medium,No,0.0,0.0,0.0,0.0,[],[],,
20260726_164425_DR VIJAY.pdf,Bank Statement,Receipt,20251015,Suspense,bank of baroda,Suspense,907.0,DIGITA-MUMBAI/ 907.00,Medium,No,0.0,0.0,0.0,0.0,[],[],,
20260726_164425_DR VIJAY.pdf,Bank Statement,Receipt,20251015,Suspense,bank of baroda,Suspense,1996.0,"DIGITA-MUMBAI/ 1,996.0",Medium,No,0.0,0.0,0.0,0.0,[],[],,
20260726_164425_DR VIJAY.pdf,Bank Statement,Receipt,20251015,Suspense,bank of baroda,Suspense,790.0,DIGITA-MUMBAI/ 790.00,Medium,No,0.0,0.0,0.0,0.0,[],[],,
20260726_164425_DR VIJAY.pdf,Bank Statement,Receipt,20251015,Suspense,bank of baroda,Suspense,692.0,DIGITA-MUMBAI/ 692.00,Medium,No,0.0,0.0,0.0,0.0,[],[],,
20260726_164425_DR VIJAY.pdf,Bank Statement,Receipt,20251015,Suspense,bank of baroda,Suspense,1077.0,"DIGITA-MUMBAI/ 1,077.0",Medium,No,0.0,0.0,0.0,0.0,[],[],,
20260726_164425_DR VIJAY.pdf,Bank Statement,Receipt,20251015,Suspense,bank of baroda,Suspense,942.0,DIGITA-MUMBAI/ 942.00,Medium,No,0.0,0.0,0.0,0.0,[],[],,
20260726_164425_DR VIJAY.pdf,Bank Statement,Receipt,20251015,Suspense,bank of baroda,Suspense,1028.0,"DIGITA-MUMBAI/ 1,028.0",Medium,No,0.0,0.0,0.0,0.0,[],[],,
20260726_164425_DR VIJAY.pdf,Bank Statement,Receipt,20251015,Suspense,bank of baroda,Suspense,689.0,DIGITA-MUMBAI/ 689.00,Medium,No,0.0,0.0,0.0,0.0,[],[],,
20260726_164425_DR VIJAY.pdf,Bank Statement,Receipt,20251015,Suspense,bank of baroda,Suspense,1304.0,"DIGITA-MUMBAI/ 1,304.0",Medium,No,0.0,0.0,0.0,0.0,[],[],,
20260726_164425_DR VIJAY.pdf,Bank Statement,Receipt,20251015,Suspense,bank of baroda,Suspense,2001.0,"DIGITA-MUMBAI/ 2,001.0",Medium,No,0.0,0.0,0.0,0.0,[],[],,
20260726_164425_DR VIJAY.pdf,Bank Statement,Receipt,20251015,Suspense,bank of baroda,Suspense,811.0,DIGITA-MUMBAI/ 811.00,Medium,No,0.0,0.0,0.0,0.0,[],[],,
20260726_164425_DR VIJAY.pdf,Bank Statement,Receipt,20251015,Suspense,bank of baroda,Suspense,1477.0,"DIGITA-MUMBAI/ 1,477.0",Medium,No,0.0,0.0,0.0,0.0,[],[],,
20260726_164425_DR VIJAY.pdf,Bank Statement,Receipt,20251015,Suspense,bank of baroda,Suspense,710.0,DIGITA-MUMBAI/ 710.00,Medium,No,0.0,0.0,0.0,0.0,[],[],,
20260726_164425_DR VIJAY.pdf,Bank Statement,Receipt,20251015,Suspense,bank of baroda,Suspense,190.0,DIGITA-MUMBAI/ 190.00,Medium,No,0.0,0.0,0.0,0.0,[],[],,
20260726_164425_DR VIJAY.pdf,Bank Statement,Receipt,20251015,Suspense,bank of baroda,Suspense,1772.0,"DIGITA-MUMBAI/ 1,772.0",Medium,No,0.0,0.0,0.0,0.0,[],[],,
20260726_164425_DR VIJAY.pdf,Bank Statement,Receipt,20251015,Suspense,bank of baroda,Suspense,905.0,DIGITA-MUMBAI/ 905.00,Medium,No,0.0,0.0,0.0,0.0,[],[],,
20260726_164425_DR VIJAY.pdf,Bank Statement,Receipt,20251015,Suspense,bank of baroda,Suspense,1121.0,"DIGITA-MUMBAI/ 1,121.0",Medium,No,0.0,0.0,0.0,0.0,[],[],,
20260726_164425_DR VIJAY.pdf,Bank Statement,Receipt,20251015,Suspense,bank of baroda,Suspense,1737.0,"DIGITA-MUMBAI/ 1,737.0",Medium,No,0.0,0.0,0.0,0.0,[],[],,
20260726_164425_DR VIJAY.pdf,Bank Statement,Receipt,20251015,Suspense,bank of baroda,Suspense,213.0,DIGITA-MUMBAI/ 213.00,Medium,No,0.0,0.0,0.0,0.0,[],[],,
20260726_164425_DR VIJAY.pdf,Bank Statement,Receipt,20251015,Suspense,bank of baroda,Suspense,388.0,DIGITA-MUMBAI/ 269.00,Medium,No,0.0,0.0,0.0,0.0,[],[],,
20260726_164425_DR VIJAY.pdf,Bank Statement,Receipt,20251015,Suspense,bank of baroda,Suspense,776.0,DIGITA-MUMBAI/ 776.00,Medium,No,0.0,0.0,0.0,0.0,[],[],,
20260726_164425_DR VIJAY.pdf,Bank Statement,Receipt,20251015,Suspense,bank of baroda,Suspense,536.0,DIGITA-MUMBAI/ 536.00,Medium,No,0.0,0.0,0.0,0.0,[],[],,
20260726_164425_DR VIJAY.pdf,Bank Statement,Receipt,20251015,Suspense,bank of baroda,Suspense,683.0,DIGITA-MUMBAI/ 683.00,Medium,No,0.0,0.0,0.0,0.0,[],[],,
20260726_164425_DR VIJAY.pdf,Bank Statement,Receipt,20251015,Suspense,bank of baroda,Suspense,489.0,DIGITA-MUMBAI/ 489.00,Medium,No,0.0,0.0,0.0,0.0,[],[],,
20260726_164425_DR VIJAY.pdf,Bank Statement,Receipt,20251015,Suspense,bank of baroda,Suspense,902.0,DIGITA-MUMBAI/ 902.00,Medium,No,0.0,0.0,0.0,0.0,[],[],,
20260726_164425_DR VIJAY.pdf,Bank Statement,Receipt,20251015,Suspense,bank of baroda,Suspense,802.0,DIGITA-MUMBAI/ 802.00,Medium,No,0.0,0.0,0.0,0.0,[],[],,
20260726_164425_DR VIJAY.pdf,Bank Statement,Receipt,20251015,Suspense,bank of baroda,Suspense,581.0,DIGITA-MUMBAI/ 581.00,Medium,No,0.0,0.0,0.0,0.0,[],[],,
20260726_164425_DR VIJAY.pdf,Bank Statement,Receipt,20251015,Suspense,bank of baroda,Suspense,479.0,DIGITA-MUMBAI/ 479.00,Medium,No,0.0,0.0,0.0,0.0,[],[],,
20260726_164425_DR VIJAY.pdf,Bank Statement,Receipt,20251015,Suspense,bank of baroda,Suspense,1463.0,"DIGITA-MUMBAI/ 1,463.0",Medium,No,0.0,0.0,0.0,0.0,[],[],,
20260726_164425_DR VIJAY.pdf,Bank Statement,Receipt,20251015,Suspense,bank of baroda,Suspense,1342.0,"DIGITA-MUMBAI/ 1,342.0",Medium,No,0.0,0.0,0.0,0.0,[],[],,
20260726_164425_DR VIJAY.pdf,Bank Statement,Receipt,20251015,Suspense,bank of baroda,Suspense,1169.0,"DIGITA-MUMBAI/ 1,169.0",Medium,No,0.0,0.0,0.0,0.0,[],[],,
20260726_164425_DR VIJAY.pdf,Bank Statement,Receipt,20251015,Suspense,bank of baroda,Suspense,427.0,DIGITA-MUMBAI/ 427.00,Medium,No,0.0,0.0,0.0,0.0,[],[],,
20260726_164425_DR VIJAY.pdf,Bank Statement,Receipt,20251015,Suspense,bank of baroda,Suspense,860.0,DIGITA-MUMBAI/ 860.00,Medium,No,0.0,0.0,0.0,0.0,[],[],,
20260726_164425_DR VIJAY.pdf,Bank Statement,Receipt,20251015,Suspense,bank of baroda,Suspense,1450.0,"DIGITA-MUMBAI/ 1,450.0",Medium,No,0.0,0.0,0.0,0.0,[],[],,
20260726_164425_DR VIJAY.pdf,Bank Statement,Receipt,20251015,Suspense,bank of baroda,Suspense,552.0,DIGITA-MUMBAI/ 552.00,Medium,No,0.0,0.0,0.0,0.0,[],[],,
20260726_164425_DR VIJAY.pdf,Bank Statement,Receipt,20251015,Suspense,bank of baroda,Suspense,1008.0,"DIGITA-MUMBAI/ 1,008.0",Medium,No,0.0,0.0,0.0,0.0,[],[],,
20260726_164425_DR VIJAY.pdf,Bank Statement,Receipt,20251015,Suspense,bank of baroda,Suspense,678.0,DIGITA-MUMBAI/ 678.00,Medium,No,0.0,0.0,0.0,0.0,[],[],,
20260726_164425_DR VIJAY.pdf,Bank Statement,Receipt,20251015,Suspense,bank of baroda,Suspense,1176.0,"DIGITA-MUMBAI/ 1,176.0",Medium,No,0.0,0.0,0.0,0.0,[],[],,
20260726_164425_DR VIJAY.pdf,Bank Statement,Receipt,20251015,Suspense,bank of baroda,Suspense,550.0,DIGITA-MUMBAI/ 550.00,Medium,No,0.0,0.0,0.0,0.0,[],[],,
20260726_164425_DR VIJAY.pdf,Bank Statement,Receipt,20251015,Suspense,bank of baroda,Suspense,1312.0,"DIGITA-MUMBAI/ 1,312.0",Medium,No,0.0,0.0,0.0,0.0,[],[],,
20260726_164425_DR VIJAY.pdf,Bank Statement,Receipt,20251015,Suspense,bank of baroda,Suspense,552.0,DIGITA-MUMBAI/ 552.00,Medium,No,0.0,0.0,0.0,0.0,[],[],,
20260726_164425_DR VIJAY.pdf,Bank Statement,Receipt,20251015,Suspense,bank of baroda,Suspense,1065.0,"DIGITA-MUMBAI/ 1,065.0",Medium,No,0.0,0.0,0.0,0.0,[],[],,
20260726_164425_DR VIJAY.pdf,Bank Statement,Receipt,20251015,Suspense,bank of baroda,Suspense,1524.0,"DIGITA-MUMBAI/ 1,524.0",Medium,No,0.0,0.0,0.0,0.0,[],[],,
20260726_164425_DR VIJAY.pdf,Bank Statement,Receipt,20251015,Suspense,bank of baroda,Suspense,1249.0,"DIGITA-MUMBAI/ 1,249.0",Medium,No,0.0,0.0,0.0,0.0,[],[],,
20260726_164425_DR VIJAY.pdf,Bank Statement,Receipt,20251015,Suspense,bank of baroda,Suspense,1413.0,"DIGITA-MUMBAI/ 1,413.0",Medium,No,0.0,0.0,0.0,0.0,[],[],,
20260726_164425_DR VIJAY.pdf,Bank Statement,Receipt,20251015,Suspense,bank of baroda,Suspense,674.0,DIGITA-MUMBAI/ 674.00,Medium,No,0.0,0.0,0.0,0.0,[],[],,
20260726_164425_DR VIJAY.pdf,Bank Statement,Receipt,20251015,Suspense,bank of baroda,Suspense,759.0,DIGITA-MUMBAI/ 759.00,Medium,No,0.0,0.0,0.0,0.0,[],[],,
20260726_164425_DR VIJAY.pdf,Bank Statement,Receipt,20251015,Suspense,bank of baroda,Suspense,799.0,DIGITA-MUMBAI/ 799.00,Medium,No,0.0,0.0,0.0,0.0,[],[],,
20260726_164425_DR VIJAY.pdf,Bank Statement,Receipt,20251015,Suspense,bank of baroda,Suspense,632.0,DIGITA-MUMBAI/ 632.00,Medium,No,0.0,0.0,0.0,0.0,[],[],,
20260726_164425_DR VIJAY.pdf,Bank Statement,Receipt,20251015,Suspense,bank of baroda,Suspense,520.0,DIGITA-MUMBAI/ 520.00,Medium,No,0.0,0.0,0.0,0.0,[],[],,
20260726_164425_DR VIJAY.pdf,Bank Statement,Receipt,20251015,Suspense,bank of baroda,Suspense,732.0,DIGITA-MUMBAI/ 732.00,Medium,No,0.0,0.0,0.0,0.0,[],[],,
20260726_164425_DR VIJAY.pdf,Bank Statement,Receipt,20251015,Suspense,bank of baroda,Suspense,514.0,DIGITA-MUMBAI/ 514.00,Medium,No,0.0,0.0,0.0,0.0,[],[],,
20260726_164425_DR VIJAY.pdf,Bank Statement,Receipt,20251015,Suspense,bank of baroda,Suspense,456.0,DIGITA-MUMBAI/ 456.00,Medium,No,0.0,0.0,0.0,0.0,[],[],,
20260726_164425_DR VIJAY.pdf,Bank Statement,Receipt,20251015,Suspense,bank of baroda,Suspense,1447.0,"DIGITA-MUMBAI/ 1,447.0",Medium,No,0.0,0.0,0.0,0.0,[],[],,
20260726_164425_DR VIJAY.pdf,Bank Statement,Receipt,20251015,Suspense,bank of baroda,Suspense,65.0,DIGITA-MUMBAI/ 65.00 1,Medium,No,0.0,0.0,0.0,0.0,[],[],,
20260726_164425_DR VIJAY.pdf,Bank Statement,Receipt,20251015,Suspense,bank of baroda,Suspense,823.0,DIGITA-MUMBAI/ 823.00,Medium,No,0.0,0.0,0.0,0.0,[],[],,
20260726_164425_DR VIJAY.pdf,Bank Statement,Receipt,20251015,Suspense,bank of baroda,Suspense,352.0,DIGITA-MUMBAI/ 352.00,Medium,No,0.0,0.0,0.0,0.0,[],[],,
20260726_164425_DR VIJAY.pdf,Bank Statement,Receipt,20251015,Suspense,bank of baroda,Suspense,748.0,DIGITA-MUMBAI/ 748.00,Medium,No,0.0,0.0,0.0,0.0,[],[],,
20260726_164425_DR VIJAY.pdf,Bank Statement,Receipt,20251015,Suspense,bank of baroda,Suspense,366.0,DIGITA-MUMBAI/ 366.00,Medium,No,0.0,0.0,0.0,0.0,[],[],,
20260726_164425_DR VIJAY.pdf,Bank Statement,Receipt,20251015,Suspense,bank of baroda,Suspense,517.0,DIGITA-MUMBAI/ 517.00,Medium,No,0.0,0.0,0.0,0.0,[],[],,
20260726_164425_DR VIJAY.pdf,Bank Statement,Receipt,20251015,Suspense,bank of baroda,Suspense,802.0,DIGITA-MUMBAI/ 802.00,Medium,No,0.0,0.0,0.0,0.0,[],[],,
20260726_164425_DR VIJAY.pdf,Bank Statement,Receipt,20251015,Suspense,bank of baroda,Suspense,991.0,DIGITA-MUMBAI/ 991.00,Medium,No,0.0,0.0,0.0,0.0,[],[],,
20260726_164425_DR VIJAY.pdf,Bank Statement,Receipt,20251015,Suspense,bank of baroda,Suspense,1665.0,"DIGITA-MUMBAI/ 1,665.0",Medium,No,0.0,0.0,0.0,0.0,[],[],,
20260726_164425_DR VIJAY.pdf,Bank Statement,Receipt,20251015,Suspense,bank of baroda,Suspense,872.0,DIGITA-MUMBAI/ 872.00,Medium,No,0.0,0.0,0.0,0.0,[],[],,
20260726_164425_DR VIJAY.pdf,Bank Statement,Receipt,20251015,Suspense,bank of baroda,Suspense,1672.0,"DIGITA-MUMBAI/ 1,672.0",Medium,No,0.0,0.0,0.0,0.0,[],[],,
20260726_164425_DR VIJAY.pdf,Bank Statement,Receipt,20251015,Suspense,bank of baroda,Suspense,897.0,DIGITA-MUMBAI/ 168.00,Medium,No,0.0,0.0,0.0,0.0,[],[],,
20260726_164425_DR VIJAY.pdf,Bank Statement,Receipt,20251015,Suspense,bank of baroda,Suspense,728.0,DIGITA-MUMBAI/ 728.00,Medium,No,0.0,0.0,0.0,0.0,[],[],,
20260726_164425_DR VIJAY.pdf,Bank Statement,Receipt,20251015,Suspense,bank of baroda,Suspense,517.0,DIGITA-MUMBAI/ 517.00,Medium,No,0.0,0.0,0.0,0.0,[],[],,
20260726_164425_DR VIJAY.pdf,Bank Statement,Receipt,20251015,Suspense,bank of baroda,Suspense,670.0,DIGITA-MUMBAI/ 670.00,Medium,No,0.0,0.0,0.0,0.0,[],[],,
20260726_164425_DR VIJAY.pdf,Bank Statement,Receipt,20251015,Suspense,bank of baroda,Suspense,490.0,DIGITA-MUMBAI/ 490.00,Medium,No,0.0,0.0,0.0,0.0,[],[],,
20260726_164425_DR VIJAY.pdf,Bank Statement,Receipt,20251015,Suspense,bank of baroda,Suspense,673.0,DIGITA-MUMBAI/ 673.00,Medium,No,0.0,0.0,0.0,0.0,[],[],,
20260726_164425_DR VIJAY.pdf,Bank Statement,Receipt,20251015,Suspense,bank of baroda,Suspense,755.0,DIGITA-MUMBAI/ 755.00,Medium,No,0.0,0.0,0.0,0.0,[],[],,
20260726_164425_DR VIJAY.pdf,Bank Statement,Receipt,20251015,Suspense,bank of baroda,Suspense,1186.0,"DIGITA-MUMBAI/ 1,186.0",Medium,No,0.0,0.0,0.0,0.0,[],[],,
20260726_164425_DR VIJAY.pdf,Bank Statement,Receipt,20251015,Suspense,bank of baroda,Suspense,237.0,DIGITA-MUMBAI/ 237.00,Medium,No,0.0,0.0,0.0,0.0,[],[],,
20260726_164425_DR VIJAY.pdf,Bank Statement,Receipt,20251015,Suspense,bank of baroda,Suspense,647.0,DIGITA-MUMBAI/ 647.00,Medium,No,0.0,0.0,0.0,0.0,[],[],,
20260726_164425_DR VIJAY.pdf,Bank Statement,Receipt,20251015,Suspense,bank of baroda,Suspense,1096.0,"DIGITA-MUMBAI/ 1,096.0",Medium,No,0.0,0.0,0.0,0.0,[],[],,
20260726_164425_DR VIJAY.pdf,Bank Statement,Receipt,20251015,Suspense,bank of baroda,Suspense,1472.0,"DIGITA-MUMBAI/ 1,472.0",Medium,No,0.0,0.0,0.0,0.0,[],[],,
20260726_164425_DR VIJAY.pdf,Bank Statement,Receipt,20251015,Suspense,bank of baroda,Suspense,571.0,DIGITA-MUMBAI/ 571.00,Medium,No,0.0,0.0,0.0,0.0,[],[],,
20260726_164425_DR VIJAY.pdf,Bank Statement,Receipt,20251015,Suspense,bank of baroda,Suspense,797.0,DIGITA-MUMBAI/ 797.00,Medium,No,0.0,0.0,0.0,0.0,[],[],,
20260726_164425_DR VIJAY.pdf,Bank Statement,Receipt,20251015,Suspense,bank of baroda,Suspense,327.0,DIGITA-MUMBAI/ 327.00,Medium,No,0.0,0.0,0.0,0.0,[],[],,
20260726_164425_DR VIJAY.pdf,Bank Statement,Receipt,20251015,Suspense,bank of baroda,Suspense,411.0,DIGITA-MUMBAI/ 411.00,Medium,No,0.0,0.0,0.0,0.0,[],[],,
20260726_164425_DR VIJAY.pdf,Bank Statement,Receipt,20251015,Suspense,bank of baroda,Suspense,1389.0,"DIGITA-MUMBAI/ 1,389.0",Medium,No,0.0,0.0,0.0,0.0,[],[],,
20260726_164425_DR VIJAY.pdf,Bank Statement,Receipt,20251015,Suspense,bank of baroda,Suspense,1524.0,"DIGITA-MUMBAI/ 1,524.0",Medium,No,0.0,0.0,0.0,0.0,[],[],,
20260726_164425_DR VIJAY.pdf,Bank Statement,Receipt,20251015,Suspense,bank of baroda,Suspense,1154.0,"DIGITA-MUMBAI/ 1,154.0",Medium,No,0.0,0.0,0.0,0.0,[],[],,
20260726_164425_DR VIJAY.pdf,Bank Statement,Receipt,20251015,Suspense,bank of baroda,Suspense,877.0,DIGITA-MUMBAI/ 877.00,Medium,No,0.0,0.0,0.0,0.0,[],[],,
20260726_164425_DR VIJAY.pdf,Bank Statement,Receipt,20251015,Suspense,bank of baroda,Suspense,1606.0,"DIGITA-MUMBAI/ 1,606.0",Medium,No,0.0,0.0,0.0,0.0,[],[],,
20260726_164425_DR VIJAY.pdf,Bank Statement,Receipt,20251015,Suspense,bank of baroda,Suspense,506.0,DIGITA-MUMBAI/ 506.00,Medium,No,0.0,0.0,0.0,0.0,[],[],,
20260726_164425_DR VIJAY.pdf,Bank Statement,Receipt,20251015,Suspense,bank of baroda,Suspense,311.0,DIGITA-MUMBAI/ 311.00,Medium,No,0.0,0.0,0.0,0.0,[],[],,
20260726_164425_DR VIJAY.pdf,Bank Statement,Receipt,20251015,Suspense,bank of baroda,Suspense,888.0,DIGITA-MUMBAI/ 888.00,Medium,No,0.0,0.0,0.0,0.0,[],[],,
20260726_164425_DR VIJAY.pdf,Bank Statement,Receipt,20251015,Suspense,bank of baroda,Suspense,1165.0,"DIGITA-MUMBAI/ 1,165.0",Medium,No,0.0,0.0,0.0,0.0,[],[],,
20260726_164425_DR VIJAY.pdf,Bank Statement,Receipt,20251015,Suspense,bank of baroda,Suspense,1221.0,"DIGITA-MUMBAI/ 1,221.0",Medium,No,0.0,0.0,0.0,0.0,[],[],,
20260726_164425_DR VIJAY.pdf,Bank Statement,Receipt,20251015,Suspense,bank of baroda,Suspense,1172.0,"DIGITA-MUMBAI/ 1,172.0",Medium,No,0.0,0.0,0.0,0.0,[],[],,
20260726_164425_DR VIJAY.pdf,Bank Statement,Receipt,20251015,Suspense,bank of baroda,Suspense,1980.0,"DIGITA-MUMBAI/ 1,980.0",Medium,No,0.0,0.0,0.0,0.0,[],[],,
20260726_164425_DR VIJAY.pdf,Bank Statement,Receipt,20251015,Suspense,bank of baroda,Suspense,718.0,DIGITA-MUMBAI/ 718.00,Medium,No,0.0,0.0,0.0,0.0,[],[],,
20260726_164425_DR VIJAY.pdf,Bank Statement,Receipt,20251015,Suspense,bank of baroda,Suspense,1882.0,"DIGITA-MUMBAI/ 1,882.0",Medium,No,0.0,0.0,0.0,0.0,[],[],,
20260726_164425_DR VIJAY.pdf,Bank Statement,Receipt,20251015,Suspense,bank of baroda,Suspense,1450.0,"DIGITA-MUMBAI/ 1,450.0",Medium,No,0.0,0.0,0.0,0.0,[],[],,
20260726_164425_DR VIJAY.pdf,Bank Statement,Receipt,20251015,Suspense,bank of baroda,Suspense,1107.0,"DIGITA-MUMBAI/ 1,107.0",Medium,No,0.0,0.0,0.0,0.0,[],[],,
20260726_164425_DR VIJAY.pdf,Bank Statement,Receipt,20251015,Suspense,bank of baroda,Suspense,2419.0,"DIGITA-MUMBAI/ 2,419.0",Medium,No,0.0,0.0,0.0,0.0,[],[],,
20260726_164425_DR VIJAY.pdf,Bank Statement,Receipt,20251015,Suspense,bank of baroda,Suspense,1182.0,"DIGITA-MUMBAI/ 1,182.0",Medium,No,0.0,0.0,0.0,0.0,[],[],,
20260726_164425_DR VIJAY.pdf,Bank Statement,Receipt,20251015,Suspense,bank of baroda,Suspense,622.0,DIGITA-MUMBAI/ 622.00,Medium,No,0.0,0.0,0.0,0.0,[],[],,
20260726_164425_DR VIJAY.pdf,Bank Statement,Receipt,20251015,Suspense,bank of baroda,Suspense,608.0,DIGITA-MUMBAI/ 608.00,Medium,No,0.0,0.0,0.0,0.0,[],[],,
20260726_164425_DR VIJAY.pdf,Bank Statement,Receipt,20251015,Suspense,bank of baroda,Suspense,778.0,DIGITA-MUMBAI/ 778.00,Medium,No,0.0,0.0,0.0,0.0,[],[],,
20260726_164425_DR VIJAY.pdf,Bank Statement,Receipt,20251015,Suspense,bank of baroda,Suspense,434.0,DIGITA-MUMBAI/ 434.00,Medium,No,0.0,0.0,0.0,0.0,[],[],,
20260726_164425_DR VIJAY.pdf,Bank Statement,Receipt,20251015,Suspense,bank of baroda,Suspense,925.0,DIGITA-MUMBAI/ 925.00,Medium,No,0.0,0.0,0.0,0.0,[],[],,
20260726_164425_DR VIJAY.pdf,Bank Statement,Receipt,20251015,Suspense,bank of baroda,Suspense,1759.0,"DIGITA-MUMBAI/ 1,759.0",Medium,No,0.0,0.0,0.0,0.0,[],[],,
20260726_164425_DR VIJAY.pdf,Bank Statement,Receipt,20251015,Suspense,bank of baroda,Suspense,2384.0,"DIGITA-MUMBAI/ 2,384.0",Medium,No,0.0,0.0,0.0,0.0,[],[],,
20260726_164425_DR VIJAY.pdf,Bank Statement,Receipt,20251015,Suspense,bank of baroda,Suspense,1476.0,"DIGITA-MUMBAI/ 1,476.0",Medium,No,0.0,0.0,0.0,0.0,[],[],,
20260726_164425_DR VIJAY.pdf,Bank Statement,Receipt,20251015,Suspense,bank of baroda,Suspense,944.0,DIGITA-MUMBAI/ 944.00,Medium,No,0.0,0.0,0.0,0.0,[],[],,
20260726_164425_DR VIJAY.pdf,Bank Statement,Receipt,20251015,Suspense,bank of baroda,Suspense,66.0,DIGITA-MUMBAI/ 66.00 1,Medium,No,0.0,0.0,0.0,0.0,[],[],,
20260726_164425_DR VIJAY.pdf,Bank Statement,Receipt,20251015,Suspense,bank of baroda,Suspense,1236.0,"DIGITA-MUMBAI/ 1,236.0",Medium,No,0.0,0.0,0.0,0.0,[],[],,
20260726_164425_DR VIJAY.pdf,Bank Statement,Receipt,20251015,Suspense,bank of baroda,Suspense,914.0,DIGITA-MUMBAI/ 914.00,Medium,No,0.0,0.0,0.0,0.0,[],[],,
20260726_164425_DR VIJAY.pdf,Bank Statement,Receipt,20251015,Suspense,bank of baroda,Suspense,684.0,DIGITA-MUMBAI/ 552.00,Medium,No,0.0,0.0,0.0,0.0,[],[],,
20260726_164425_DR VIJAY.pdf,Bank Statement,Receipt,20251015,Suspense,bank of baroda,Suspense,1962.0,"DIGITA-MUMBAI/ 1,962.0",Medium,No,0.0,0.0,0.0,0.0,[],[],,
20260726_164425_DR VIJAY.pdf,Bank Statement,Receipt,20251015,Suspense,bank of baroda,Suspense,391.0,DIGITA-MUMBAI/ 391.00,Medium,No,0.0,0.0,0.0,0.0,[],[],,
20260726_164425_DR VIJAY.pdf,Bank Statement,Receipt,20251015,Suspense,bank of baroda,Suspense,1492.0,"DIGITA-MUMBAI/ 1,492.0",Medium,No,0.0,0.0,0.0,0.0,[],[],,
20260726_164425_DR VIJAY.pdf,Bank Statement,Receipt,20251015,Suspense,bank of baroda,Suspense,861.0,DIGITA-MUMBAI/ 861.00,Medium,No,0.0,0.0,0.0,0.0,[],[],,
20260726_164425_DR VIJAY.pdf,Bank Statement,Receipt,20251015,Suspense,bank of baroda,Suspense,182.0,DIGITA-MUMBAI/ 182.00,Medium,No,0.0,0.0,0.0,0.0,[],[],,
20260726_164425_DR VIJAY.pdf,Bank Statement,Receipt,20251015,Suspense,bank of baroda,Suspense,728.0,DIGITA-MUMBAI/ 728.00,Medium,No,0.0,0.0,0.0,0.0,[],[],,
20260726_164425_DR VIJAY.pdf,Bank Statement,Receipt,20251015,Suspense,bank of baroda,Suspense,1562.0,"DIGITA-MUMBAI/ 1,562.0",Medium,No,0.0,0.0,0.0,0.0,[],[],,
20260726_164425_DR VIJAY.pdf,Bank Statement,Receipt,20251015,Suspense,bank of baroda,Suspense,298.0,DIGITA-MUMBAI/ 298.00,Medium,No,0.0,0.0,0.0,0.0,[],[],,
20260726_164425_DR VIJAY.pdf,Bank Statement,Receipt,20251015,Suspense,bank of baroda,Suspense,487.0,DIGITA-MUMBAI/ 487.00,Medium,No,0.0,0.0,0.0,0.0,[],[],,
20260726_164425_DR VIJAY.pdf,Bank Statement,Receipt,20251015,Suspense,bank of baroda,Suspense,648.0,DIGITA-MUMBAI/ 648.00,Medium,No,0.0,0.0,0.0,0.0,[],[],,
20260726_164425_DR VIJAY.pdf,Bank Statement,Receipt,20251015,Suspense,bank of baroda,Suspense,427.0,DIGITA-MUMBAI/ 427.00,Medium,No,0.0,0.0,0.0,0.0,[],[],,
20260726_164425_DR VIJAY.pdf,Bank Statement,Receipt,20251015,Suspense,bank of baroda,Suspense,2072.0,"DIGITA-MUMBAI/ 2,072.0",Medium,No,0.0,0.0,0.0,0.0,[],[],,
20260726_164425_DR VIJAY.pdf,Bank Statement,Receipt,20251015,Suspense,bank of baroda,Suspense,1345.0,"DIGITA-MUMBAI/ 1,345.0",Medium,No,0.0,0.0,0.0,0.0,[],[],,
20260726_164425_DR VIJAY.pdf,Bank Statement,Receipt,20251015,Suspense,bank of baroda,Suspense,802.0,DIGITA-MUMBAI/ 802.00,Medium,No,0.0,0.0,0.0,0.0,[],[],,
20260726_164425_DR VIJAY.pdf,Bank Statement,Receipt,20251015,Suspense,bank of baroda,Suspense,347.0,DIGITA-MUMBAI/ 347.00,Medium,No,0.0,0.0,0.0,0.0,[],[],,
20260726_164425_DR VIJAY.pdf,Bank Statement,Receipt,20251015,Suspense,bank of baroda,Suspense,1548.0,"DIGITA-MUMBAI/ 1,548.0",Medium,No,0.0,0.0,0.0,0.0,[],[],,
20260726_164425_DR VIJAY.pdf,Bank Statement,Receipt,20251015,Suspense,bank of baroda,Suspense,2152.0,"DIGITA-MUMBAI/ 2,152.0",Medium,No,0.0,0.0,0.0,0.0,[],[],,
20260726_164425_DR VIJAY.pdf,Bank Statement,Receipt,20251015,Suspense,bank of baroda,Suspense,724.0,DIGITA-MUMBAI/ 724.00,Medium,No,0.0,0.0,0.0,0.0,[],[],,
20260726_164425_DR VIJAY.pdf,Bank Statement,Payment,20251015,Suspense,Suspense,bank of baroda,200000.0,"MBK/5288230871 23087119 2,00,00",Medium,No,0.0,0.0,0.0,0.0,[],[],,
20260726_164425_DR VIJAY.pdf,Bank Statement,Payment,20251015,Suspense,Suspense,bank of baroda,200000.0,"MBK/5288231064 23106412 2,00,00",Medium,No,0.0,0.0,0.0,0.0,[],[],,
20260726_164425_DR VIJAY.pdf,Bank Statement,Payment,20251016,Suspense,Suspense,bank of baroda,50000.0,"IMPS/P2A/52891 50,000.",Medium,No,0.0,0.0,0.0,0.0,[],[],,
20260726_164425_DR VIJAY.pdf,Bank Statement,Payment,20251016,Suspense,Suspense,bank of baroda,17.7,CHARGES FOR 17.70 7,Medium,No,0.0,0.0,0.0,0.0,[],[],,
20260726_164425_DR VIJAY.pdf,Bank Statement,Receipt,20251016,Suspense,bank of baroda,Suspense,943.0,DIGITA-MUMBAI/ 943.00,Medium,No,0.0,0.0,0.0,0.0,[],[],,
20260726_164425_DR VIJAY.pdf,Bank Statement,Receipt,20251016,Suspense,bank of baroda,Suspense,191.0,DIGITA-MUMBAI/ 191.00,Medium,No,0.0,0.0,0.0,0.0,[],[],,
20260726_164425_DR VIJAY.pdf,Bank Statement,Receipt,20251016,Suspense,bank of baroda,Suspense,532.0,DIGITA-MUMBAI/ 532.00,Medium,No,0.0,0.0,0.0,0.0,[],[],,
20260726_164425_DR VIJAY.pdf,Bank Statement,Receipt,20251016,Suspense,bank of baroda,Suspense,891.0,DIGITA-MUMBAI/ 891.00,Medium,No,0.0,0.0,0.0,0.0,[],[],,
20260726_164425_DR VIJAY.pdf,Bank Statement,Receipt,20251016,Suspense,bank of baroda,Suspense,276.0,DIGITA-MUMBAI/ 276.00,Medium,No,0.0,0.0,0.0,0.0,[],[],,
20260726_164425_DR VIJAY.pdf,Bank Statement,Receipt,20251016,Suspense,bank of baroda,Suspense,1335.0,"DIGITA-MUMBAI/ 1,335.0",Medium,No,0.0,0.0,0.0,0.0,[],[],,
20260726_164425_DR VIJAY.pdf,Bank Statement,Receipt,20251016,Suspense,bank of baroda,Suspense,95.0,DIGITA-MUMBAI/ 95.00 7,Medium,No,0.0,0.0,0.0,0.0,[],[],,
20260726_164425_DR VIJAY.pdf,Bank Statement,Receipt,20251016,Suspense,bank of baroda,Suspense,52.0,DIGITA-MUMBAI/ 52.00 7,Medium,No,0.0,0.0,0.0,0.0,[],[],,
20260726_164425_DR VIJAY.pdf,Bank Statement,Receipt,20251016,Suspense,bank of baroda,Suspense,472.0,DIGITA-MUMBAI/ 472.00,Medium,No,0.0,0.0,0.0,0.0,[],[],,
20260726_164425_DR VIJAY.pdf,Bank Statement,Receipt,20251016,Suspense,bank of baroda,Suspense,672.0,DIGITA-MUMBAI/ 672.00,Medium,No,0.0,0.0,0.0,0.0,[],[],,
20260726_164425_DR VIJAY.pdf,Bank Statement,Receipt,20251016,Suspense,bank of baroda,Suspense,715.0,DIGITA-MUMBAI/ 715.00,Medium,No,0.0,0.0,0.0,0.0,[],[],,
20260726_164425_DR VIJAY.pdf,Bank Statement,Receipt,20251016,Suspense,bank of baroda,Suspense,119.0,DIGITA-MUMBAI/ 119.00,Medium,No,0.0,0.0,0.0,0.0,[],[],,
20260726_164425_DR VIJAY.pdf,Bank Statement,Receipt,20251016,Suspense,bank of baroda,Suspense,832.0,DIGITA-MUMBAI/ 832.00,Medium,No,0.0,0.0,0.0,0.0,[],[],,
20260726_164425_DR VIJAY.pdf,Bank Statement,Receipt,20251016,Suspense,bank of baroda,Suspense,142.0,DIGITA-MUMBAI/ 142.00,Medium,No,0.0,0.0,0.0,0.0,[],[],,
20260726_164425_DR VIJAY.pdf,Bank Statement,Receipt,20251016,Suspense,bank of baroda,Suspense,602.0,DIGITA-MUMBAI/ 602.00,Medium,No,0.0,0.0,0.0,0.0,[],[],,
20260726_164425_DR VIJAY.pdf,Bank Statement,Receipt,20251016,Suspense,bank of baroda,Suspense,85.0,DIGITA-MUMBAI/ 85.00 7,Medium,No,0.0,0.0,0.0,0.0,[],[],,
20260726_164425_DR VIJAY.pdf,Bank Statement,Receipt,20251016,Suspense,bank of baroda,Suspense,1110.0,"DIGITA-MUMBAI/ 1,110.0",Medium,No,0.0,0.0,0.0,0.0,[],[],,
20260726_164425_DR VIJAY.pdf,Bank Statement,Receipt,20251016,Suspense,bank of baroda,Suspense,816.0,DIGITA-MUMBAI/ 816.00,Medium,No,0.0,0.0,0.0,0.0,[],[],,
20260726_164425_DR VIJAY.pdf,Bank Statement,Receipt,20251016,Suspense,bank of baroda,Suspense,681.0,DIGITA-MUMBAI/ 681.00,Medium,No,0.0,0.0,0.0,0.0,[],[],,
20260726_164425_DR VIJAY.pdf,Bank Statement,Receipt,20251016,Suspense,bank of baroda,Suspense,423.0,DIGITA-MUMBAI/ 423.00,Medium,No,0.0,0.0,0.0,0.0,[],[],,
20260726_164425_DR VIJAY.pdf,Bank Statement,Receipt,20251016,Suspense,bank of baroda,Suspense,66.0,DIGITA-MUMBAI/ 66.00 7,Medium,No,0.0,0.0,0.0,0.0,[],[],,
20260726_164425_DR VIJAY.pdf,Bank Statement,Receipt,20251016,Suspense,bank of baroda,Suspense,1266.0,"DIGITA-MUMBAI/ 1,266.0",Medium,No,0.0,0.0,0.0,0.0,[],[],,
20260726_164425_DR VIJAY.pdf,Bank Statement,Receipt,20251016,Suspense,bank of baroda,Suspense,101.0,DIGITA-MUMBAI/ 101.00,Medium,No,0.0,0.0,0.0,0.0,[],[],,
20260726_164425_DR VIJAY.pdf,Bank Statement,Receipt,20251016,Suspense,bank of baroda,Suspense,774.0,DIGITA-MUMBAI/ 331.00,Medium,No,0.0,0.0,0.0,0.0,[],[],,
20260726_164425_DR VIJAY.pdf,Bank Statement,Receipt,20251016,Suspense,bank of baroda,Suspense,449.0,DIGITA-MUMBAI/ 449.00,Medium,No,0.0,0.0,0.0,0.0,[],[],,
20260726_164425_DR VIJAY.pdf,Bank Statement,Receipt,20251016,Suspense,bank of baroda,Suspense,939.0,DIGITA-MUMBAI/ 939.00,Medium,No,0.0,0.0,0.0,0.0,[],[],,
20260726_164425_DR VIJAY.pdf,Bank Statement,Receipt,20251016,Suspense,bank of baroda,Suspense,799.0,DIGITA-MUMBAI/ 799.00,Medium,No,0.0,0.0,0.0,0.0,[],[],,
20260726_164425_DR VIJAY.pdf,Bank Statement,Receipt,20251016,Suspense,bank of baroda,Suspense,759.0,DIGITA-MUMBAI/ 759.00,Medium,No,0.0,0.0,0.0,0.0,[],[],,
20260726_164425_DR VIJAY.pdf,Bank Statement,Receipt,20251016,Suspense,bank of baroda,Suspense,66.0,DIGITA-MUMBAI/ 66.00 7,Medium,No,0.0,0.0,0.0,0.0,[],[],,
20260726_164425_DR VIJAY.pdf,Bank Statement,Receipt,20251016,Suspense,bank of baroda,Suspense,836.0,DIGITA-MUMBAI/ 836.00,Medium,No,0.0,0.0,0.0,0.0,[],[],,
20260726_164425_DR VIJAY.pdf,Bank Statement,Receipt,20251016,Suspense,bank of baroda,Suspense,1971.0,"DIGITA-MUMBAI/ 1,971.0",Medium,No,0.0,0.0,0.0,0.0,[],[],,
20260726_164425_DR VIJAY.pdf,Bank Statement,Receipt,20251016,Suspense,bank of baroda,Suspense,4032.0,"DIGITA-MUMBAI/ 4,032.0",Medium,No,0.0,0.0,0.0,0.0,[],[],,
20260726_164425_DR VIJAY.pdf,Bank Statement,Receipt,20251016,Suspense,bank of baroda,Suspense,433.0,DIGITA-MUMBAI/ 433.00,Medium,No,0.0,0.0,0.0,0.0,[],[],,
20260726_164425_DR VIJAY.pdf,Bank Statement,Receipt,20251016,Suspense,bank of baroda,Suspense,1173.0,"DIGITA-MUMBAI/ 1,173.0",Medium,No,0.0,0.0,0.0,0.0,[],[],,
20260726_164425_DR VIJAY.pdf,Bank Statement,Receipt,20251016,Suspense,bank of baroda,Suspense,582.0,DIGITA-MUMBAI/ 582.00,Medium,No,0.0,0.0,0.0,0.0,[],[],,
20260726_164425_DR VIJAY.pdf,Bank Statement,Receipt,20251016,Suspense,bank of baroda,Suspense,513.0,DIGITA-MUMBAI/ 513.00,Medium,No,0.0,0.0,0.0,0.0,[],[],,
20260726_164425_DR VIJAY.pdf,Bank Statement,Receipt,20251016,Suspense,bank of baroda,Suspense,443.0,DIGITA-MUMBAI/ 443.00,Medium,No,0.0,0.0,0.0,0.0,[],[],,
20260726_164425_DR VIJAY.pdf,Bank Statement,Receipt,20251016,Suspense,bank of baroda,Suspense,125.0,DIGITA-MUMBAI/ 125.00,Medium,No,0.0,0.0,0.0,0.0,[],[],,
20260726_164425_DR VIJAY.pdf,Bank Statement,Receipt,20251016,Suspense,bank of baroda,Suspense,1141.0,"DIGITA-MUMBAI/ 1,141.0",Medium,No,0.0,0.0,0.0,0.0,[],[],,
20260726_164425_DR VIJAY.pdf,Bank Statement,Receipt,20251016,Suspense,bank of baroda,Suspense,1273.0,"DIGITA-MUMBAI/ 1,273.0",Medium,No,0.0,0.0,0.0,0.0,[],[],,
20260726_164425_DR VIJAY.pdf,Bank Statement,Receipt,20251016,Suspense,bank of baroda,Suspense,751.0,DIGITA-MUMBAI/ 751.00,Medium,No,0.0,0.0,0.0,0.0,[],[],,
20260726_164425_DR VIJAY.pdf,Bank Statement,Receipt,20251016,Suspense,bank of baroda,Suspense,648.0,DIGITA-MUMBAI/ 648.00,Medium,No,0.0,0.0,0.0,0.0,[],[],,
20260726_164425_DR VIJAY.pdf,Bank Statement,Receipt,20251016,Suspense,bank of baroda,Suspense,282.0,DIGITA-MUMBAI/ 282.00,Medium,No,0.0,0.0,0.0,0.0,[],[],,
20260726_164425_DR VIJAY.pdf,Bank Statement,Receipt,20251016,Suspense,bank of baroda,Suspense,990.0,DIGITA-MUMBAI/ 990.00,Medium,No,0.0,0.0,0.0,0.0,[],[],,
20260726_164425_DR VIJAY.pdf,Bank Statement,Receipt,20251016,Suspense,bank of baroda,Suspense,400.0,DIGITA-MUMBAI/ 400.00,Medium,No,0.0,0.0,0.0,0.0,[],[],,
20260726_164425_DR VIJAY.pdf,Bank Statement,Receipt,20251016,Suspense,bank of baroda,Suspense,481.0,DIGITA-MUMBAI/ 481.00,Medium,No,0.0,0.0,0.0,0.0,[],[],,
20260726_164425_DR VIJAY.pdf,Bank Statement,Receipt,20251016,Suspense,bank of baroda,Suspense,810.0,DIGITA-MUMBAI/ 810.00,Medium,No,0.0,0.0,0.0,0.0,[],[],,
20260726_164425_DR VIJAY.pdf,Bank Statement,Receipt,20251016,Suspense,bank of baroda,Suspense,209.0,DIGITA-MUMBAI/ 209.00,Medium,No,0.0,0.0,0.0,0.0,[],[],,
20260726_164425_DR VIJAY.pdf,Bank Statement,Receipt,20251016,Suspense,bank of baroda,Suspense,99.0,DIGITA-MUMBAI/ 99.00 7,Medium,No,0.0,0.0,0.0,0.0,[],[],,
20260726_164425_DR VIJAY.pdf,Bank Statement,Receipt,20251016,Suspense,bank of baroda,Suspense,271.0,DIGITA-MUMBAI/ 271.00,Medium,No,0.0,0.0,0.0,0.0,[],[],,
20260726_164425_DR VIJAY.pdf,Bank Statement,Receipt,20251016,Suspense,bank of baroda,Suspense,845.0,DIGITA-MUMBAI/ 845.00,Medium,No,0.0,0.0,0.0,0.0,[],[],,
20260726_164425_DR VIJAY.pdf,Bank Statement,Receipt,20251016,Suspense,bank of baroda,Suspense,380.0,DIGITA-MUMBAI/ 380.00,Medium,No,0.0,0.0,0.0,0.0,[],[],,
20260726_164425_DR VIJAY.pdf,Bank Statement,Receipt,20251016,Suspense,bank of baroda,Suspense,356.0,DIGITA-MUMBAI/ 356.00,Medium,No,0.0,0.0,0.0,0.0,[],[],,
20260726_164425_DR VIJAY.pdf,Bank Statement,Receipt,20251016,Suspense,bank of baroda,Suspense,1855.0,"DIGITA-MUMBAI/ 1,855.0",Medium,No,0.0,0.0,0.0,0.0,[],[],,
20260726_164425_DR VIJAY.pdf,Bank Statement,Receipt,20251016,Suspense,bank of baroda,Suspense,1056.0,"DIGITA-MUMBAI/ 1,056.0",Medium,No,0.0,0.0,0.0,0.0,[],[],,
20260726_164425_DR VIJAY.pdf,Bank Statement,Receipt,20251016,Suspense,bank of baroda,Suspense,142.0,DIGITA-MUMBAI/ 142.00,Medium,No,0.0,0.0,0.0,0.0,[],[],,
20260726_164425_DR VIJAY.pdf,Bank Statement,Receipt,20251016,Suspense,bank of baroda,Suspense,777.0,DIGITA-MUMBAI/ 777.00,Medium,No,0.0,0.0,0.0,0.0,[],[],,
20260726_164425_DR VIJAY.pdf,Bank Statement,Receipt,20251016,Suspense,bank of baroda,Suspense,783.0,DIGITA-MUMBAI/ 783.00,Medium,No,0.0,0.0,0.0,0.0,[],[],,
20260726_164425_DR VIJAY.pdf,Bank Statement,Receipt,20251016,Suspense,bank of baroda,Suspense,660.0,DIGITA-MUMBAI/ 660.00,Medium,No,0.0,0.0,0.0,0.0,[],[],,
20260726_164425_DR VIJAY.pdf,Bank Statement,Receipt,20251016,Suspense,bank of baroda,Suspense,783.0,DIGITA-MUMBAI/ 783.00,Medium,No,0.0,0.0,0.0,0.0,[],[],,
20260726_164425_DR VIJAY.pdf,Bank Statement,Receipt,20251016,Suspense,bank of baroda,Suspense,1684.0,"DIGITA-MUMBAI/ 1,684.0",Medium,No,0.0,0.0,0.0,0.0,[],[],,
20260726_164425_DR VIJAY.pdf,Bank Statement,Receipt,20251016,Suspense,bank of baroda,Suspense,1230.0,"DIGITA-MUMBAI/ 1,230.0",Medium,No,0.0,0.0,0.0,0.0,[],[],,
20260726_164425_DR VIJAY.pdf,Bank Statement,Receipt,20251016,Suspense,bank of baroda,Suspense,1246.0,"DIGITA-MUMBAI/ 1,246.0",Medium,No,0.0,0.0,0.0,0.0,[],[],,
20260726_164425_DR VIJAY.pdf,Bank Statement,Receipt,20251016,Suspense,bank of baroda,Suspense,1501.0,"DIGITA-MUMBAI/ 1,501.0",Medium,No,0.0,0.0,0.0,0.0,[],[],,
20260726_164425_DR VIJAY.pdf,Bank Statement,Receipt,20251016,Suspense,bank of baroda,Suspense,963.0,DIGITA-MUMBAI/ 963.00,Medium,No,0.0,0.0,0.0,0.0,[],[],,
20260726_164425_DR VIJAY.pdf,Bank Statement,Receipt,20251016,Suspense,bank of baroda,Suspense,538.0,DIGITA-MUMBAI/ 538.00,Medium,No,0.0,0.0,0.0,0.0,[],[],,
20260726_164425_DR VIJAY.pdf,Bank Statement,Receipt,20251016,Suspense,bank of baroda,Suspense,1509.0,"DIGITA-MUMBAI/ 1,509.0",Medium,No,0.0,0.0,0.0,0.0,[],[],,
20260726_164425_DR VIJAY.pdf,Bank Statement,Receipt,20251016,Suspense,bank of baroda,Suspense,1064.0,"DIGITA-MUMBAI/ 1,064.0",Medium,No,0.0,0.0,0.0,0.0,[],[],,
20260726_164425_DR VIJAY.pdf,Bank Statement,Receipt,20251016,Suspense,bank of baroda,Suspense,298.0,DIGITA-MUMBAI/ 298.00,Medium,No,0.0,0.0,0.0,0.0,[],[],,
20260726_164425_DR VIJAY.pdf,Bank Statement,Receipt,20251016,Suspense,bank of baroda,Suspense,2748.0,"DIGITA-MUMBAI/ 1,661.0",Medium,No,0.0,0.0,0.0,0.0,[],[],,
20260726_164425_DR VIJAY.pdf,Bank Statement,Receipt,20251016,Suspense,bank of baroda,Suspense,818.0,DIGITA-MUMBAI/ 818.00,Medium,No,0.0,0.0,0.0,0.0,[],[],,
20260726_164425_DR VIJAY.pdf,Bank Statement,Receipt,20251016,Suspense,bank of baroda,Suspense,819.0,DIGITA-MUMBAI/ 819.00,Medium,No,0.0,0.0,0.0,0.0,[],[],,
20260726_164425_DR VIJAY.pdf,Bank Statement,Receipt,20251016,Suspense,bank of baroda,Suspense,145.0,DIGITA-MUMBAI/ 145.00,Medium,No,0.0,0.0,0.0,0.0,[],[],,
20260726_164425_DR VIJAY.pdf,Bank Statement,Receipt,20251016,Suspense,bank of baroda,Suspense,356.0,DIGITA-MUMBAI/ 356.00,Medium,No,0.0,0.0,0.0,0.0,[],[],,
20260726_164425_DR VIJAY.pdf,Bank Statement,Receipt,20251016,Suspense,bank of baroda,Suspense,692.0,DIGITA-MUMBAI/ 692.00,Medium,No,0.0,0.0,0.0,0.0,[],[],,
20260726_164425_DR VIJAY.pdf,Bank Statement,Receipt,20251016,Suspense,bank of baroda,Suspense,967.0,DIGITA-MUMBAI/ 967.00,Medium,No,0.0,0.0,0.0,0.0,[],[],,
20260726_164425_DR VIJAY.pdf,Bank Statement,Receipt,20251016,Suspense,bank of baroda,Suspense,271.0,DIGITA-MUMBAI/ 271.00,Medium,No,0.0,0.0,0.0,0.0,[],[],,
20260726_164425_DR VIJAY.pdf,Bank Statement,Receipt,20251016,Suspense,bank of baroda,Suspense,1042.0,"DIGITA-MUMBAI/ 1,042.0",Medium,No,0.0,0.0,0.0,0.0,[],[],,
20260726_164425_DR VIJAY.pdf,Bank Statement,Receipt,20251016,Suspense,bank of baroda,Suspense,462.0,DIGITA-MUMBAI/ 462.00,Medium,No,0.0,0.0,0.0,0.0,[],[],,
20260726_164425_DR VIJAY.pdf,Bank Statement,Receipt,20251016,Suspense,bank of baroda,Suspense,746.0,DIGITA-MUMBAI/ 746.00,Medium,No,0.0,0.0,0.0,0.0,[],[],,
20260726_164425_DR VIJAY.pdf,Bank Statement,Receipt,20251016,Suspense,bank of baroda,Suspense,142.0,DIGITA-MUMBAI/ 142.00,Medium,No,0.0,0.0,0.0,0.0,[],[],,
20260726_164425_DR VIJAY.pdf,Bank Statement,Receipt,20251016,Suspense,bank of baroda,Suspense,346.0,DIGITA-MUMBAI/ 346.00,Medium,No,0.0,0.0,0.0,0.0,[],[],,
20260726_164425_DR VIJAY.pdf,Bank Statement,Receipt,20251016,Suspense,bank of baroda,Suspense,1426.0,"DIGITA-MUMBAI/ 1,426.0",Medium,No,0.0,0.0,0.0,0.0,[],[],,
20260726_164425_DR VIJAY.pdf,Bank Statement,Receipt,20251016,Suspense,bank of baroda,Suspense,259.0,DIGITA-MUMBAI/ 259.00,Medium,No,0.0,0.0,0.0,0.0,[],[],,
20260726_164425_DR VIJAY.pdf,Bank Statement,Receipt,20251016,Suspense,bank of baroda,Suspense,1750.0,"DIGITA-MUMBAI/ 1,750.0",Medium,No,0.0,0.0,0.0,0.0,[],[],,
20260726_164425_DR VIJAY.pdf,Bank Statement,Receipt,20251016,Suspense,bank of baroda,Suspense,520.0,DIGITA-MUMBAI/ 520.00,Medium,No,0.0,0.0,0.0,0.0,[],[],,
20260726_164425_DR VIJAY.pdf,Bank Statement,Receipt,20251016,Suspense,bank of baroda,Suspense,665.0,DIGITA-MUMBAI/ 665.00,Medium,No,0.0,0.0,0.0,0.0,[],[],,
20260726_164425_DR VIJAY.pdf,Bank Statement,Receipt,20251016,Suspense,bank of baroda,Suspense,916.0,DIGITA-MUMBAI/ 916.00,Medium,No,0.0,0.0,0.0,0.0,[],[],,
20260726_164425_DR VIJAY.pdf,Bank Statement,Receipt,20251016,Suspense,bank of baroda,Suspense,453.0,DIGITA-MUMBAI/ 453.00,Medium,No,0.0,0.0,0.0,0.0,[],[],,
20260726_164425_DR VIJAY.pdf,Bank Statement,Receipt,20251016,Suspense,bank of baroda,Suspense,399.0,DIGITA-MUMBAI/ 399.00,Medium,No,0.0,0.0,0.0,0.0,[],[],,
20260726_164425_DR VIJAY.pdf,Bank Statement,Receipt,20251016,Suspense,bank of baroda,Suspense,406.0,DIGITA-MUMBAI/ 406.00,Medium,No,0.0,0.0,0.0,0.0,[],[],,
20260726_164425_DR VIJAY.pdf,Bank Statement,Receipt,20251016,Suspense,bank of baroda,Suspense,193.0,DIGITA-MUMBAI/ 193.00,Medium,No,0.0,0.0,0.0,0.0,[],[],,
20260726_164425_DR VIJAY.pdf,Bank Statement,Receipt,20251016,Suspense,bank of baroda,Suspense,1101.0,"DIGITA-MUMBAI/ 1,101.0",Medium,No,0.0,0.0,0.0,0.0,[],[],,
20260726_164425_DR VIJAY.pdf,Bank Statement,Receipt,20251016,Suspense,bank of baroda,Suspense,786.0,DIGITA-MUMBAI/ 786.00,Medium,No,0.0,0.0,0.0,0.0,[],[],,
20260726_164425_DR VIJAY.pdf,Bank Statement,Receipt,20251016,Suspense,bank of baroda,Suspense,1385.0,"DIGITA-MUMBAI/ 1,385.0",Medium,No,0.0,0.0,0.0,0.0,[],[],,
20260726_164425_DR VIJAY.pdf,Bank Statement,Receipt,20251016,Suspense,bank of baroda,Suspense,401.0,DIGITA-MUMBAI/ 401.00,Medium,No,0.0,0.0,0.0,0.0,[],[],,
20260726_164425_DR VIJAY.pdf,Bank Statement,Receipt,20251016,Suspense,bank of baroda,Suspense,197.0,DIGITA-MUMBAI/ 197.00,Medium,No,0.0,0.0,0.0,0.0,[],[],,
20260726_164425_DR VIJAY.pdf,Bank Statement,Receipt,20251016,Suspense,bank of baroda,Suspense,377.0,DIGITA-MUMBAI/ 377.00,Medium,No,0.0,0.0,0.0,0.0,[],[],,
20260726_164425_DR VIJAY.pdf,Bank Statement,Receipt,20251016,Suspense,bank of baroda,Suspense,356.0,DIGITA-MUMBAI/ 356.00,Medium,No,0.0,0.0,0.0,0.0,[],[],,
20260726_164425_DR VIJAY.pdf,Bank Statement,Receipt,20251016,Suspense,bank of baroda,Suspense,367.0,DIGITA-MUMBAI/ 367.00,Medium,No,0.0,0.0,0.0,0.0,[],[],,
20260726_164425_DR VIJAY.pdf,Bank Statement,Receipt,20251016,Suspense,bank of baroda,Suspense,478.0,DIGITA-MUMBAI/ 478.00,Medium,No,0.0,0.0,0.0,0.0,[],[],,
20260726_164425_DR VIJAY.pdf,Bank Statement,Receipt,20251016,Suspense,bank of baroda,Suspense,460.0,DIGITA-MUMBAI/ 460.00,Medium,No,0.0,0.0,0.0,0.0,[],[],,
20260726_164425_DR VIJAY.pdf,Bank Statement,Receipt,20251016,Suspense,bank of baroda,Suspense,142.0,DIGITA-MUMBAI/ 142.00,Medium,No,0.0,0.0,0.0,0.0,[],[],,
20260726_164425_DR VIJAY.pdf,Bank Statement,Receipt,20251016,Suspense,bank of baroda,Suspense,290.0,DIGITA-MUMBAI/ 290.00,Medium,No,0.0,0.0,0.0,0.0,[],[],,
20260726_164425_DR VIJAY.pdf,Bank Statement,Receipt,20251016,Suspense,bank of baroda,Suspense,931.0,DIGITA-MUMBAI/ 931.00,Medium,No,0.0,0.0,0.0,0.0,[],[],,
20260726_164425_DR VIJAY.pdf,Bank Statement,Receipt,20251016,Suspense,bank of baroda,Suspense,276.0,DIGITA-MUMBAI/ 276.00,Medium,No,0.0,0.0,0.0,0.0,[],[],,
20260726_164425_DR VIJAY.pdf,Bank Statement,Receipt,20251016,Suspense,bank of baroda,Suspense,223.0,DIGITA-MUMBAI/ 223.00,Medium,No,0.0,0.0,0.0,0.0,[],[],,
20260726_164425_DR VIJAY.pdf,Bank Statement,Receipt,20251016,Suspense,bank of baroda,Suspense,1095.0,"DIGITA-MUMBAI/ 1,095.0",Medium,No,0.0,0.0,0.0,0.0,[],[],,
20260726_164425_DR VIJAY.pdf,Bank Statement,Receipt,20251016,Suspense,bank of baroda,Suspense,414.0,DIGITA-MUMBAI/ 414.00,Medium,No,0.0,0.0,0.0,0.0,[],[],,
20260726_164425_DR VIJAY.pdf,Bank Statement,Receipt,20251016,Suspense,bank of baroda,Suspense,220.0,DIGITA-MUMBAI/ 220.00,Medium,No,0.0,0.0,0.0,0.0,[],[],,
20260726_164425_DR VIJAY.pdf,Bank Statement,Receipt,20251016,Suspense,bank of baroda,Suspense,569.0,DIGITA-MUMBAI/ 569.00,Medium,No,0.0,0.0,0.0,0.0,[],[],,
20260726_164425_DR VIJAY.pdf,Bank Statement,Receipt,20251016,Suspense,bank of baroda,Suspense,1004.0,"DIGITA-MUMBAI/ 1,004.0",Medium,No,0.0,0.0,0.0,0.0,[],[],,
20260726_164425_DR VIJAY.pdf,Bank Statement,Receipt,20251016,Suspense,bank of baroda,Suspense,305.0,DIGITA-MUMBAI/ 305.00,Medium,No,0.0,0.0,0.0,0.0,[],[],,
20260726_164425_DR VIJAY.pdf,Bank Statement,Receipt,20251016,Suspense,bank of baroda,Suspense,602.0,DIGITA-MUMBAI/ 602.00,Medium,No,0.0,0.0,0.0,0.0,[],[],,
20260726_164425_DR VIJAY.pdf,Bank Statement,Receipt,20251016,Suspense,bank of baroda,Suspense,512.0,DIGITA-MUMBAI/ 512.00,Medium,No,0.0,0.0,0.0,0.0,[],[],,
20260726_164425_DR VIJAY.pdf,Bank Statement,Receipt,20251016,Suspense,bank of baroda,Suspense,1237.0,DIGITA-MUMBAI/ 808.00,Medium,No,0.0,0.0,0.0,0.0,[],[],,
20260726_164425_DR VIJAY.pdf,Bank Statement,Receipt,20251016,Suspense,bank of baroda,Suspense,686.0,DIGITA-MUMBAI/ 686.00,Medium,No,0.0,0.0,0.0,0.0,[],[],,
20260726_164425_DR VIJAY.pdf,Bank Statement,Receipt,20251016,Suspense,bank of baroda,Suspense,748.0,DIGITA-MUMBAI/ 748.00,Medium,No,0.0,0.0,0.0,0.0,[],[],,
20260726_164425_DR VIJAY.pdf,Bank Statement,Receipt,20251016,Suspense,bank of baroda,Suspense,1216.0,"DIGITA-MUMBAI/ 1,216.0",Medium,No,0.0,0.0,0.0,0.0,[],[],,
20260726_164425_DR VIJAY.pdf,Bank Statement,Receipt,20251016,Suspense,bank of baroda,Suspense,1069.0,"DIGITA-MUMBAI/ 1,069.0",Medium,No,0.0,0.0,0.0,0.0,[],[],,
20260726_164425_DR VIJAY.pdf,Bank Statement,Receipt,20251016,Suspense,bank of baroda,Suspense,1043.0,"DIGITA-MUMBAI/ 1,043.0",Medium,No,0.0,0.0,0.0,0.0,[],[],,
20260726_164425_DR VIJAY.pdf,Bank Statement,Receipt,20251016,Suspense,bank of baroda,Suspense,472.0,DIGITA-MUMBAI/ 472.00,Medium,No,0.0,0.0,0.0,0.0,[],[],,
20260726_164425_DR VIJAY.pdf,Bank Statement,Receipt,20251016,Suspense,bank of baroda,Suspense,284.0,DIGITA-MUMBAI/ 284.00,Medium,No,0.0,0.0,0.0,0.0,[],[],,
20260726_164425_DR VIJAY.pdf,Bank Statement,Receipt,20251016,Suspense,bank of baroda,Suspense,259.0,DIGITA-MUMBAI/ 259.00,Medium,No,0.0,0.0,0.0,0.0,[],[],,
20260726_164425_DR VIJAY.pdf,Bank Statement,Receipt,20251016,Suspense,bank of baroda,Suspense,661.0,DIGITA-MUMBAI/ 661.00,Medium,No,0.0,0.0,0.0,0.0,[],[],,
20260726_164425_DR VIJAY.pdf,Bank Statement,Receipt,20251016,Suspense,bank of baroda,Suspense,361.0,DIGITA-MUMBAI/ 361.00,Medium,No,0.0,0.0,0.0,0.0,[],[],,
20260726_164425_DR VIJAY.pdf,Bank Statement,Receipt,20251016,Suspense,bank of baroda,Suspense,321.0,DIGITA-MUMBAI/ 321.00,Medium,No,0.0,0.0,0.0,0.0,[],[],,
20260726_164425_DR VIJAY.pdf,Bank Statement,Receipt,20251016,Suspense,bank of baroda,Suspense,523.0,DIGITA-MUMBAI/ 523.00,Medium,No,0.0,0.0,0.0,0.0,[],[],,
20260726_164425_DR VIJAY.pdf,Bank Statement,Receipt,20251016,Suspense,bank of baroda,Suspense,284.0,DIGITA-MUMBAI/ 284.00,Medium,No,0.0,0.0,0.0,0.0,[],[],,
20260726_164425_DR VIJAY.pdf,Bank Statement,Receipt,20251016,Suspense,bank of baroda,Suspense,931.0,DIGITA-MUMBAI/ 931.00,Medium,No,0.0,0.0,0.0,0.0,[],[],,
20260726_164425_DR VIJAY.pdf,Bank Statement,Receipt,20251016,Suspense,bank of baroda,Suspense,579.0,DIGITA-MUMBAI/ 579.00,Medium,No,0.0,0.0,0.0,0.0,[],[],,
20260726_164425_DR VIJAY.pdf,Bank Statement,Receipt,20251016,Suspense,bank of baroda,Suspense,191.0,DIGITA-MUMBAI/ 191.00,Medium,No,0.0,0.0,0.0,0.0,[],[],,
20260726_164425_DR VIJAY.pdf,Bank Statement,Receipt,20251016,Suspense,bank of baroda,Suspense,250.0,DIGITA-MUMBAI/ 250.00,Medium,No,0.0,0.0,0.0,0.0,[],[],,
20260726_164425_DR VIJAY.pdf,Bank Statement,Receipt,20251016,Suspense,bank of baroda,Suspense,129.0,DIGITA-MUMBAI/ 129.00,Medium,No,0.0,0.0,0.0,0.0,[],[],,
20260726_164425_DR VIJAY.pdf,Bank Statement,Receipt,20251016,Suspense,bank of baroda,Suspense,607.0,DIGITA-MUMBAI/ 607.00,Medium,No,0.0,0.0,0.0,0.0,[],[],,
20260726_164425_DR VIJAY.pdf,Bank Statement,Receipt,20251016,Suspense,bank of baroda,Suspense,284.0,DIGITA-MUMBAI/ 284.00,Medium,No,0.0,0.0,0.0,0.0,[],[],,
20260726_164425_DR VIJAY.pdf,Bank Statement,Receipt,20251016,Suspense,bank of baroda,Suspense,726.0,DIGITA-MUMBAI/ 726.00,Medium,No,0.0,0.0,0.0,0.0,[],[],,
20260726_164425_DR VIJAY.pdf,Bank Statement,Receipt,20251016,Suspense,bank of baroda,Suspense,681.0,DIGITA-MUMBAI/ 681.00,Medium,No,0.0,0.0,0.0,0.0,[],[],,
20260726_164425_DR VIJAY.pdf,Bank Statement,Receipt,20251016,Suspense,bank of baroda,Suspense,973.0,DIGITA-MUMBAI/ 973.00,Medium,No,0.0,0.0,0.0,0.0,[],[],,
20260726_164425_DR VIJAY.pdf,Bank Statement,Receipt,20251016,Suspense,bank of baroda,Suspense,642.0,DIGITA-MUMBAI/ 642.00,Medium,No,0.0,0.0,0.0,0.0,[],[],,
20260726_164425_DR VIJAY.pdf,Bank Statement,Receipt,20251016,Suspense,bank of baroda,Suspense,683.0,DIGITA-MUMBAI/ 683.00,Medium,No,0.0,0.0,0.0,0.0,[],[],,
20260726_164425_DR VIJAY.pdf,Bank Statement,Receipt,20251016,Suspense,bank of baroda,Suspense,382.0,DIGITA-MUMBAI/ 382.00,Medium,No,0.0,0.0,0.0,0.0,[],[],,
20260726_164425_DR VIJAY.pdf,Bank Statement,Receipt,20251016,Suspense,bank of baroda,Suspense,533.0,DIGITA-MUMBAI/ 533.00,Medium,No,0.0,0.0,0.0,0.0,[],[],,
20260726_164425_DR VIJAY.pdf,Bank Statement,Receipt,20251016,Suspense,bank of baroda,Suspense,407.0,DIGITA-MUMBAI/ 407.00,Medium,No,0.0,0.0,0.0,0.0,[],[],,
20260726_164425_DR VIJAY.pdf,Bank Statement,Receipt,20251016,Suspense,bank of baroda,Suspense,734.0,DIGITA-MUMBAI/ 734.00,Medium,No,0.0,0.0,0.0,0.0,[],[],,
20260726_164425_DR VIJAY.pdf,Bank Statement,Receipt,20251016,Suspense,bank of baroda,Suspense,2199.0,"DIGITA-MUMBAI/ 2,199.0",Medium,No,0.0,0.0,0.0,0.0,[],[],,
20260726_164425_DR VIJAY.pdf,Bank Statement,Receipt,20251016,Suspense,bank of baroda,Suspense,502.0,DIGITA-MUMBAI/ 502.00,Medium,No,0.0,0.0,0.0,0.0,[],[],,
20260726_164425_DR VIJAY.pdf,Bank Statement,Receipt,20251016,Suspense,bank of baroda,Suspense,360.0,DIGITA-MUMBAI/ 360.00,Medium,No,0.0,0.0,0.0,0.0,[],[],,
20260726_164425_DR VIJAY.pdf,Bank Statement,Receipt,20251016,Suspense,bank of baroda,Suspense,1386.0,"DIGITA-MUMBAI/ 1,386.0",Medium,No,0.0,0.0,0.0,0.0,[],[],,
20260726_164425_DR VIJAY.pdf,Bank Statement,Receipt,20251016,Suspense,bank of baroda,Suspense,438.0,DIGITA-MUMBAI/ 438.00,Medium,No,0.0,0.0,0.0,0.0,[],[],,
20260726_164425_DR VIJAY.pdf,Bank Statement,Receipt,20251016,Suspense,bank of baroda,Suspense,650.0,DIGITA-MUMBAI/ 650.00,Medium,No,0.0,0.0,0.0,0.0,[],[],,
20260726_164425_DR VIJAY.pdf,Bank Statement,Receipt,20251016,Suspense,bank of baroda,Suspense,370.0,DIGITA-MUMBAI/ 370.00,Medium,No,0.0,0.0,0.0,0.0,[],[],,
20260726_164425_DR VIJAY.pdf,Bank Statement,Receipt,20251016,Suspense,bank of baroda,Suspense,473.0,DIGITA-MUMBAI/ 473.00,Medium,No,0.0,0.0,0.0,0.0,[],[],,
20260726_164425_DR VIJAY.pdf,Bank Statement,Receipt,20251016,Suspense,bank of baroda,Suspense,485.0,DIGITA-MUMBAI/ 485.00,Medium,No,0.0,0.0,0.0,0.0,[],[],,
20260726_164425_DR VIJAY.pdf,Bank Statement,Receipt,20251016,Suspense,bank of baroda,Suspense,494.0,DIGITA-MUMBAI/ 494.00,Medium,No,0.0,0.0,0.0,0.0,[],[],,
20260726_164425_DR VIJAY.pdf,Bank Statement,Receipt,20251016,Suspense,bank of baroda,Suspense,611.0,DIGITA-MUMBAI/ 611.00,Medium,No,0.0,0.0,0.0,0.0,[],[],,
20260726_164425_DR VIJAY.pdf,Bank Statement,Receipt,20251016,Suspense,bank of baroda,Suspense,569.0,DIGITA-MUMBAI/ 569.00,Medium,No,0.0,0.0,0.0,0.0,[],[],,
20260726_164425_DR VIJAY.pdf,Bank Statement,Receipt,20251016,Suspense,bank of baroda,Suspense,1487.0,"DIGITA-MUMBAI/ 1,487.0",Medium,No,0.0,0.0,0.0,0.0,[],[],,
20260726_164425_DR VIJAY.pdf,Bank Statement,Receipt,20251016,Suspense,bank of baroda,Suspense,1348.0,"DIGITA-MUMBAI/ 1,348.0",Medium,No,0.0,0.0,0.0,0.0,[],[],,
20260726_164425_DR VIJAY.pdf,Bank Statement,Receipt,20251016,Suspense,bank of baroda,Suspense,832.0,DIGITA-MUMBAI/ 832.00,Medium,No,0.0,0.0,0.0,0.0,[],[],,
20260726_164425_DR VIJAY.pdf,Bank Statement,Receipt,20251016,Suspense,bank of baroda,Suspense,595.0,DIGITA-MUMBAI/ 595.00,Medium,No,0.0,0.0,0.0,0.0,[],[],,
20260726_164425_DR VIJAY.pdf,Bank Statement,Receipt,20251016,Suspense,bank of baroda,Suspense,1953.0,"DIGITA-MUMBAI/ 1,324.0",Medium,No,0.0,0.0,0.0,0.0,[],[],,
20260726_164425_DR VIJAY.pdf,Bank Statement,Receipt,20251016,Suspense,bank of baroda,Suspense,399.0,DIGITA-MUMBAI/ 399.00,Medium,No,0.0,0.0,0.0,0.0,[],[],,
20260726_164425_DR VIJAY.pdf,Bank Statement,Receipt,20251016,Suspense,bank of baroda,Suspense,1163.0,"DIGITA-MUMBAI/ 1,163.0",Medium,No,0.0,0.0,0.0,0.0,[],[],,
20260726_164425_DR VIJAY.pdf,Bank Statement,Receipt,20251016,Suspense,bank of baroda,Suspense,356.0,DIGITA-MUMBAI/ 356.00,Medium,No,0.0,0.0,0.0,0.0,[],[],,
20260726_164425_DR VIJAY.pdf,Bank Statement,Receipt,20251016,Suspense,bank of baroda,Suspense,552.0,DIGITA-MUMBAI/ 552.00,Medium,No,0.0,0.0,0.0,0.0,[],[],,
20260726_164425_DR VIJAY.pdf,Bank Statement,Receipt,20251016,Suspense,bank of baroda,Suspense,738.0,DIGITA-MUMBAI/ 738.00,Medium,No,0.0,0.0,0.0,0.0,[],[],,
20260726_164425_DR VIJAY.pdf,Bank Statement,Receipt,20251016,Suspense,bank of baroda,Suspense,563.0,DIGITA-MUMBAI/ 563.00,Medium,No,0.0,0.0,0.0,0.0,[],[],,
20260726_164425_DR VIJAY.pdf,Bank Statement,Receipt,20251016,Suspense,bank of baroda,Suspense,373.0,DIGITA-MUMBAI/ 373.00,Medium,No,0.0,0.0,0.0,0.0,[],[],,
20260726_164425_DR VIJAY.pdf,Bank Statement,Receipt,20251016,Suspense,bank of baroda,Suspense,1092.0,"DIGITA-MUMBAI/ 1,092.0",Medium,No,0.0,0.0,0.0,0.0,[],[],,
20260726_164425_DR VIJAY.pdf,Bank Statement,Receipt,20251016,Suspense,bank of baroda,Suspense,764.0,DIGITA-MUMBAI/ 764.00,Medium,No,0.0,0.0,0.0,0.0,[],[],,
20260726_164425_DR VIJAY.pdf,Bank Statement,Receipt,20251016,Suspense,bank of baroda,Suspense,493.0,DIGITA-MUMBAI/ 493.00,Medium,No,0.0,0.0,0.0,0.0,[],[],,
20260726_164425_DR VIJAY.pdf,Bank Statement,Receipt,20251016,Suspense,bank of baroda,Suspense,1028.0,"DIGITA-MUMBAI/ 1,028.0",Medium,No,0.0,0.0,0.0,0.0,[],[],,
20260726_164425_DR VIJAY.pdf,Bank Statement,Receipt,20251016,Suspense,bank of baroda,Suspense,132.0,DIGITA-MUMBAI/ 132.00,Medium,No,0.0,0.0,0.0,0.0,[],[],,
20260726_164425_DR VIJAY.pdf,Bank Statement,Receipt,20251016,Suspense,bank of baroda,Suspense,3611.0,"DIGITA-MUMBAI/ 3,611.0",Medium,No,0.0,0.0,0.0,0.0,[],[],,
20260726_164425_DR VIJAY.pdf,Bank Statement,Receipt,20251016,Suspense,bank of baroda,Suspense,438.0,DIGITA-MUMBAI/ 438.00,Medium,No,0.0,0.0,0.0,0.0,[],[],,
20260726_164425_DR VIJAY.pdf,Bank Statement,Receipt,20251016,Suspense,bank of baroda,Suspense,509.0,DIGITA-MUMBAI/ 509.00,Medium,No,0.0,0.0,0.0,0.0,[],[],,
20260726_164425_DR VIJAY.pdf,Bank Statement,Receipt,20251016,Suspense,bank of baroda,Suspense,543.0,DIGITA-MUMBAI/ 543.00,Medium,No,0.0,0.0,0.0,0.0,[],[],,
20260726_164425_DR VIJAY.pdf,Bank Statement,Receipt,20251016,Suspense,bank of baroda,Suspense,525.0,DIGITA-MUMBAI/ 525.00,Medium,No,0.0,0.0,0.0,0.0,[],[],,
20260726_164425_DR VIJAY.pdf,Bank Statement,Receipt,20251016,Suspense,bank of baroda,Suspense,639.0,DIGITA-MUMBAI/ 639.00,Medium,No,0.0,0.0,0.0,0.0,[],[],,
20260726_164425_DR VIJAY.pdf,Bank Statement,Receipt,20251016,Suspense,bank of baroda,Suspense,349.0,DIGITA-MUMBAI/ 349.00,Medium,No,0.0,0.0,0.0,0.0,[],[],,
20260726_164425_DR VIJAY.pdf,Bank Statement,Receipt,20251016,Suspense,bank of baroda,Suspense,847.0,DIGITA-MUMBAI/ 847.00,Medium,No,0.0,0.0,0.0,0.0,[],[],,
20260726_164425_DR VIJAY.pdf,Bank Statement,Receipt,20251016,Suspense,bank of baroda,Suspense,1093.0,"DIGITA-MUMBAI/ 1,093.0",Medium,No,0.0,0.0,0.0,0.0,[],[],,
20260726_164425_DR VIJAY.pdf,Bank Statement,Receipt,20251016,Suspense,bank of baroda,Suspense,838.0,DIGITA-MUMBAI/ 838.00,Medium,No,0.0,0.0,0.0,0.0,[],[],,
20260726_164425_DR VIJAY.pdf,Bank Statement,Receipt,20251016,Suspense,bank of baroda,Suspense,476.0,DIGITA-MUMBAI/ 476.00,Medium,No,0.0,0.0,0.0,0.0,[],[],,
20260726_164425_DR VIJAY.pdf,Bank Statement,Receipt,20251016,Suspense,bank of baroda,Suspense,495.0,DIGITA-MUMBAI/ 495.00,Medium,No,0.0,0.0,0.0,0.0,[],[],,
20260726_164425_DR VIJAY.pdf,Bank Statement,Receipt,20251016,Suspense,bank of baroda,Suspense,733.0,DIGITA-MUMBAI/ 733.00,Medium,No,0.0,0.0,0.0,0.0,[],[],,
20260726_164425_DR VIJAY.pdf,Bank Statement,Receipt,20251016,Suspense,bank of baroda,Suspense,427.0,DIGITA-MUMBAI/ 427.00,Medium,No,0.0,0.0,0.0,0.0,[],[],,
20260726_164425_DR VIJAY.pdf,Bank Statement,Receipt,20251016,Suspense,bank of baroda,Suspense,107.0,DIGITA-MUMBAI/ 107.00,Medium,No,0.0,0.0,0.0,0.0,[],[],,
20260726_164425_DR VIJAY.pdf,Bank Statement,Receipt,20251016,Suspense,bank of baroda,Suspense,578.0,DIGITA-MUMBAI/ 578.00,Medium,No,0.0,0.0,0.0,0.0,[],[],,
20260726_164425_DR VIJAY.pdf,Bank Statement,Receipt,20251016,Suspense,bank of baroda,Suspense,910.0,DIGITA-MUMBAI/ 910.00,Medium,No,0.0,0.0,0.0,0.0,[],[],,
20260726_164425_DR VIJAY.pdf,Bank Statement,Receipt,20251016,Suspense,bank of baroda,Suspense,544.0,DIGITA-MUMBAI/ 544.00,Medium,No,0.0,0.0,0.0,0.0,[],[],,
20260726_164425_DR VIJAY.pdf,Bank Statement,Receipt,20251016,Suspense,bank of baroda,Suspense,554.0,DIGITA-MUMBAI/ 554.00,Medium,No,0.0,0.0,0.0,0.0,[],[],,
20260726_164425_DR VIJAY.pdf,Bank Statement,Receipt,20251016,Suspense,bank of baroda,Suspense,276.0,DIGITA-MUMBAI/ 276.00,Medium,No,0.0,0.0,0.0,0.0,[],[],,
20260726_164425_DR VIJAY.pdf,Bank Statement,Receipt,20251016,Suspense,bank of baroda,Suspense,1183.0,"DIGITA-MUMBAI/ 1,183.0",Medium,No,0.0,0.0,0.0,0.0,[],[],,
20260726_164425_DR VIJAY.pdf,Bank Statement,Receipt,20251016,Suspense,bank of baroda,Suspense,674.0,DIGITA-MUMBAI/ 674.00,Medium,No,0.0,0.0,0.0,0.0,[],[],,
20260726_164425_DR VIJAY.pdf,Bank Statement,Receipt,20251016,Suspense,bank of baroda,Suspense,83.0,DIGITA-MUMBAI/ 83.00 8,Medium,No,0.0,0.0,0.0,0.0,[],[],,
20260726_164425_DR VIJAY.pdf,Bank Statement,Receipt,20251016,Suspense,bank of baroda,Suspense,291.0,DIGITA-MUMBAI/ 291.00,Medium,No,0.0,0.0,0.0,0.0,[],[],,
20260726_164425_DR VIJAY.pdf,Bank Statement,Receipt,20251016,Suspense,bank of baroda,Suspense,344.0,DIGITA-MUMBAI/ 344.00,Medium,No,0.0,0.0,0.0,0.0,[],[],,
20260726_164425_DR VIJAY.pdf,Bank Statement,Receipt,20251016,Suspense,bank of baroda,Suspense,287.0,DIGITA-MUMBAI/ 287.00,Medium,No,0.0,0.0,0.0,0.0,[],[],,
20260726_164425_DR VIJAY.pdf,Bank Statement,Receipt,20251016,Suspense,bank of baroda,Suspense,129.0,DIGITA-MUMBAI/ 129.00,Medium,No,0.0,0.0,0.0,0.0,[],[],,
20260726_164425_DR VIJAY.pdf,Bank Statement,Receipt,20251016,Suspense,bank of baroda,Suspense,1259.0,"DIGITA-MUMBAI/ 1,259.0",Medium,No,0.0,0.0,0.0,0.0,[],[],,
20260726_164425_DR VIJAY.pdf,Bank Statement,Receipt,20251016,Suspense,bank of baroda,Suspense,720.0,DIGITA-MUMBAI/ 720.00,Medium,No,0.0,0.0,0.0,0.0,[],[],,
20260726_164425_DR VIJAY.pdf,Bank Statement,Receipt,20251016,Suspense,bank of baroda,Suspense,780.0,DIGITA-MUMBAI/ 780.00,Medium,No,0.0,0.0,0.0,0.0,[],[],,
20260726_164425_DR VIJAY.pdf,Bank Statement,Receipt,20251016,Suspense,bank of baroda,Suspense,613.0,DIGITA-MUMBAI/ 613.00,Medium,No,0.0,0.0,0.0,0.0,[],[],,
20260726_164425_DR VIJAY.pdf,Bank Statement,Receipt,20251016,Suspense,bank of baroda,Suspense,418.0,DIGITA-MUMBAI/ 418.00,Medium,No,0.0,0.0,0.0,0.0,[],[],,
20260726_164425_DR VIJAY.pdf,Bank Statement,Receipt,20251016,Suspense,bank of baroda,Suspense,715.0,DIGITA-MUMBAI/ 715.00,Medium,No,0.0,0.0,0.0,0.0,[],[],,
20260726_164425_DR VIJAY.pdf,Bank Statement,Receipt,20251016,Suspense,bank of baroda,Suspense,1042.0,DIGITA-MUMBAI/ 874.00,Medium,No,0.0,0.0,0.0,0.0,[],[],,
20260726_164425_DR VIJAY.pdf,Bank Statement,Receipt,20251016,Suspense,bank of baroda,Suspense,1323.0,"DIGITA-MUMBAI/ 1,323.0",Medium,No,0.0,0.0,0.0,0.0,[],[],,
20260726_164425_DR VIJAY.pdf,Bank Statement,Receipt,20251016,Suspense,bank of baroda,Suspense,1772.0,"DIGITA-MUMBAI/ 1,772.0",Medium,No,0.0,0.0,0.0,0.0,[],[],,
20260726_164425_DR VIJAY.pdf,Bank Statement,Receipt,20251016,Suspense,bank of baroda,Suspense,523.0,DIGITA-MUMBAI/ 523.00,Medium,No,0.0,0.0,0.0,0.0,[],[],,
20260726_164425_DR VIJAY.pdf,Bank Statement,Receipt,20251016,Suspense,bank of baroda,Suspense,395.0,DIGITA-MUMBAI/ 395.00,Medium,No,0.0,0.0,0.0,0.0,[],[],,
20260726_164425_DR VIJAY.pdf,Bank Statement,Receipt,20251016,Suspense,bank of baroda,Suspense,191.0,DIGITA-MUMBAI/ 191.00,Medium,No,0.0,0.0,0.0,0.0,[],[],,
20260726_164425_DR VIJAY.pdf,Bank Statement,Receipt,20251016,Suspense,bank of baroda,Suspense,1436.0,"DIGITA-MUMBAI/ 1,436.0",Medium,No,0.0,0.0,0.0,0.0,[],[],,
20260726_164425_DR VIJAY.pdf,Bank Statement,Receipt,20251016,Suspense,bank of baroda,Suspense,662.0,DIGITA-MUMBAI/ 662.00,Medium,No,0.0,0.0,0.0,0.0,[],[],,
20260726_164425_DR VIJAY.pdf,Bank Statement,Receipt,20251016,Suspense,bank of baroda,Suspense,83.0,DIGITA-MUMBAI/ 83.00 8,Medium,No,0.0,0.0,0.0,0.0,[],[],,
20260726_164425_DR VIJAY.pdf,Bank Statement,Receipt,20251016,Suspense,bank of baroda,Suspense,719.0,DIGITA-MUMBAI/ 719.00,Medium,No,0.0,0.0,0.0,0.0,[],[],,
20260726_164425_DR VIJAY.pdf,Bank Statement,Receipt,20251016,Suspense,bank of baroda,Suspense,952.0,DIGITA-MUMBAI/ 952.00,Medium,No,0.0,0.0,0.0,0.0,[],[],,
20260726_164425_DR VIJAY.pdf,Bank Statement,Receipt,20251016,Suspense,bank of baroda,Suspense,363.0,DIGITA-MUMBAI/ 363.00,Medium,No,0.0,0.0,0.0,0.0,[],[],,
20260726_164425_DR VIJAY.pdf,Bank Statement,Receipt,20251016,Suspense,bank of baroda,Suspense,443.0,DIGITA-MUMBAI/ 443.00,Medium,No,0.0,0.0,0.0,0.0,[],[],,
20260726_164425_DR VIJAY.pdf,Bank Statement,Receipt,20251016,Suspense,bank of baroda,Suspense,602.0,DIGITA-MUMBAI/ 602.00,Medium,No,0.0,0.0,0.0,0.0,[],[],,
20260726_164425_DR VIJAY.pdf,Bank Statement,Receipt,20251016,Suspense,bank of baroda,Suspense,648.0,DIGITA-MUMBAI/ 648.00,Medium,No,0.0,0.0,0.0,0.0,[],[],,
20260726_164425_DR VIJAY.pdf,Bank Statement,Receipt,20251016,Suspense,bank of baroda,Suspense,1646.0,"DIGITA-MUMBAI/ 1,646.0",Medium,No,0.0,0.0,0.0,0.0,[],[],,
20260726_164425_DR VIJAY.pdf,Bank Statement,Receipt,20251016,Suspense,bank of baroda,Suspense,469.0,DIGITA-MUMBAI/ 469.00,Medium,No,0.0,0.0,0.0,0.0,[],[],,
20260726_164425_DR VIJAY.pdf,Bank Statement,Receipt,20251016,Suspense,bank of baroda,Suspense,509.0,DIGITA-MUMBAI/ 509.00,Medium,No,0.0,0.0,0.0,0.0,[],[],,
20260726_164425_DR VIJAY.pdf,Bank Statement,Receipt,20251016,Suspense,bank of baroda,Suspense,1147.0,"DIGITA-MUMBAI/ 1,147.0",Medium,No,0.0,0.0,0.0,0.0,[],[],,
20260726_164425_DR VIJAY.pdf,Bank Statement,Receipt,20251016,Suspense,bank of baroda,Suspense,469.0,DIGITA-MUMBAI/ 469.00,Medium,No,0.0,0.0,0.0,0.0,[],[],,
20260726_164425_DR VIJAY.pdf,Bank Statement,Receipt,20251016,Suspense,bank of baroda,Suspense,764.0,DIGITA-MUMBAI/ 764.00,Medium,No,0.0,0.0,0.0,0.0,[],[],,
20260726_164425_DR VIJAY.pdf,Bank Statement,Receipt,20251016,Suspense,bank of baroda,Suspense,1172.0,"DIGITA-MUMBAI/ 1,172.0",Medium,No,0.0,0.0,0.0,0.0,[],[],,
20260726_164425_DR VIJAY.pdf,Bank Statement,Receipt,20251016,Suspense,bank of baroda,Suspense,315.0,DIGITA-MUMBAI/ 315.00,Medium,No,0.0,0.0,0.0,0.0,[],[],,
20260726_164425_DR VIJAY.pdf,Bank Statement,Receipt,20251016,Suspense,bank of baroda,Suspense,611.0,DIGITA-MUMBAI/ 611.00,Medium,No,0.0,0.0,0.0,0.0,[],[],,
20260726_164425_DR VIJAY.pdf,Bank Statement,Receipt,20251016,Suspense,bank of baroda,Suspense,323.0,DIGITA-MUMBAI/ 323.00,Medium,No,0.0,0.0,0.0,0.0,[],[],,
20260726_164425_DR VIJAY.pdf,Bank Statement,Receipt,20251016,Suspense,bank of baroda,Suspense,1187.0,"DIGITA-MUMBAI/ 1,187.0",Medium,No,0.0,0.0,0.0,0.0,[],[],,
20260726_164425_DR VIJAY.pdf,Bank Statement,Receipt,20251016,Suspense,bank of baroda,Suspense,1592.0,"DIGITA-MUMBAI/ 1,592.0",Medium,No,0.0,0.0,0.0,0.0,[],[],,
20260726_164425_DR VIJAY.pdf,Bank Statement,Receipt,20251016,Suspense,bank of baroda,Suspense,1022.0,"DIGITA-MUMBAI/ 1,022.0",Medium,No,0.0,0.0,0.0,0.0,[],[],,
20260726_164425_DR VIJAY.pdf,Bank Statement,Receipt,20251016,Suspense,bank of baroda,Suspense,574.0,DIGITA-MUMBAI/ 574.00,Medium,No,0.0,0.0,0.0,0.0,[],[],,
20260726_164425_DR VIJAY.pdf,Bank Statement,Receipt,20251016,Suspense,bank of baroda,Suspense,719.0,DIGITA-MUMBAI/ 719.00,Medium,No,0.0,0.0,0.0,0.0,[],[],,
20260726_164425_DR VIJAY.pdf,Bank Statement,Receipt,20251016,Suspense,bank of baroda,Suspense,119.0,DIGITA-MUMBAI/ 119.00,Medium,No,0.0,0.0,0.0,0.0,[],[],,
20260726_164425_DR VIJAY.pdf,Bank Statement,Receipt,20251016,Suspense,bank of baroda,Suspense,236.0,DIGITA-MUMBAI/ 236.00,Medium,No,0.0,0.0,0.0,0.0,[],[],,
20260726_164425_DR VIJAY.pdf,Bank Statement,Receipt,20251016,Suspense,bank of baroda,Suspense,1450.0,"DIGITA-MUMBAI/ 1,450.0",Medium,No,0.0,0.0,0.0,0.0,[],[],,
20260726_164425_DR VIJAY.pdf,Bank Statement,Receipt,20251016,Suspense,bank of baroda,Suspense,857.0,DIGITA-MUMBAI/ 857.00,Medium,No,0.0,0.0,0.0,0.0,[],[],,
20260726_164425_DR VIJAY.pdf,Bank Statement,Receipt,20251016,Suspense,bank of baroda,Suspense,1101.0,"DIGITA-MUMBAI/ 1,101.0",Medium,No,0.0,0.0,0.0,0.0,[],[],,
20260726_164425_DR VIJAY.pdf,Bank Statement,Receipt,20251016,Suspense,bank of baroda,Suspense,722.0,DIGITA-MUMBAI/ 722.00,Medium,No,0.0,0.0,0.0,0.0,[],[],,
20260726_164425_DR VIJAY.pdf,Bank Statement,Receipt,20251016,Suspense,bank of baroda,Suspense,344.0,DIGITA-MUMBAI/ 344.00,Medium,No,0.0,0.0,0.0,0.0,[],[],,
20260726_164425_DR VIJAY.pdf,Bank Statement,Receipt,20251016,Suspense,bank of baroda,Suspense,624.0,DIGITA-MUMBAI/ 624.00,Medium,No,0.0,0.0,0.0,0.0,[],[],,
20260726_164425_DR VIJAY.pdf,Bank Statement,Receipt,20251016,Suspense,bank of baroda,Suspense,507.0,DIGITA-MUMBAI/ 507.00,Medium,No,0.0,0.0,0.0,0.0,[],[],,
20260726_164425_DR VIJAY.pdf,Bank Statement,Receipt,20251016,Suspense,bank of baroda,Suspense,512.0,DIGITA-MUMBAI/ 512.00,Medium,No,0.0,0.0,0.0,0.0,[],[],,
20260726_164425_DR VIJAY.pdf,Bank Statement,Receipt,20251016,Suspense,bank of baroda,Suspense,146.0,DIGITA-MUMBAI/ 146.00,Medium,No,0.0,0.0,0.0,0.0,[],[],,
20260726_164425_DR VIJAY.pdf,Bank Statement,Receipt,20251016,Suspense,bank of baroda,Suspense,933.0,DIGITA-MUMBAI/ 933.00,Medium,No,0.0,0.0,0.0,0.0,[],[],,
20260726_164425_DR VIJAY.pdf,Bank Statement,Receipt,20251016,Suspense,bank of baroda,Suspense,417.0,DIGITA-MUMBAI/ 417.00,Medium,No,0.0,0.0,0.0,0.0,[],[],,
20260726_164425_DR VIJAY.pdf,Bank Statement,Receipt,20251016,Suspense,bank of baroda,Suspense,764.0,DIGITA-MUMBAI/ 764.00,Medium,No,0.0,0.0,0.0,0.0,[],[],,
20260726_164425_DR VIJAY.pdf,Bank Statement,Receipt,20251016,Suspense,bank of baroda,Suspense,772.0,DIGITA-MUMBAI/ 772.00,Medium,No,0.0,0.0,0.0,0.0,[],[],,
20260726_164425_DR VIJAY.pdf,Bank Statement,Receipt,20251016,Suspense,bank of baroda,Suspense,496.0,DIGITA-MUMBAI/ 496.00,Medium,No,0.0,0.0,0.0,0.0,[],[],,
20260726_164425_DR VIJAY.pdf,Bank Statement,Receipt,20251016,Suspense,bank of baroda,Suspense,1696.0,"DIGITA-MUMBAI/ 1,325.0",Medium,No,0.0,0.0,0.0,0.0,[],[],,
20260726_164425_DR VIJAY.pdf,Bank Statement,Receipt,20251016,Suspense,bank of baroda,Suspense,1135.0,"DIGITA-MUMBAI/ 1,135.0",Medium,No,0.0,0.0,0.0,0.0,[],[],,
20260726_164425_DR VIJAY.pdf,Bank Statement,Receipt,20251016,Suspense,bank of baroda,Suspense,343.0,DIGITA-MUMBAI/ 343.00,Medium,No,0.0,0.0,0.0,0.0,[],[],,
20260726_164425_DR VIJAY.pdf,Bank Statement,Receipt,20251016,Suspense,bank of baroda,Suspense,379.0,DIGITA-MUMBAI/ 379.00,Medium,No,0.0,0.0,0.0,0.0,[],[],,
20260726_164425_DR VIJAY.pdf,Bank Statement,Receipt,20251016,Suspense,bank of baroda,Suspense,622.0,DIGITA-MUMBAI/ 622.00,Medium,No,0.0,0.0,0.0,0.0,[],[],,
20260726_164425_DR VIJAY.pdf,Bank Statement,Receipt,20251016,Suspense,bank of baroda,Suspense,357.0,DIGITA-MUMBAI/ 357.00,Medium,No,0.0,0.0,0.0,0.0,[],[],,
20260726_164425_DR VIJAY.pdf,Bank Statement,Receipt,20251016,Suspense,bank of baroda,Suspense,117.0,DIGITA-MUMBAI/ 117.00,Medium,No,0.0,0.0,0.0,0.0,[],[],,
20260726_164425_DR VIJAY.pdf,Bank Statement,Receipt,20251016,Suspense,bank of baroda,Suspense,378.0,DIGITA-MUMBAI/ 378.00,Medium,No,0.0,0.0,0.0,0.0,[],[],,
20260726_164425_DR VIJAY.pdf,Bank Statement,Receipt,20251016,Suspense,bank of baroda,Suspense,69.0,DIGITA-MUMBAI/ 69.00 8,Medium,No,0.0,0.0,0.0,0.0,[],[],,
20260726_164425_DR VIJAY.pdf,Bank Statement,Receipt,20251016,Suspense,bank of baroda,Suspense,477.0,DIGITA-MUMBAI/ 477.00,Medium,No,0.0,0.0,0.0,0.0,[],[],,
20260726_164425_DR VIJAY.pdf,Bank Statement,Receipt,20251016,Suspense,bank of baroda,Suspense,593.0,DIGITA-MUMBAI/ 593.00,Medium,No,0.0,0.0,0.0,0.0,[],[],,
20260726_164425_DR VIJAY.pdf,Bank Statement,Receipt,20251016,Suspense,bank of baroda,Suspense,276.0,DIGITA-MUMBAI/ 276.00,Medium,No,0.0,0.0,0.0,0.0,[],[],,
20260726_164425_DR VIJAY.pdf,Bank Statement,Receipt,20251016,Suspense,bank of baroda,Suspense,1134.0,"DIGITA-MUMBAI/ 1,134.0",Medium,No,0.0,0.0,0.0,0.0,[],[],,
20260726_164425_DR VIJAY.pdf,Bank Statement,Receipt,20251016,Suspense,bank of baroda,Suspense,472.0,DIGITA-MUMBAI/ 472.00,Medium,No,0.0,0.0,0.0,0.0,[],[],,
20260726_164425_DR VIJAY.pdf,Bank Statement,Receipt,20251016,Suspense,bank of baroda,Suspense,1099.0,"DIGITA-MUMBAI/ 1,099.0",Medium,No,0.0,0.0,0.0,0.0,[],[],,
20260726_164425_DR VIJAY.pdf,Bank Statement,Receipt,20251016,Suspense,bank of baroda,Suspense,1414.0,"DIGITA-MUMBAI/ 1,414.0",Medium,No,0.0,0.0,0.0,0.0,[],[],,
20260726_164425_DR VIJAY.pdf,Bank Statement,Receipt,20251016,Suspense,bank of baroda,Suspense,930.0,DIGITA-MUMBAI/ 930.00,Medium,No,0.0,0.0,0.0,0.0,[],[],,
20260726_164425_DR VIJAY.pdf,Bank Statement,Receipt,20251016,Suspense,bank of baroda,Suspense,870.0,DIGITA-MUMBAI/ 870.00,Medium,No,0.0,0.0,0.0,0.0,[],[],,
20260726_164425_DR VIJAY.pdf,Bank Statement,Receipt,20251016,Suspense,bank of baroda,Suspense,443.0,DIGITA-MUMBAI/ 443.00,Medium,No,0.0,0.0,0.0,0.0,[],[],,
20260726_164425_DR VIJAY.pdf,Bank Statement,Receipt,20251016,Suspense,bank of baroda,Suspense,534.0,DIGITA-MUMBAI/ 534.00,Medium,No,0.0,0.0,0.0,0.0,[],[],,
20260726_164425_DR VIJAY.pdf,Bank Statement,Receipt,20251016,Suspense,bank of baroda,Suspense,173.0,DIGITA-MUMBAI/ 173.00,Medium,No,0.0,0.0,0.0,0.0,[],[],,
20260726_164425_DR VIJAY.pdf,Bank Statement,Receipt,20251016,Suspense,bank of baroda,Suspense,1752.0,"DIGITA-MUMBAI/ 1,752.0",Medium,No,0.0,0.0,0.0,0.0,[],[],,
20260726_164425_DR VIJAY.pdf,Bank Statement,Receipt,20251016,Suspense,bank of baroda,Suspense,643.0,DIGITA-MUMBAI/ 643.00,Medium,No,0.0,0.0,0.0,0.0,[],[],,
20260726_164425_DR VIJAY.pdf,Bank Statement,Receipt,20251016,Suspense,bank of baroda,Suspense,1147.0,"DIGITA-MUMBAI/ 1,147.0",Medium,No,0.0,0.0,0.0,0.0,[],[],,
20260726_164425_DR VIJAY.pdf,Bank Statement,Receipt,20251016,Suspense,bank of baroda,Suspense,725.0,DIGITA-MUMBAI/ 725.00,Medium,No,0.0,0.0,0.0,0.0,[],[],,
20260726_164425_DR VIJAY.pdf,Bank Statement,Receipt,20251016,Suspense,bank of baroda,Suspense,227.0,DIGITA-MUMBAI/ 227.00,Medium,No,0.0,0.0,0.0,0.0,[],[],,
20260726_164425_DR VIJAY.pdf,Bank Statement,Receipt,20251016,Suspense,bank of baroda,Suspense,777.0,DIGITA-MUMBAI/ 777.00,Medium,No,0.0,0.0,0.0,0.0,[],[],,
20260726_164425_DR VIJAY.pdf,Bank Statement,Receipt,20251016,Suspense,bank of baroda,Suspense,570.0,DIGITA-MUMBAI/ 570.00,Medium,No,0.0,0.0,0.0,0.0,[],[],,
20260726_164425_DR VIJAY.pdf,Bank Statement,Receipt,20251016,Suspense,bank of baroda,Suspense,686.0,DIGITA-MUMBAI/ 686.00,Medium,No,0.0,0.0,0.0,0.0,[],[],,
20260726_164425_DR VIJAY.pdf,Bank Statement,Receipt,20251016,Suspense,bank of baroda,Suspense,558.0,DIGITA-MUMBAI/ 558.00,Medium,No,0.0,0.0,0.0,0.0,[],[],,
20260726_164425_DR VIJAY.pdf,Bank Statement,Receipt,20251016,Suspense,bank of baroda,Suspense,914.0,DIGITA-MUMBAI/ 914.00,Medium,No,0.0,0.0,0.0,0.0,[],[],,
20260726_164425_DR VIJAY.pdf,Bank Statement,Receipt,20251016,Suspense,bank of baroda,Suspense,569.0,DIGITA-MUMBAI/ 569.00,Medium,No,0.0,0.0,0.0,0.0,[],[],,
20260726_164425_DR VIJAY.pdf,Bank Statement,Receipt,20251016,Suspense,bank of baroda,Suspense,815.0,DIGITA-MUMBAI/ 815.00,Medium,No,0.0,0.0,0.0,0.0,[],[],,
20260726_164425_DR VIJAY.pdf,Bank Statement,Receipt,20251016,Suspense,bank of baroda,Suspense,970.0,DIGITA-MUMBAI/ 970.00,Medium,No,0.0,0.0,0.0,0.0,[],[],,
20260726_164425_DR VIJAY.pdf,Bank Statement,Receipt,20251016,Suspense,bank of baroda,Suspense,1132.0,"DIGITA-MUMBAI/ 1,132.0",Medium,No,0.0,0.0,0.0,0.0,[],[],,
20260726_164425_DR VIJAY.pdf,Bank Statement,Receipt,20251016,Suspense,bank of baroda,Suspense,823.0,DIGITA-MUMBAI/ 823.00,Medium,No,0.0,0.0,0.0,0.0,[],[],,
20260726_164425_DR VIJAY.pdf,Bank Statement,Receipt,20251016,Suspense,bank of baroda,Suspense,1098.0,"DIGITA-MUMBAI/ 1,098.0",Medium,No,0.0,0.0,0.0,0.0,[],[],,
20260726_164425_DR VIJAY.pdf,Bank Statement,Receipt,20251016,Suspense,bank of baroda,Suspense,1363.0,"DIGITA-MUMBAI/ 1,363.0",Medium,No,0.0,0.0,0.0,0.0,[],[],,
20260726_164425_DR VIJAY.pdf,Bank Statement,Receipt,20251016,Suspense,bank of baroda,Suspense,2227.0,"DIGITA-MUMBAI/ 2,227.0",Medium,No,0.0,0.0,0.0,0.0,[],[],,
20260726_164425_DR VIJAY.pdf,Bank Statement,Receipt,20251016,Suspense,bank of baroda,Suspense,587.0,DIGITA-MUMBAI/ 587.00,Medium,No,0.0,0.0,0.0,0.0,[],[],,
20260726_164425_DR VIJAY.pdf,Bank Statement,Receipt,20251016,Suspense,bank of baroda,Suspense,520.0,DIGITA-MUMBAI/ 520.00,Medium,No,0.0,0.0,0.0,0.0,[],[],,
20260726_164425_DR VIJAY.pdf,Bank Statement,Receipt,20251016,Suspense,bank of baroda,Suspense,448.0,DIGITA-MUMBAI/ 448.00,Medium,No,0.0,0.0,0.0,0.0,[],[],,
20260726_164425_DR VIJAY.pdf,Bank Statement,Receipt,20251016,Suspense,bank of baroda,Suspense,277.0,DIGITA-MUMBAI/ 277.00,Medium,No,0.0,0.0,0.0,0.0,[],[],,
20260726_164425_DR VIJAY.pdf,Bank Statement,Receipt,20251016,Suspense,bank of baroda,Suspense,1190.0,"DIGITA-MUMBAI/ 1,190.0",Medium,No,0.0,0.0,0.0,0.0,[],[],,
20260726_164425_DR VIJAY.pdf,Bank Statement,Receipt,20251016,Suspense,bank of baroda,Suspense,83.0,DIGITA-MUMBAI/ 83.00 9,Medium,No,0.0,0.0,0.0,0.0,[],[],,
20260726_164425_DR VIJAY.pdf,Bank Statement,Receipt,20251016,Suspense,bank of baroda,Suspense,492.0,DIGITA-MUMBAI/ 492.00,Medium,No,0.0,0.0,0.0,0.0,[],[],,
20260726_164425_DR VIJAY.pdf,Bank Statement,Receipt,20251016,Suspense,bank of baroda,Suspense,894.0,DIGITA-MUMBAI/ 202.00,Medium,No,0.0,0.0,0.0,0.0,[],[],,
20260726_164425_DR VIJAY.pdf,Bank Statement,Payment,20251016,Suspense,Suspense,bank of baroda,15000.0,"VAISHA-AJMER/V 433 15,000.",Medium,No,0.0,0.0,0.0,0.0,[],[],,
20260726_164425_DR VIJAY.pdf,Bank Statement,Receipt,20251016,Suspense,bank of baroda,Suspense,1714.0,"DIGITA-MUMBAI/ 1,714.0",Medium,No,0.0,0.0,0.0,0.0,[],[],,
20260726_164425_DR VIJAY.pdf,Bank Statement,Receipt,20251016,Suspense,bank of baroda,Suspense,802.0,DIGITA-MUMBAI/ 802.00,Medium,No,0.0,0.0,0.0,0.0,[],[],,
20260726_164425_DR VIJAY.pdf,Bank Statement,Receipt,20251016,Suspense,bank of baroda,Suspense,119.0,DIGITA-MUMBAI/ 119.00,Medium,No,0.0,0.0,0.0,0.0,[],[],,
20260726_164425_DR VIJAY.pdf,Bank Statement,Receipt,20251016,Suspense,bank of baroda,Suspense,979.0,DIGITA-MUMBAI/ 979.00,Medium,No,0.0,0.0,0.0,0.0,[],[],,
20260726_164425_DR VIJAY.pdf,Bank Statement,Receipt,20251016,Suspense,bank of baroda,Suspense,319.0,DIGITA-MUMBAI/ 319.00,Medium,No,0.0,0.0,0.0,0.0,[],[],,
20260726_164425_DR VIJAY.pdf,Bank Statement,Receipt,20251016,Suspense,bank of baroda,Suspense,444.0,DIGITA-MUMBAI/ 444.00,Medium,No,0.0,0.0,0.0,0.0,[],[],,
20260726_164425_DR VIJAY.pdf,Bank Statement,Receipt,20251016,Suspense,bank of baroda,Suspense,472.0,DIGITA-MUMBAI/ 472.00,Medium,No,0.0,0.0,0.0,0.0,[],[],,
20260726_164425_DR VIJAY.pdf,Bank Statement,Receipt,20251016,Suspense,bank of baroda,Suspense,1044.0,"DIGITA-MUMBAI/ 1,044.0",Medium,No,0.0,0.0,0.0,0.0,[],[],,
20260726_164425_DR VIJAY.pdf,Bank Statement,Receipt,20251016,Suspense,bank of baroda,Suspense,703.0,DIGITA-MUMBAI/ 703.00,Medium,No,0.0,0.0,0.0,0.0,[],[],,
20260726_164425_DR VIJAY.pdf,Bank Statement,Receipt,20251016,Suspense,bank of baroda,Suspense,375.0,DIGITA-MUMBAI/ 375.00,Medium,No,0.0,0.0,0.0,0.0,[],[],,
20260726_164425_DR VIJAY.pdf,Bank Statement,Receipt,20251016,Suspense,bank of baroda,Suspense,171.0,DIGITA-MUMBAI/ 171.00,Medium,No,0.0,0.0,0.0,0.0,[],[],,
20260726_164425_DR VIJAY.pdf,Bank Statement,Receipt,20251016,Suspense,bank of baroda,Suspense,741.0,DIGITA-MUMBAI/ 741.00,Medium,No,0.0,0.0,0.0,0.0,[],[],,
20260726_164425_DR VIJAY.pdf,Bank Statement,Receipt,20251016,Suspense,bank of baroda,Suspense,586.0,DIGITA-MUMBAI/ 586.00,Medium,No,0.0,0.0,0.0,0.0,[],[],,
20260726_164425_DR VIJAY.pdf,Bank Statement,Payment,20251016,Suspense,Suspense,bank of baroda,20000.0,"IMPS/P2A/52892 20,000.",Medium,No,0.0,0.0,0.0,0.0,[],[],,
20260726_164425_DR VIJAY.pdf,Bank Statement,Payment,20251016,Suspense,Suspense,bank of baroda,5.9,"CHARGES FOR 5.90 8,",Medium,No,0.0,0.0,0.0,0.0,[],[],,
20260726_164425_DR VIJAY.pdf,Bank Statement,Payment,20251017,Suspense,Suspense,bank of baroda,10000.0,"SERJAI-JAIPUR/ 432 10,000.",Medium,No,0.0,0.0,0.0,0.0,[],[],,
20260726_164425_DR VIJAY.pdf,Bank Statement,Payment,20251017,Suspense,Suspense,bank of baroda,25000.0,"IMPS/P2A/52901 25,000.",Medium,No,0.0,0.0,0.0,0.0,[],[],,
20260726_164425_DR VIJAY.pdf,Bank Statement,Payment,20251017,Suspense,Suspense,bank of baroda,5.9,"CHARGES FOR 5.90 8,",Medium,No,0.0,0.0,0.0,0.0,[],[],,
20260726_164425_DR VIJAY.pdf,Bank Statement,Payment,20251017,Suspense,Suspense,bank of baroda,25000.0,"IMPS/P2A/52901 25,000.",Medium,No,0.0,0.0,0.0,0.0,[],[],,
20260726_164425_DR VIJAY.pdf,Bank Statement,Payment,20251017,Suspense,Suspense,bank of baroda,5.9,"CHARGES FOR 5.90 8,",Medium,No,0.0,0.0,0.0,0.0,[],[],,
20260726_164425_DR VIJAY.pdf,Bank Statement,Payment,20251019,Suspense,Suspense,bank of baroda,50000.0,"SERJAI-JAIPUR/ 440 50,000.",Medium,No,0.0,0.0,0.0,0.0,[],[],,
20260726_164425_DR VIJAY.pdf,Bank Statement,Payment,20251019,Suspense,Suspense,bank of baroda,25000.0,"SERJAI-JAIPUR/ 439 25,000.",Medium,No,0.0,0.0,0.0,0.0,[],[],,
20260726_164425_DR VIJAY.pdf,Bank Statement,Payment,20251019,Suspense,Suspense,bank of baroda,220246.0,"SERJAI-JAIPUR/ 438 2,20,24",Medium,No,0.0,0.0,0.0,0.0,[],[],,
20260726_164425_DR VIJAY.pdf,Bank Statement,Payment,20251020,Suspense,Suspense,bank of baroda,3.54,"SMS Charges 3.54 5,",Medium,No,0.0,0.0,0.0,0.0,[],[],,
20260726_164425_DR VIJAY.pdf,Bank Statement,Payment,20251021,Suspense,Suspense,bank of baroda,8533.0,"SERJAI-JAIPUR/ 436 8,533.0",Medium,No,0.0,0.0,0.0,0.0,[],[],,
20260726_164425_DR VIJAY.pdf,Bank Statement,Payment,20251021,Suspense,Suspense,bank of baroda,5382.0,"SERJAI-JAIPUR/ 435 5,382.0",Medium,No,0.0,0.0,0.0,0.0,[],[],,
20260726_164425_DR VIJAY.pdf,Bank Statement,Payment,20251023,Suspense,Suspense,bank of baroda,20000.0,"IMPS/P2A/52961 20,000.",Medium,No,0.0,0.0,0.0,0.0,[],[],,
20260726_164425_DR VIJAY.pdf,Bank Statement,Payment,20251023,Suspense,Suspense,bank of baroda,5.9,"CHARGES FOR 5.90 5,",Medium,No,0.0,0.0,0.0,0.0,[],[],,
20260726_164425_DR VIJAY.pdf,Bank Statement,Payment,20251026,Suspense,Suspense,bank of baroda,50000.0,"IMPS/P2A/52991 50,000.",Medium,No,0.0,0.0,0.0,0.0,[],[],,
20260726_164425_DR VIJAY.pdf,Bank Statement,Payment,20251026,Suspense,Suspense,bank of baroda,17.7,CHARGES FOR 17.70 4,Medium,No,0.0,0.0,0.0,0.0,[],[],,
20260726_164425_DR VIJAY.pdf,Bank Statement,Payment,20251027,Suspense,Suspense,bank of baroda,74800.0,"IMPS/P2A/53001 74,800.",Medium,No,0.0,0.0,0.0,0.0,[],[],,
20260726_164425_DR VIJAY.pdf,Bank Statement,Payment,20251027,Suspense,Suspense,bank of baroda,17.7,CHARGES FOR 17.70 3,Medium,No,0.0,0.0,0.0,0.0,[],[],,
20260726_164425_DR VIJAY.pdf,Bank Statement,Payment,20251027,Suspense,Suspense,bank of baroda,20000.0,"SERJAI-JAIPUR/ 441 20,000.",Medium,No,0.0,0.0,0.0,0.0,[],[],,
20260726_164425_DR VIJAY.pdf,Bank Statement,Payment,20251027,Suspense,Suspense,bank of baroda,10939.0,"RAIAJM-AJMER/T 442 10,939.",Medium,No,0.0,0.0,0.0,0.0,[],[],,
20260726_164425_DR VIJAY.pdf,Bank Statement,Payment,20251028,Suspense,Suspense,bank of baroda,10717.0,"SERJAI-JAIPUR/ 431 10,717.",Medium,No,0.0,0.0,0.0,0.0,[],[],,
20260726_164425_DR VIJAY.pdf,Bank Statement,Payment,20251029,Suspense,Suspense,bank of baroda,15000.0,"SERJAI-JAIPUR/ 444 15,000.",Medium,No,0.0,0.0,0.0,0.0,[],[],,
20260726_164425_DR VIJAY.pdf,Bank Statement,Payment,20251029,Suspense,Suspense,bank of baroda,20000.0,"IMPS/P2A/53021 20,000.",Medium,No,0.0,0.0,0.0,0.0,[],[],,
20260726_164425_DR VIJAY.pdf,Bank Statement,Payment,20251029,Suspense,Suspense,bank of baroda,5.9,"CHARGES FOR 5.90 3,",Medium,No,0.0,0.0,0.0,0.0,[],[],,
20260726_164425_DR VIJAY.pdf,Bank Statement,Payment,20251031,Suspense,Suspense,bank of baroda,20000.0,"SERJAI-JAIPUR/ 447 20,000.",Medium,No,0.0,0.0,0.0,0.0,[],[],,
20260726_164425_DR VIJAY.pdf,Bank Statement,Payment,20251031,Suspense,Suspense,bank of baroda,20000.0,"SERJAI-JAIPUR/ 446 20,000.",Medium,No,0.0,0.0,0.0,0.0,[],[],,
20260726_164425_DR VIJAY.pdf,Bank Statement,Payment,20251101,Suspense,Suspense,bank of baroda,9230.0,"SERJAI-JAIPUR/ 443 9,230.0",Medium,No,0.0,0.0,0.0,0.0,[],[],,
20260726_164425_DR VIJAY.pdf,Bank Statement,Payment,20251101,Suspense,Suspense,bank of baroda,20000.0,"SERJAI-JAIPUR/ 434 20,000.",Medium,No,0.0,0.0,0.0,0.0,[],[],,
20260726_164425_DR VIJAY.pdf,Bank Statement,Payment,20251101,Suspense,Suspense,bank of baroda,15000.0,"SERJAI-JAIPUR/ 445 15,000.",Medium,No,0.0,0.0,0.0,0.0,[],[],,
20260726_164425_DR VIJAY.pdf,Bank Statement,Payment,20251103,Suspense,Suspense,bank of baroda,15000.0,"SERJAI-JAIPUR/ 448 15,000.",Medium,No,0.0,0.0,0.0,0.0,[],[],,
20260726_164425_DR VIJAY.pdf,Bank Statement,Payment,20251103,Suspense,Suspense,bank of baroda,27701.0,"SERJAI-JAIPUR/ 449 27,701.",Medium,No,0.0,0.0,0.0,0.0,[],[],,
20260726_164425_DR VIJAY.pdf,Bank Statement,Payment,20251104,Suspense,Suspense,bank of baroda,15000.0,"IMPS/P2A/53081 15,000.",Medium,No,0.0,0.0,0.0,0.0,[],[],,
20260726_164425_DR VIJAY.pdf,Bank Statement,Payment,20251104,Suspense,Suspense,bank of baroda,5.9,"CHARGES FOR 5.90 1,",Medium,No,0.0,0.0,0.0,0.0,[],[],,
20260726_164425_DR VIJAY.pdf,Bank Statement,Payment,20251104,Suspense,Suspense,bank of baroda,20000.0,"IMPS/P2A/53081 20,000.",Medium,No,0.0,0.0,0.0,0.0,[],[],,
20260726_164425_DR VIJAY.pdf,Bank Statement,Payment,20251104,Suspense,Suspense,bank of baroda,5.9,"CHARGES FOR 5.90 1,",Medium,No,0.0,0.0,0.0,0.0,[],[],,
20260726_164425_DR VIJAY.pdf,Bank Statement,Payment,20251104,Suspense,Suspense,bank of baroda,10000.0,"IMPS/P2A/53081 10,000.",Medium,No,0.0,0.0,0.0,0.0,[],[],,
20260726_164425_DR VIJAY.pdf,Bank Statement,Payment,20251104,Suspense,Suspense,bank of baroda,5.9,"CHARGES FOR 5.90 1,",Medium,No,0.0,0.0,0.0,0.0,[],[],,
20260726_164425_DR VIJAY.pdf,Bank Statement,Payment,20251106,Suspense,Suspense,bank of baroda,25000.0,"IMPS/P2A/53101 25,000.",Medium,No,0.0,0.0,0.0,0.0,[],[],,
20260726_164425_DR VIJAY.pdf,Bank Statement,Payment,20251106,Suspense,Suspense,bank of baroda,5.9,"CHARGES FOR 5.90 1,",Medium,No,0.0,0.0,0.0,0.0,[],[],,
20260726_164425_DR VIJAY.pdf,Bank Statement,Payment,20251107,Suspense,Suspense,bank of baroda,35011.0,"SERJAI-JAIPUR/ 450 35,011.",Medium,No,0.0,0.0,0.0,0.0,[],[],,
20260726_164425_DR VIJAY.pdf,Bank Statement,Payment,20251107,Suspense,Suspense,bank of baroda,295.0,Cheque Book 295.00,Medium,No,0.0,0.0,0.0,0.0,[],[],,
20260726_164425_DR VIJAY.pdf,Bank Statement,Payment,20251108,Suspense,Suspense,bank of baroda,30000.0,"IMPS/P2A/53121 30,000.",Medium,No,0.0,0.0,0.0,0.0,[],[],,
20260726_164425_DR VIJAY.pdf,Bank Statement,Payment,20251108,Suspense,Suspense,bank of baroda,17.7,CHARGES FOR 17.70 4,Medium,No,0.0,0.0,0.0,0.0,[],[],,
20260726_164425_DR VIJAY.pdf,Bank Statement,Payment,20251109,Suspense,Suspense,bank of baroda,40000.0,"IMPS/P2A/53131 40,000.",Medium,No,0.0,0.0,0.0,0.0,[],[],,
20260726_164425_DR VIJAY.pdf,Bank Statement,Payment,20251109,Suspense,Suspense,bank of baroda,17.7,CHARGES FOR 17.70 1,Medium,No,0.0,0.0,0.0,0.0,[],[],,
20260726_164425_DR VIJAY.pdf,Bank Statement,Receipt,20251110,Suspense,bank of baroda,Suspense,100000.0,"TO TRANSFER 1,00,00",Medium,No,0.0,0.0,0.0,0.0,[],[],,
20260726_164425_DR VIJAY.pdf,Bank Statement,Payment,20251110,Suspense,Suspense,bank of baroda,40017.7,CHARGES FOR 17.70 6,Medium,No,0.0,0.0,0.0,0.0,[],[],,
20260726_164425_DR VIJAY.pdf,Bank Statement,Payment,20251111,Suspense,Suspense,bank of baroda,20000.0,"IMPS/P2A/53151 20,000.",Medium,No,0.0,0.0,0.0,0.0,[],[],,
20260726_164425_DR VIJAY.pdf,Bank Statement,Payment,20251111,Suspense,Suspense,bank of baroda,5.9,CHARGES FOR 5.90 41,Medium,No,0.0,0.0,0.0,0.0,[],[],,
20260726_164425_DR VIJAY.pdf,Bank Statement,Payment,20251111,Suspense,Suspense,bank of baroda,25000.0,"IMPS/P2A/53151 25,000.",Medium,No,0.0,0.0,0.0,0.0,[],[],,
20260726_164425_DR VIJAY.pdf,Bank Statement,Payment,20251111,Suspense,Suspense,bank of baroda,5.9,CHARGES FOR 5.90 16,Medium,No,0.0,0.0,0.0,0.0,[],[],,
20260726_164425_DR VIJAY.pdf,Bank Statement,Receipt,20251112,Suspense,bank of baroda,Suspense,1.0,DIGITA-MUMBAI/ 1.00 16,Medium,No,0.0,0.0,0.0,0.0,[],[],,
20260726_164425_DR VIJAY.pdf,Bank Statement,Receipt,20251112,Suspense,bank of baroda,Suspense,50000.0,"VIJAY ENT 50,000.",Medium,No,0.0,0.0,0.0,0.0,[],[],,
20260726_164425_DR VIJAY.pdf,Bank Statement,Payment,20251112,Suspense,Suspense,bank of baroda,35880.0,"New:BC7275485 35,880.",Medium,No,0.0,0.0,0.0,0.0,[],[],,
20260726_164425_DR VIJAY.pdf,Bank Statement,Receipt,20251112,Suspense,bank of baroda,Suspense,1.0,DIGITA-MUMBAI/ 1.00 30,Medium,No,0.0,0.0,0.0,0.0,[],[],,
20260726_164425_DR VIJAY.pdf,Bank Statement,Payment,20251114,Suspense,Suspense,bank of baroda,10000.0,"IMPS/P2A/53181 10,000.",Medium,No,0.0,0.0,0.0,0.0,[],[],,
20260726_164425_DR VIJAY.pdf,Bank Statement,Payment,20251114,Suspense,Suspense,bank of baroda,5.9,CHARGES FOR 5.90 20,Medium,No,0.0,0.0,0.0,0.0,[],[],,
20260726_164425_DR VIJAY.pdf,Bank Statement,Receipt,20251115,Suspense,bank of baroda,Suspense,100000.0,"TO TRANSFER 1,00,00",Medium,No,0.0,0.0,0.0,0.0,[],[],,
20260726_164425_DR VIJAY.pdf,Bank Statement,Payment,20251115,Suspense,Suspense,bank of baroda,40000.0,"IMPS/P2A/53191 40,000.",Medium,No,0.0,0.0,0.0,0.0,[],[],,
20260726_164425_DR VIJAY.pdf,Bank Statement,Payment,20251115,Suspense,Suspense,bank of baroda,17.7,CHARGES FOR 17.70 8,Medium,No,0.0,0.0,0.0,0.0,[],[],,
20260726_164425_DR VIJAY.pdf,Bank Statement,Payment,20251117,Suspense,Suspense,bank of baroda,16000.0,"IMPS/P2A/53212 16,000.",Medium,No,0.0,0.0,0.0,0.0,[],[],,
20260726_164425_DR VIJAY.pdf,Bank Statement,Payment,20251117,Suspense,Suspense,bank of baroda,5.9,CHARGES FOR 5.90 64,Medium,No,0.0,0.0,0.0,0.0,[],[],,
20260726_164425_DR VIJAY.pdf,Bank Statement,Receipt,20251121,Suspense,bank of baroda,Suspense,97845.0,"DIGITA-MUMBAI/ 97,845.",Medium,No,0.0,0.0,0.0,0.0,[],[],,
20260726_164425_DR VIJAY.pdf,Bank Statement,Payment,20251122,Suspense,Suspense,bank of baroda,100000.0,"MBK/5326090365 9036549 1,00,00",Medium,No,0.0,0.0,0.0,0.0,[],[],,
20260726_164425_DR VIJAY.pdf,Bank Statement,Payment,20251123,Suspense,Suspense,bank of baroda,16000.0,"IMPS/P2A/53271 16,000.",Medium,No,0.0,0.0,0.0,0.0,[],[],,
20260726_164425_DR VIJAY.pdf,Bank Statement,Payment,20251123,Suspense,Suspense,bank of baroda,5.9,CHARGES FOR 5.90 46,Medium,No,0.0,0.0,0.0,0.0,[],[],,
20260726_164425_DR VIJAY.pdf,Bank Statement,Payment,20251130,Suspense,Suspense,bank of baroda,16000.0,"IMPS/P2A/53341 16,000.",Medium,No,0.0,0.0,0.0,0.0,[],[],,
20260726_164425_DR VIJAY.pdf,Bank Statement,Payment,20251130,Suspense,Suspense,bank of baroda,5.9,CHARGES FOR 5.90 30,Medium,No,0.0,0.0,0.0,0.0,[],[],,
20260726_164425_DR VIJAY.pdf,Bank Statement,Payment,20251203,Suspense,Suspense,bank of baroda,4.25,SMS Charges 4.25 30,Medium,No,0.0,0.0,0.0,0.0,[],[],,
20260726_164425_DR VIJAY.pdf,Bank Statement,Payment,20251207,Suspense,Suspense,bank of baroda,30109.38,"Loan Recovery 30,109.",Medium,No,0.0,0.0,0.0,0.0,[],[],,
20260726_164425_DR VIJAY.pdf,Bank Statement,Receipt,20251212,Suspense,bank of baroda,Suspense,250000.0,"TO TRANSFER 2,50,00",Medium,No,0.0,0.0,0.0,0.0,[],[],,
20260726_164425_DR VIJAY.pdf,Bank Statement,Payment,20251212,Suspense,Suspense,bank of baroda,181890.62,"Loan Recovery 1,81,89",Medium,No,0.0,0.0,0.0,0.0,[],[],,
20260726_164425_DR VIJAY.pdf,Bank Statement,Payment,20251212,Suspense,Suspense,bank of baroda,23972.0,"Payoff 23,972.",Medium,No,0.0,0.0,0.0,0.0,[],[],,
20260726_164425_DR VIJAY.pdf,Bank Statement,Payment,20251215,Suspense,Suspense,bank of baroda,18392.0,"SERJAI-JAIPUR/ 451 18,392.",Medium,No,0.0,0.0,0.0,0.0,[],[],,
20260726_164425_DR VIJAY.pdf,Bank Statement,Payment,20251216,Suspense,Suspense,bank of baroda,7080.0,"0000-MUMBAI/LE 7,080.0",Medium,No,0.0,0.0,0.0,0.0,[],[],,
20260726_164425_DR VIJAY.pdf,Bank Statement,Payment,20251216,Suspense,Suspense,bank of baroda,10000.0,"IMPS/P2A/53501 10,000.",Medium,No,0.0,0.0,0.0,0.0,[],[],,
20260726_164425_DR VIJAY.pdf,Bank Statement,Payment,20251216,Suspense,Suspense,bank of baroda,5.9,"CHARGES FOR 5.90 8,",Medium,No,0.0,0.0,0.0,0.0,[],[],,
20260726_164425_DR VIJAY.pdf,Bank Statement,Receipt,20251216,Suspense,bank of baroda,Suspense,7500.0,"UPI/1157079569 7956978 7,500.0",Medium,No,0.0,0.0,0.0,0.0,[],[],,
20260726_164425_DR VIJAY.pdf,Bank Statement,Receipt,20251216,Suspense,bank of baroda,Suspense,152800.0,"DIGITA-MUMBAI/ 1,52,80",Medium,No,0.0,0.0,0.0,0.0,[],[],,
20260726_164425_DR VIJAY.pdf,Bank Statement,Payment,20251216,Suspense,Suspense,bank of baroda,15000.0,"SERJAI-JAIPUR/ 452 15,000.",Medium,No,0.0,0.0,0.0,0.0,[],[],,
20260726_164425_DR VIJAY.pdf,Bank Statement,Payment,20251217,Suspense,Suspense,bank of baroda,118.0,CMSLI/INDIAFIR 118.00,Medium,No,0.0,0.0,0.0,0.0,[],[],,
20260726_164425_DR VIJAY.pdf,Bank Statement,Payment,20251217,Suspense,Suspense,bank of baroda,80000.0,"IMPS/P2A/53510 80,000.",Medium,No,0.0,0.0,0.0,0.0,[],[],,
20260726_164425_DR VIJAY.pdf,Bank Statement,Payment,20251217,Suspense,Suspense,bank of baroda,17.7,CHARGES FOR 17.70 7,Medium,No,0.0,0.0,0.0,0.0,[],[],,
20260726_164425_DR VIJAY.pdf,Bank Statement,Payment,20251219,Suspense,Suspense,bank of baroda,15000.0,"SERJAI-JAIPUR/ 453 15,000.",Medium,No,0.0,0.0,0.0,0.0,[],[],,
20260726_164425_DR VIJAY.pdf,Bank Statement,Payment,20251223,Suspense,Suspense,bank of baroda,10000.0,"IMPS/P2A/53571 10,000.",Medium,No,0.0,0.0,0.0,0.0,[],[],,
20260726_164425_DR VIJAY.pdf,Bank Statement,Payment,20251223,Suspense,Suspense,bank of baroda,5.9,CHARGES FOR 5.90 48,Medium,No,0.0,0.0,0.0,0.0,[],[],,
20260726_164425_DR VIJAY.pdf,Bank Statement,Payment,20251224,Suspense,Suspense,bank of baroda,40000.0,"IMPS/P2A/53582 40,000.",Medium,No,0.0,0.0,0.0,0.0,[],[],,
20260726_164425_DR VIJAY.pdf,Bank Statement,Payment,20251224,Suspense,Suspense,bank of baroda,17.7,CHARGES FOR 17.70 8,Medium,No,0.0,0.0,0.0,0.0,[],[],,
20260726_164425_DR VIJAY.pdf,Bank Statement,Receipt,20251226,Suspense,bank of baroda,Suspense,1000.0,"UPI/1162101251 10125163 1,000.0",Medium,No,0.0,0.0,0.0,0.0,[],[],,
20260726_164425_DR VIJAY.pdf,Bank Statement,Payment,20251230,Suspense,Suspense,bank of baroda,9314.0,"SERJAI-JAIPUR/ 454 9,314.0",Medium,No,0.0,0.0,0.0,0.0,[],[],,
20260726_164425_DR VIJAY.pdf,Bank Statement,Receipt,20251230,Suspense,bank of baroda,Suspense,313.0,DIGITA-MUMBAI/ 313.00,Medium,No,0.0,0.0,0.0,0.0,[],[],,
20260726_164425_DR VIJAY.pdf,Bank Statement,Receipt,20251230,Suspense,bank of baroda,Suspense,937.0,DIGITA-MUMBAI/ 937.00,Medium,No,0.0,0.0,0.0,0.0,[],[],,
20260726_164425_DR VIJAY.pdf,Bank Statement,Receipt,20251230,Suspense,bank of baroda,Suspense,355.0,DIGITA-MUMBAI/ 355.00,Medium,No,0.0,0.0,0.0,0.0,[],[],,
20260726_164425_DR VIJAY.pdf,Bank Statement,Receipt,20251230,Suspense,bank of baroda,Suspense,1068.0,DIGITA-MUMBAI/ 777.00,Medium,No,0.0,0.0,0.0,0.0,[],[],,
20260726_164425_DR VIJAY.pdf,Bank Statement,Receipt,20251230,Suspense,bank of baroda,Suspense,1200.0,"DIGITA-MUMBAI/ 1,200.0",Medium,No,0.0,0.0,0.0,0.0,[],[],,
20260726_164425_DR VIJAY.pdf,Bank Statement,Receipt,20251230,Suspense,bank of baroda,Suspense,1251.0,"DIGITA-MUMBAI/ 1,251.0",Medium,No,0.0,0.0,0.0,0.0,[],[],,
20260726_164425_DR VIJAY.pdf,Bank Statement,Receipt,20251230,Suspense,bank of baroda,Suspense,724.0,DIGITA-MUMBAI/ 724.00,Medium,No,0.0,0.0,0.0,0.0,[],[],,
20260726_164425_DR VIJAY.pdf,Bank Statement,Receipt,20251230,Suspense,bank of baroda,Suspense,851.0,DIGITA-MUMBAI/ 851.00,Medium,No,0.0,0.0,0.0,0.0,[],[],,
20260726_164425_DR VIJAY.pdf,Bank Statement,Receipt,20251230,Suspense,bank of baroda,Suspense,449.0,DIGITA-MUMBAI/ 449.00,Medium,No,0.0,0.0,0.0,0.0,[],[],,
20260726_164425_DR VIJAY.pdf,Bank Statement,Receipt,20251230,Suspense,bank of baroda,Suspense,366.0,DIGITA-MUMBAI/ 366.00,Medium,No,0.0,0.0,0.0,0.0,[],[],,
20260726_164425_DR VIJAY.pdf,Bank Statement,Receipt,20251230,Suspense,bank of baroda,Suspense,1208.0,"DIGITA-MUMBAI/ 1,208.0",Medium,No,0.0,0.0,0.0,0.0,[],[],,
20260726_164425_DR VIJAY.pdf,Bank Statement,Receipt,20251230,Suspense,bank of baroda,Suspense,940.0,DIGITA-MUMBAI/ 940.00,Medium,No,0.0,0.0,0.0,0.0,[],[],,
20260726_164425_DR VIJAY.pdf,Bank Statement,Receipt,20251230,Suspense,bank of baroda,Suspense,919.0,DIGITA-MUMBAI/ 919.00,Medium,No,0.0,0.0,0.0,0.0,[],[],,
20260726_164425_DR VIJAY.pdf,Bank Statement,Receipt,20251230,Suspense,bank of baroda,Suspense,1082.0,"DIGITA-MUMBAI/ 1,082.0",Medium,No,0.0,0.0,0.0,0.0,[],[],,
20260726_164425_DR VIJAY.pdf,Bank Statement,Receipt,20251230,Suspense,bank of baroda,Suspense,1130.0,"DIGITA-MUMBAI/ 1,130.0",Medium,No,0.0,0.0,0.0,0.0,[],[],,
20260726_164425_DR VIJAY.pdf,Bank Statement,Receipt,20251230,Suspense,bank of baroda,Suspense,405.0,DIGITA-MUMBAI/ 405.00,Medium,No,0.0,0.0,0.0,0.0,[],[],,
20260726_164425_DR VIJAY.pdf,Bank Statement,Receipt,20251230,Suspense,bank of baroda,Suspense,131.0,DIGITA-MUMBAI/ 131.00,Medium,No,0.0,0.0,0.0,0.0,[],[],,
20260726_164425_DR VIJAY.pdf,Bank Statement,Receipt,20251230,Suspense,bank of baroda,Suspense,356.0,DIGITA-MUMBAI/ 356.00,Medium,No,0.0,0.0,0.0,0.0,[],[],,
20260726_164425_DR VIJAY.pdf,Bank Statement,Receipt,20251230,Suspense,bank of baroda,Suspense,569.0,DIGITA-MUMBAI/ 569.00,Medium,No,0.0,0.0,0.0,0.0,[],[],,
20260726_164425_DR VIJAY.pdf,Bank Statement,Receipt,20251230,Suspense,bank of baroda,Suspense,427.0,DIGITA-MUMBAI/ 427.00,Medium,No,0.0,0.0,0.0,0.0,[],[],,
20260726_164425_DR VIJAY.pdf,Bank Statement,Receipt,20251230,Suspense,bank of baroda,Suspense,561.0,DIGITA-MUMBAI/ 561.00,Medium,No,0.0,0.0,0.0,0.0,[],[],,
20260726_164425_DR VIJAY.pdf,Bank Statement,Receipt,20251230,Suspense,bank of baroda,Suspense,578.0,DIGITA-MUMBAI/ 578.00,Medium,No,0.0,0.0,0.0,0.0,[],[],,
20260726_164425_DR VIJAY.pdf,Bank Statement,Receipt,20251230,Suspense,bank of baroda,Suspense,530.0,DIGITA-MUMBAI/ 530.00,Medium,No,0.0,0.0,0.0,0.0,[],[],,
20260726_164425_DR VIJAY.pdf,Bank Statement,Receipt,20251230,Suspense,bank of baroda,Suspense,276.0,DIGITA-MUMBAI/ 276.00,Medium,No,0.0,0.0,0.0,0.0,[],[],,
20260726_164425_DR VIJAY.pdf,Bank Statement,Receipt,20251230,Suspense,bank of baroda,Suspense,810.0,DIGITA-MUMBAI/ 810.00,Medium,No,0.0,0.0,0.0,0.0,[],[],,
20260726_164425_DR VIJAY.pdf,Bank Statement,Receipt,20251230,Suspense,bank of baroda,Suspense,427.0,DIGITA-MUMBAI/ 427.00,Medium,No,0.0,0.0,0.0,0.0,[],[],,
20260726_164425_DR VIJAY.pdf,Bank Statement,Receipt,20251230,Suspense,bank of baroda,Suspense,794.0,DIGITA-MUMBAI/ 794.00,Medium,No,0.0,0.0,0.0,0.0,[],[],,
20260726_164425_DR VIJAY.pdf,Bank Statement,Receipt,20251230,Suspense,bank of baroda,Suspense,880.0,DIGITA-MUMBAI/ 880.00,Medium,No,0.0,0.0,0.0,0.0,[],[],,
20260726_164425_DR VIJAY.pdf,Bank Statement,Receipt,20251230,Suspense,bank of baroda,Suspense,472.0,DIGITA-MUMBAI/ 472.00,Medium,No,0.0,0.0,0.0,0.0,[],[],,
20260726_164425_DR VIJAY.pdf,Bank Statement,Receipt,20251230,Suspense,bank of baroda,Suspense,474.0,DIGITA-MUMBAI/ 474.00,Medium,No,0.0,0.0,0.0,0.0,[],[],,
20260726_164425_DR VIJAY.pdf,Bank Statement,Receipt,20251230,Suspense,bank of baroda,Suspense,906.0,DIGITA-MUMBAI/ 906.00,Medium,No,0.0,0.0,0.0,0.0,[],[],,
20260726_164425_DR VIJAY.pdf,Bank Statement,Receipt,20251230,Suspense,bank of baroda,Suspense,262.0,DIGITA-MUMBAI/ 262.00,Medium,No,0.0,0.0,0.0,0.0,[],[],,
20260726_164425_DR VIJAY.pdf,Bank Statement,Receipt,20251230,Suspense,bank of baroda,Suspense,487.0,DIGITA-MUMBAI/ 487.00,Medium,No,0.0,0.0,0.0,0.0,[],[],,
20260726_164425_DR VIJAY.pdf,Bank Statement,Receipt,20251230,Suspense,bank of baroda,Suspense,1087.0,"DIGITA-MUMBAI/ 1,087.0",Medium,No,0.0,0.0,0.0,0.0,[],[],,
20260726_164425_DR VIJAY.pdf,Bank Statement,Receipt,20251230,Suspense,bank of baroda,Suspense,129.0,DIGITA-MUMBAI/ 129.00,Medium,No,0.0,0.0,0.0,0.0,[],[],,
20260726_164425_DR VIJAY.pdf,Bank Statement,Receipt,20251230,Suspense,bank of baroda,Suspense,800.0,DIGITA-MUMBAI/ 800.00,Medium,No,0.0,0.0,0.0,0.0,[],[],,
20260726_164425_DR VIJAY.pdf,Bank Statement,Receipt,20251230,Suspense,bank of baroda,Suspense,339.0,DIGITA-MUMBAI/ 339.00,Medium,No,0.0,0.0,0.0,0.0,[],[],,
20260726_164425_DR VIJAY.pdf,Bank Statement,Receipt,20251230,Suspense,bank of baroda,Suspense,1024.0,"DIGITA-MUMBAI/ 1,024.0",Medium,No,0.0,0.0,0.0,0.0,[],[],,
20260726_164425_DR VIJAY.pdf,Bank Statement,Receipt,20251230,Suspense,bank of baroda,Suspense,361.0,DIGITA-MUMBAI/ 361.00,Medium,No,0.0,0.0,0.0,0.0,[],[],,
20260726_164425_DR VIJAY.pdf,Bank Statement,Receipt,20251230,Suspense,bank of baroda,Suspense,1172.0,"DIGITA-MUMBAI/ 1,172.0",Medium,No,0.0,0.0,0.0,0.0,[],[],,
20260726_164425_DR VIJAY.pdf,Bank Statement,Receipt,20251230,Suspense,bank of baroda,Suspense,641.0,DIGITA-MUMBAI/ 641.00,Medium,No,0.0,0.0,0.0,0.0,[],[],,
20260726_164425_DR VIJAY.pdf,Bank Statement,Receipt,20251230,Suspense,bank of baroda,Suspense,867.0,DIGITA-MUMBAI/ 867.00,Medium,No,0.0,0.0,0.0,0.0,[],[],,
20260726_164425_DR VIJAY.pdf,Bank Statement,Receipt,20251230,Suspense,bank of baroda,Suspense,1401.0,"DIGITA-MUMBAI/ 1,401.0",Medium,No,0.0,0.0,0.0,0.0,[],[],,
20260726_164425_DR VIJAY.pdf,Bank Statement,Receipt,20251230,Suspense,bank of baroda,Suspense,673.0,DIGITA-MUMBAI/ 673.00,Medium,No,0.0,0.0,0.0,0.0,[],[],,
20260726_164425_DR VIJAY.pdf,Bank Statement,Receipt,20251230,Suspense,bank of baroda,Suspense,165.0,DIGITA-MUMBAI/ 165.00,Medium,No,0.0,0.0,0.0,0.0,[],[],,
20260726_164425_DR VIJAY.pdf,Bank Statement,Receipt,20251230,Suspense,bank of baroda,Suspense,1375.0,"DIGITA-MUMBAI/ 1,375.0",Medium,No,0.0,0.0,0.0,0.0,[],[],,
20260726_164425_DR VIJAY.pdf,Bank Statement,Receipt,20251230,Suspense,bank of baroda,Suspense,708.0,DIGITA-MUMBAI/ 708.00,Medium,No,0.0,0.0,0.0,0.0,[],[],,
20260726_164425_DR VIJAY.pdf,Bank Statement,Receipt,20251230,Suspense,bank of baroda,Suspense,758.0,DIGITA-MUMBAI/ 758.00,Medium,No,0.0,0.0,0.0,0.0,[],[],,
20260726_164425_DR VIJAY.pdf,Bank Statement,Receipt,20251230,Suspense,bank of baroda,Suspense,129.0,DIGITA-MUMBAI/ 129.00,Medium,No,0.0,0.0,0.0,0.0,[],[],,
20260726_164425_DR VIJAY.pdf,Bank Statement,Receipt,20251230,Suspense,bank of baroda,Suspense,1566.0,DIGITA-MUMBAI/ 783.00,Medium,No,0.0,0.0,0.0,0.0,[],[],,
20260726_164425_DR VIJAY.pdf,Bank Statement,Receipt,20251230,Suspense,bank of baroda,Suspense,724.0,DIGITA-MUMBAI/ 724.00,Medium,No,0.0,0.0,0.0,0.0,[],[],,
20260726_164425_DR VIJAY.pdf,Bank Statement,Receipt,20251230,Suspense,bank of baroda,Suspense,687.0,DIGITA-MUMBAI/ 687.00,Medium,No,0.0,0.0,0.0,0.0,[],[],,
20260726_164425_DR VIJAY.pdf,Bank Statement,Receipt,20251230,Suspense,bank of baroda,Suspense,1074.0,"DIGITA-MUMBAI/ 1,074.0",Medium,No,0.0,0.0,0.0,0.0,[],[],,
20260726_164425_DR VIJAY.pdf,Bank Statement,Receipt,20251230,Suspense,bank of baroda,Suspense,824.0,DIGITA-MUMBAI/ 824.00,Medium,No,0.0,0.0,0.0,0.0,[],[],,
20260726_164425_DR VIJAY.pdf,Bank Statement,Receipt,20251230,Suspense,bank of baroda,Suspense,1263.0,"DIGITA-MUMBAI/ 1,263.0",Medium,No,0.0,0.0,0.0,0.0,[],[],,
20260726_164425_DR VIJAY.pdf,Bank Statement,Receipt,20251230,Suspense,bank of baroda,Suspense,957.0,DIGITA-MUMBAI/ 957.00,Medium,No,0.0,0.0,0.0,0.0,[],[],,
20260726_164425_DR VIJAY.pdf,Bank Statement,Receipt,20251230,Suspense,bank of baroda,Suspense,347.0,DIGITA-MUMBAI/ 347.00,Medium,No,0.0,0.0,0.0,0.0,[],[],,
20260726_164425_DR VIJAY.pdf,Bank Statement,Receipt,20251230,Suspense,bank of baroda,Suspense,695.0,DIGITA-MUMBAI/ 695.00,Medium,No,0.0,0.0,0.0,0.0,[],[],,
20260726_164425_DR VIJAY.pdf,Bank Statement,Receipt,20251230,Suspense,bank of baroda,Suspense,1444.0,"DIGITA-MUMBAI/ 1,444.0",Medium,No,0.0,0.0,0.0,0.0,[],[],,
20260726_164425_DR VIJAY.pdf,Bank Statement,Receipt,20251230,Suspense,bank of baroda,Suspense,483.0,DIGITA-MUMBAI/ 483.00,Medium,No,0.0,0.0,0.0,0.0,[],[],,
20260726_164425_DR VIJAY.pdf,Bank Statement,Receipt,20251230,Suspense,bank of baroda,Suspense,919.0,DIGITA-MUMBAI/ 919.00,Medium,No,0.0,0.0,0.0,0.0,[],[],,
20260726_164425_DR VIJAY.pdf,Bank Statement,Receipt,20251230,Suspense,bank of baroda,Suspense,765.0,DIGITA-MUMBAI/ 765.00,Medium,No,0.0,0.0,0.0,0.0,[],[],,
20260726_164425_DR VIJAY.pdf,Bank Statement,Receipt,20251230,Suspense,bank of baroda,Suspense,758.0,DIGITA-MUMBAI/ 758.00,Medium,No,0.0,0.0,0.0,0.0,[],[],,
20260726_164425_DR VIJAY.pdf,Bank Statement,Receipt,20251230,Suspense,bank of baroda,Suspense,487.0,DIGITA-MUMBAI/ 487.00,Medium,No,0.0,0.0,0.0,0.0,[],[],,
20260726_164425_DR VIJAY.pdf,Bank Statement,Receipt,20251230,Suspense,bank of baroda,Suspense,736.0,DIGITA-MUMBAI/ 736.00,Medium,No,0.0,0.0,0.0,0.0,[],[],,
20260726_164425_DR VIJAY.pdf,Bank Statement,Receipt,20251230,Suspense,bank of baroda,Suspense,117.0,DIGITA-MUMBAI/ 117.00,Medium,No,0.0,0.0,0.0,0.0,[],[],,
20260726_164425_DR VIJAY.pdf,Bank Statement,Receipt,20251230,Suspense,bank of baroda,Suspense,151.0,DIGITA-MUMBAI/ 151.00,Medium,No,0.0,0.0,0.0,0.0,[],[],,
20260726_164425_DR VIJAY.pdf,Bank Statement,Receipt,20251230,Suspense,bank of baroda,Suspense,904.0,DIGITA-MUMBAI/ 904.00,Medium,No,0.0,0.0,0.0,0.0,[],[],,
20260726_164425_DR VIJAY.pdf,Bank Statement,Receipt,20251230,Suspense,bank of baroda,Suspense,210.0,DIGITA-MUMBAI/ 210.00,Medium,No,0.0,0.0,0.0,0.0,[],[],,
20260726_164425_DR VIJAY.pdf,Bank Statement,Receipt,20251230,Suspense,bank of baroda,Suspense,1242.0,"DIGITA-MUMBAI/ 1,242.0",Medium,No,0.0,0.0,0.0,0.0,[],[],,
20260726_164425_DR VIJAY.pdf,Bank Statement,Receipt,20251230,Suspense,bank of baroda,Suspense,397.0,DIGITA-MUMBAI/ 397.00,Medium,No,0.0,0.0,0.0,0.0,[],[],,
20260726_164425_DR VIJAY.pdf,Bank Statement,Receipt,20251230,Suspense,bank of baroda,Suspense,708.0,DIGITA-MUMBAI/ 708.00,Medium,No,0.0,0.0,0.0,0.0,[],[],,
20260726_164425_DR VIJAY.pdf,Bank Statement,Receipt,20251230,Suspense,bank of baroda,Suspense,896.0,DIGITA-MUMBAI/ 896.00,Medium,No,0.0,0.0,0.0,0.0,[],[],,
20260726_164425_DR VIJAY.pdf,Bank Statement,Receipt,20251230,Suspense,bank of baroda,Suspense,818.0,DIGITA-MUMBAI/ 818.00,Medium,No,0.0,0.0,0.0,0.0,[],[],,
20260726_164425_DR VIJAY.pdf,Bank Statement,Receipt,20251230,Suspense,bank of baroda,Suspense,586.0,DIGITA-MUMBAI/ 586.00,Medium,No,0.0,0.0,0.0,0.0,[],[],,
20260726_164425_DR VIJAY.pdf,Bank Statement,Receipt,20251230,Suspense,bank of baroda,Suspense,1149.0,"DIGITA-MUMBAI/ 1,149.0",Medium,No,0.0,0.0,0.0,0.0,[],[],,
20260726_164425_DR VIJAY.pdf,Bank Statement,Receipt,20251230,Suspense,bank of baroda,Suspense,1018.0,"DIGITA-MUMBAI/ 1,018.0",Medium,No,0.0,0.0,0.0,0.0,[],[],,
20260726_164425_DR VIJAY.pdf,Bank Statement,Payment,20251230,Suspense,Suspense,bank of baroda,50000.0,"MBK/5364065072 6507236 50,000.",Medium,No,0.0,0.0,0.0,0.0,[],[],,
20260726_164425_DR VIJAY.pdf,Bank Statement,Receipt,20260102,Suspense,bank of baroda,Suspense,600000.0,"56040600003099 6,00,00",Medium,No,0.0,0.0,0.0,0.0,[],[],,
20260726_164425_DR VIJAY.pdf,Bank Statement,Payment,20260102,Suspense,Suspense,bank of baroda,3540.0,"PROC CHARGE 3,540.0",Medium,No,0.0,0.0,0.0,0.0,[],[],,
20260726_164425_DR VIJAY.pdf,Bank Statement,Payment,20260102,Suspense,Suspense,bank of baroda,413.0,JAC CHRGS FR 413.00,Medium,No,0.0,0.0,0.0,0.0,[],[],,
20260726_164425_DR VIJAY.pdf,Bank Statement,Payment,20260102,Suspense,Suspense,bank of baroda,2100.0,"STAMP 2,100.0",Medium,No,0.0,0.0,0.0,0.0,[],[],,
20260726_164425_DR VIJAY.pdf,Bank Statement,Payment,20260102,Suspense,Suspense,bank of baroda,200000.0,"MBK/6002434277 43427799 2,00,00",Medium,No,0.0,0.0,0.0,0.0,[],[],,
20260726_164425_DR VIJAY.pdf,Bank Statement,Payment,20260102,Suspense,Suspense,bank of baroda,200000.0,"MBK/6002434334 43433430 2,00,00",Medium,No,0.0,0.0,0.0,0.0,[],[],,
20260726_164425_DR VIJAY.pdf,Bank Statement,Payment,20260102,Suspense,Suspense,bank of baroda,100000.0,"MBK/6002434406 43440634 1,00,00",Medium,No,0.0,0.0,0.0,0.0,[],[],,
20260726_164425_DR VIJAY.pdf,Bank Statement,Payment,20260110,Suspense,Suspense,bank of baroda,50000.0,"IMPS/P2A/60101 50,000.",Medium,No,0.0,0.0,0.0,0.0,[],[],,
20260726_164425_DR VIJAY.pdf,Bank Statement,Payment,20260110,Suspense,Suspense,bank of baroda,17.7,CHARGES FOR 17.70 5,Medium,No,0.0,0.0,0.0,0.0,[],[],,
20260726_164425_DR VIJAY.pdf,Bank Statement,Payment,20260111,Suspense,Suspense,bank of baroda,2.6,SMS Charges 2.60 50,Medium,No,0.0,0.0,0.0,0.0,[],[],,
20260726_164425_DR VIJAY.pdf,Bank Statement,Payment,20260117,Suspense,Suspense,bank of baroda,2.12,SMS Charges 2.12 50,Medium,No,0.0,0.0,0.0,0.0,[],[],,
20260726_164425_DR VIJAY.pdf,Bank Statement,Payment,20260123,Suspense,Suspense,bank of baroda,40000.0,"IMPS/P2A/60231 40,000.",Medium,No,0.0,0.0,0.0,0.0,[],[],,
20260726_164425_DR VIJAY.pdf,Bank Statement,Payment,20260123,Suspense,Suspense,bank of baroda,17.7,CHARGES FOR 17.70 1,Medium,No,0.0,0.0,0.0,0.0,[],[],,
20260726_164425_DR VIJAY.pdf,Bank Statement,Payment,20260125,Suspense,Suspense,bank of baroda,5000.0,"IMPS/P2A/60251 5,000.0",Medium,No,0.0,0.0,0.0,0.0,[],[],,
20260726_164425_DR VIJAY.pdf,Bank Statement,Payment,20260125,Suspense,Suspense,bank of baroda,5.9,"CHARGES FOR 5.90 5,",Medium,No,0.0,0.0,0.0,0.0,[],[],,
20260726_164425_DR VIJAY.pdf,Bank Statement,Payment,20260125,Suspense,Suspense,bank of baroda,3000.0,"IMPS/P2A/60252 3,000.0",Medium,No,0.0,0.0,0.0,0.0,[],[],,
20260726_164425_DR VIJAY.pdf,Bank Statement,Payment,20260125,Suspense,Suspense,bank of baroda,5.9,"CHARGES FOR 5.90 2,",Medium,No,0.0,0.0,0.0,0.0,[],[],,
20260726_164425_DR VIJAY.pdf,Bank Statement,Payment,20260126,Suspense,Suspense,bank of baroda,2005.9,CHARGES FOR 5.90 67,Medium,No,0.0,0.0,0.0,0.0,[],[],,
20260726_164425_DR VIJAY.pdf,Bank Statement,Receipt,20260127,Suspense,bank of baroda,Suspense,167043.0,"DIGITA-MUMBAI/ 1,67,04",Medium,No,0.0,0.0,0.0,0.0,[],[],,
20260726_164425_DR VIJAY.pdf,Bank Statement,Payment,20260127,Suspense,Suspense,bank of baroda,60000.0,"IMPS/P2A/60272 60,000.",Medium,No,0.0,0.0,0.0,0.0,[],[],,
20260726_164425_DR VIJAY.pdf,Bank Statement,Payment,20260127,Suspense,Suspense,bank of baroda,17.7,CHARGES FOR 17.70 1,Medium,No,0.0,0.0,0.0,0.0,[],[],,
20260726_164425_DR VIJAY.pdf,Bank Statement,Payment,20260128,Suspense,Suspense,bank of baroda,30000.0,"IMPS/P2A/60281 30,000.",Medium,No,0.0,0.0,0.0,0.0,[],[],,
20260726_164425_DR VIJAY.pdf,Bank Statement,Payment,20260128,Suspense,Suspense,bank of baroda,17.7,CHARGES FOR 17.70 7,Medium,No,0.0,0.0,0.0,0.0,[],[],,
20260726_164425_DR VIJAY.pdf,Bank Statement,Payment,20260131,Suspense,Suspense,bank of baroda,4362.0,"Loan Recovery 4,362.0",Medium,No,0.0,0.0,0.0,0.0,[],[],,
20260726_164425_DR VIJAY.pdf,Bank Statement,Receipt,20260211,Suspense,bank of baroda,Suspense,1223.0,"DIGITA-MUMBAI/ 1,223.0",Medium,No,0.0,0.0,0.0,0.0,[],[],,
20260726_164425_DR VIJAY.pdf,Bank Statement,Receipt,20260211,Suspense,bank of baroda,Suspense,724.0,DIGITA-MUMBAI/ 724.00,Medium,No,0.0,0.0,0.0,0.0,[],[],,
20260726_164425_DR VIJAY.pdf,Bank Statement,Receipt,20260211,Suspense,bank of baroda,Suspense,699.0,DIGITA-MUMBAI/ 699.00,Medium,No,0.0,0.0,0.0,0.0,[],[],,
20260726_164425_DR VIJAY.pdf,Bank Statement,Receipt,20260211,Suspense,bank of baroda,Suspense,852.0,DIGITA-MUMBAI/ 852.00,Medium,No,0.0,0.0,0.0,0.0,[],[],,
20260726_164425_DR VIJAY.pdf,Bank Statement,Receipt,20260211,Suspense,bank of baroda,Suspense,276.0,DIGITA-MUMBAI/ 276.00,Medium,No,0.0,0.0,0.0,0.0,[],[],,
20260726_164425_DR VIJAY.pdf,Bank Statement,Receipt,20260211,Suspense,bank of baroda,Suspense,1588.0,"DIGITA-MUMBAI/ 1,588.0",Medium,No,0.0,0.0,0.0,0.0,[],[],,
20260726_164425_DR VIJAY.pdf,Bank Statement,Receipt,20260211,Suspense,bank of baroda,Suspense,801.0,DIGITA-MUMBAI/ 801.00,Medium,No,0.0,0.0,0.0,0.0,[],[],,
20260726_164425_DR VIJAY.pdf,Bank Statement,Receipt,20260211,Suspense,bank of baroda,Suspense,626.0,DIGITA-MUMBAI/ 626.00,Medium,No,0.0,0.0,0.0,0.0,[],[],,
20260726_164425_DR VIJAY.pdf,Bank Statement,Receipt,20260211,Suspense,bank of baroda,Suspense,834.0,DIGITA-MUMBAI/ 834.00,Medium,No,0.0,0.0,0.0,0.0,[],[],,
20260726_164425_DR VIJAY.pdf,Bank Statement,Receipt,20260211,Suspense,bank of baroda,Suspense,1363.0,"DIGITA-MUMBAI/ 1,363.0",Medium,No,0.0,0.0,0.0,0.0,[],[],,
20260726_164425_DR VIJAY.pdf,Bank Statement,Receipt,20260211,Suspense,bank of baroda,Suspense,1185.0,"DIGITA-MUMBAI/ 1,185.0",Medium,No,0.0,0.0,0.0,0.0,[],[],,
20260726_164425_DR VIJAY.pdf,Bank Statement,Receipt,20260211,Suspense,bank of baroda,Suspense,73.0,DIGITA-MUMBAI/ 73.00 8,Medium,No,0.0,0.0,0.0,0.0,[],[],,
20260726_164425_DR VIJAY.pdf,Bank Statement,Receipt,20260211,Suspense,bank of baroda,Suspense,577.0,DIGITA-MUMBAI/ 577.00,Medium,No,0.0,0.0,0.0,0.0,[],[],,
20260726_164425_DR VIJAY.pdf,Bank Statement,Receipt,20260211,Suspense,bank of baroda,Suspense,1479.0,"DIGITA-MUMBAI/ 1,479.0",Medium,No,0.0,0.0,0.0,0.0,[],[],,
20260726_164425_DR VIJAY.pdf,Bank Statement,Receipt,20260211,Suspense,bank of baroda,Suspense,1031.0,"DIGITA-MUMBAI/ 1,031.0",Medium,No,0.0,0.0,0.0,0.0,[],[],,
20260726_164425_DR VIJAY.pdf,Bank Statement,Receipt,20260211,Suspense,bank of baroda,Suspense,906.0,DIGITA-MUMBAI/ 906.00,Medium,No,0.0,0.0,0.0,0.0,[],[],,
20260726_164425_DR VIJAY.pdf,Bank Statement,Receipt,20260211,Suspense,bank of baroda,Suspense,1153.0,"DIGITA-MUMBAI/ 1,153.0",Medium,No,0.0,0.0,0.0,0.0,[],[],,
20260726_164425_DR VIJAY.pdf,Bank Statement,Receipt,20260211,Suspense,bank of baroda,Suspense,566.0,DIGITA-MUMBAI/ 566.00,Medium,No,0.0,0.0,0.0,0.0,[],[],,
20260726_164425_DR VIJAY.pdf,Bank Statement,Receipt,20260211,Suspense,bank of baroda,Suspense,832.0,DIGITA-MUMBAI/ 832.00,Medium,No,0.0,0.0,0.0,0.0,[],[],,
20260726_164425_DR VIJAY.pdf,Bank Statement,Receipt,20260211,Suspense,bank of baroda,Suspense,236.0,DIGITA-MUMBAI/ 236.00,Medium,No,0.0,0.0,0.0,0.0,[],[],,
20260726_164425_DR VIJAY.pdf,Bank Statement,Receipt,20260211,Suspense,bank of baroda,Suspense,906.0,DIGITA-MUMBAI/ 906.00,Medium,No,0.0,0.0,0.0,0.0,[],[],,
20260726_164425_DR VIJAY.pdf,Bank Statement,Receipt,20260211,Suspense,bank of baroda,Suspense,1217.0,"DIGITA-MUMBAI/ 1,217.0",Medium,No,0.0,0.0,0.0,0.0,[],[],,
20260726_164425_DR VIJAY.pdf,Bank Statement,Receipt,20260211,Suspense,bank of baroda,Suspense,736.0,DIGITA-MUMBAI/ 736.00,Medium,No,0.0,0.0,0.0,0.0,[],[],,
20260726_164425_DR VIJAY.pdf,Bank Statement,Receipt,20260211,Suspense,bank of baroda,Suspense,1217.0,"DIGITA-MUMBAI/ 1,217.0",Medium,No,0.0,0.0,0.0,0.0,[],[],,
20260726_164425_DR VIJAY.pdf,Bank Statement,Receipt,20260211,Suspense,bank of baroda,Suspense,336.0,DIGITA-MUMBAI/ 336.00,Medium,No,0.0,0.0,0.0,0.0,[],[],,
20260726_164425_DR VIJAY.pdf,Bank Statement,Receipt,20260211,Suspense,bank of baroda,Suspense,562.0,DIGITA-MUMBAI/ 562.00,Medium,No,0.0,0.0,0.0,0.0,[],[],,
20260726_164425_DR VIJAY.pdf,Bank Statement,Receipt,20260211,Suspense,bank of baroda,Suspense,811.0,DIGITA-MUMBAI/ 811.00,Medium,No,0.0,0.0,0.0,0.0,[],[],,
20260726_164425_DR VIJAY.pdf,Bank Statement,Receipt,20260211,Suspense,bank of baroda,Suspense,297.0,DIGITA-MUMBAI/ 297.00,Medium,No,0.0,0.0,0.0,0.0,[],[],,
20260726_164425_DR VIJAY.pdf,Bank Statement,Receipt,20260211,Suspense,bank of baroda,Suspense,73.0,DIGITA-MUMBAI/ 73.00 9,Medium,No,0.0,0.0,0.0,0.0,[],[],,
20260726_164425_DR VIJAY.pdf,Bank Statement,Receipt,20260211,Suspense,bank of baroda,Suspense,464.0,DIGITA-MUMBAI/ 464.00,Medium,No,0.0,0.0,0.0,0.0,[],[],,
20260726_164425_DR VIJAY.pdf,Bank Statement,Receipt,20260211,Suspense,bank of baroda,Suspense,1007.0,"DIGITA-MUMBAI/ 1,007.0",Medium,No,0.0,0.0,0.0,0.0,[],[],,
20260726_164425_DR VIJAY.pdf,Bank Statement,Receipt,20260211,Suspense,bank of baroda,Suspense,211.0,DIGITA-MUMBAI/ 211.00,Medium,No,0.0,0.0,0.0,0.0,[],[],,
20260726_164425_DR VIJAY.pdf,Bank Statement,Receipt,20260211,Suspense,bank of baroda,Suspense,142.0,DIGITA-MUMBAI/ 142.00,Medium,No,0.0,0.0,0.0,0.0,[],[],,
20260726_164425_DR VIJAY.pdf,Bank Statement,Receipt,20260211,Suspense,bank of baroda,Suspense,1102.0,"DIGITA-MUMBAI/ 1,102.0",Medium,No,0.0,0.0,0.0,0.0,[],[],,
20260726_164425_DR VIJAY.pdf,Bank Statement,Receipt,20260211,Suspense,bank of baroda,Suspense,733.0,DIGITA-MUMBAI/ 733.00,Medium,No,0.0,0.0,0.0,0.0,[],[],,
20260726_164425_DR VIJAY.pdf,Bank Statement,Receipt,20260211,Suspense,bank of baroda,Suspense,1361.0,"DIGITA-MUMBAI/ 1,361.0",Medium,No,0.0,0.0,0.0,0.0,[],[],,
20260726_164425_DR VIJAY.pdf,Bank Statement,Receipt,20260211,Suspense,bank of baroda,Suspense,401.0,DIGITA-MUMBAI/ 401.00,Medium,No,0.0,0.0,0.0,0.0,[],[],,
20260726_164425_DR VIJAY.pdf,Bank Statement,Receipt,20260211,Suspense,bank of baroda,Suspense,1060.0,"DIGITA-MUMBAI/ 1,060.0",Medium,No,0.0,0.0,0.0,0.0,[],[],,
20260726_164425_DR VIJAY.pdf,Bank Statement,Receipt,20260211,Suspense,bank of baroda,Suspense,742.0,DIGITA-MUMBAI/ 742.00,Medium,No,0.0,0.0,0.0,0.0,[],[],,
20260726_164425_DR VIJAY.pdf,Bank Statement,Receipt,20260211,Suspense,bank of baroda,Suspense,1843.0,"DIGITA-MUMBAI/ 1,060.0",Medium,No,0.0,0.0,0.0,0.0,[],[],,
20260726_164425_DR VIJAY.pdf,Bank Statement,Receipt,20260211,Suspense,bank of baroda,Suspense,855.0,DIGITA-MUMBAI/ 855.00,Medium,No,0.0,0.0,0.0,0.0,[],[],,
20260726_164425_DR VIJAY.pdf,Bank Statement,Receipt,20260211,Suspense,bank of baroda,Suspense,799.0,DIGITA-MUMBAI/ 799.00,Medium,No,0.0,0.0,0.0,0.0,[],[],,
20260726_164425_DR VIJAY.pdf,Bank Statement,Receipt,20260211,Suspense,bank of baroda,Suspense,2037.0,"DIGITA-MUMBAI/ 2,037.0",Medium,No,0.0,0.0,0.0,0.0,[],[],,
20260726_164425_DR VIJAY.pdf,Bank Statement,Receipt,20260211,Suspense,bank of baroda,Suspense,280.0,DIGITA-MUMBAI/ 280.00,Medium,No,0.0,0.0,0.0,0.0,[],[],,
20260726_164425_DR VIJAY.pdf,Bank Statement,Receipt,20260211,Suspense,bank of baroda,Suspense,1070.0,"DIGITA-MUMBAI/ 1,070.0",Medium,No,0.0,0.0,0.0,0.0,[],[],,
20260726_164425_DR VIJAY.pdf,Bank Statement,Receipt,20260211,Suspense,bank of baroda,Suspense,602.0,DIGITA-MUMBAI/ 602.00,Medium,No,0.0,0.0,0.0,0.0,[],[],,
20260726_164425_DR VIJAY.pdf,Bank Statement,Receipt,20260211,Suspense,bank of baroda,Suspense,796.0,DIGITA-MUMBAI/ 796.00,Medium,No,0.0,0.0,0.0,0.0,[],[],,
20260726_164425_DR VIJAY.pdf,Bank Statement,Receipt,20260211,Suspense,bank of baroda,Suspense,940.0,DIGITA-MUMBAI/ 940.00,Medium,No,0.0,0.0,0.0,0.0,[],[],,
20260726_164425_DR VIJAY.pdf,Bank Statement,Receipt,20260211,Suspense,bank of baroda,Suspense,132.0,DIGITA-MUMBAI/ 132.00,Medium,No,0.0,0.0,0.0,0.0,[],[],,
20260726_164425_DR VIJAY.pdf,Bank Statement,Receipt,20260211,Suspense,bank of baroda,Suspense,876.0,DIGITA-MUMBAI/ 876.00,Medium,No,0.0,0.0,0.0,0.0,[],[],,
20260726_164425_DR VIJAY.pdf,Bank Statement,Receipt,20260211,Suspense,bank of baroda,Suspense,789.0,DIGITA-MUMBAI/ 789.00,Medium,No,0.0,0.0,0.0,0.0,[],[],,
20260726_164425_DR VIJAY.pdf,Bank Statement,Receipt,20260211,Suspense,bank of baroda,Suspense,417.0,DIGITA-MUMBAI/ 417.00,Medium,No,0.0,0.0,0.0,0.0,[],[],,
20260726_164425_DR VIJAY.pdf,Bank Statement,Receipt,20260211,Suspense,bank of baroda,Suspense,671.0,DIGITA-MUMBAI/ 671.00,Medium,No,0.0,0.0,0.0,0.0,[],[],,
20260726_164425_DR VIJAY.pdf,Bank Statement,Receipt,20260211,Suspense,bank of baroda,Suspense,1035.0,"DIGITA-MUMBAI/ 1,035.0",Medium,No,0.0,0.0,0.0,0.0,[],[],,
20260726_164425_DR VIJAY.pdf,Bank Statement,Receipt,20260211,Suspense,bank of baroda,Suspense,1087.0,"DIGITA-MUMBAI/ 1,087.0",Medium,No,0.0,0.0,0.0,0.0,[],[],,
20260726_164425_DR VIJAY.pdf,Bank Statement,Receipt,20260211,Suspense,bank of baroda,Suspense,963.0,DIGITA-MUMBAI/ 963.00,Medium,No,0.0,0.0,0.0,0.0,[],[],,
20260726_164425_DR VIJAY.pdf,Bank Statement,Receipt,20260211,Suspense,bank of baroda,Suspense,810.0,DIGITA-MUMBAI/ 810.00,Medium,No,0.0,0.0,0.0,0.0,[],[],,
20260726_164425_DR VIJAY.pdf,Bank Statement,Receipt,20260211,Suspense,bank of baroda,Suspense,953.0,DIGITA-MUMBAI/ 953.00,Medium,No,0.0,0.0,0.0,0.0,[],[],,
20260726_164425_DR VIJAY.pdf,Bank Statement,Receipt,20260211,Suspense,bank of baroda,Suspense,344.0,DIGITA-MUMBAI/ 344.00,Medium,No,0.0,0.0,0.0,0.0,[],[],,
20260726_164425_DR VIJAY.pdf,Bank Statement,Receipt,20260211,Suspense,bank of baroda,Suspense,640.0,DIGITA-MUMBAI/ 640.00,Medium,No,0.0,0.0,0.0,0.0,[],[],,
20260726_164425_DR VIJAY.pdf,Bank Statement,Payment,20260211,Suspense,Suspense,bank of baroda,100000.0,"MBK/6042510097 51009742 1,00,00",Medium,No,0.0,0.0,0.0,0.0,[],[],,
20260726_164425_DR VIJAY.pdf,Bank Statement,Receipt,20260212,Suspense,bank of baroda,Suspense,512.0,DIGITA-MUMBAI/ 512.00,Medium,No,0.0,0.0,0.0,0.0,[],[],,
20260726_164425_DR VIJAY.pdf,Bank Statement,Receipt,20260212,Suspense,bank of baroda,Suspense,1217.0,"DIGITA-MUMBAI/ 1,217.0",Medium,No,0.0,0.0,0.0,0.0,[],[],,
20260726_164425_DR VIJAY.pdf,Bank Statement,Receipt,20260212,Suspense,bank of baroda,Suspense,1035.0,"DIGITA-MUMBAI/ 1,035.0",Medium,No,0.0,0.0,0.0,0.0,[],[],,
20260726_164425_DR VIJAY.pdf,Bank Statement,Receipt,20260212,Suspense,bank of baroda,Suspense,3504.0,"DIGITA-MUMBAI/ 3,504.0",Medium,No,0.0,0.0,0.0,0.0,[],[],,
20260726_164425_DR VIJAY.pdf,Bank Statement,Receipt,20260212,Suspense,bank of baroda,Suspense,759.0,DIGITA-MUMBAI/ 759.00,Medium,No,0.0,0.0,0.0,0.0,[],[],,
20260726_164425_DR VIJAY.pdf,Bank Statement,Receipt,20260212,Suspense,bank of baroda,Suspense,2371.0,"DIGITA-MUMBAI/ 2,371.0",Medium,No,0.0,0.0,0.0,0.0,[],[],,
20260726_164425_DR VIJAY.pdf,Bank Statement,Receipt,20260212,Suspense,bank of baroda,Suspense,1959.0,"DIGITA-MUMBAI/ 1,959.0",Medium,No,0.0,0.0,0.0,0.0,[],[],,
20260726_164425_DR VIJAY.pdf,Bank Statement,Receipt,20260212,Suspense,bank of baroda,Suspense,1001.0,"DIGITA-MUMBAI/ 1,001.0",Medium,No,0.0,0.0,0.0,0.0,[],[],,
20260726_164425_DR VIJAY.pdf,Bank Statement,Receipt,20260212,Suspense,bank of baroda,Suspense,710.0,DIGITA-MUMBAI/ 710.00,Medium,No,0.0,0.0,0.0,0.0,[],[],,
20260726_164425_DR VIJAY.pdf,Bank Statement,Receipt,20260212,Suspense,bank of baroda,Suspense,724.0,DIGITA-MUMBAI/ 724.00,Medium,No,0.0,0.0,0.0,0.0,[],[],,
20260726_164425_DR VIJAY.pdf,Bank Statement,Receipt,20260212,Suspense,bank of baroda,Suspense,1066.0,"DIGITA-MUMBAI/ 1,066.0",Medium,No,0.0,0.0,0.0,0.0,[],[],,
20260726_164425_DR VIJAY.pdf,Bank Statement,Receipt,20260212,Suspense,bank of baroda,Suspense,673.0,DIGITA-MUMBAI/ 673.00,Medium,No,0.0,0.0,0.0,0.0,[],[],,
20260726_164425_DR VIJAY.pdf,Bank Statement,Receipt,20260212,Suspense,bank of baroda,Suspense,291.0,DIGITA-MUMBAI/ 291.00,Medium,No,0.0,0.0,0.0,0.0,[],[],,
20260726_164425_DR VIJAY.pdf,Bank Statement,Receipt,20260212,Suspense,bank of baroda,Suspense,517.0,DIGITA-MUMBAI/ 517.00,Medium,No,0.0,0.0,0.0,0.0,[],[],,
20260726_164425_DR VIJAY.pdf,Bank Statement,Receipt,20260212,Suspense,bank of baroda,Suspense,256.0,DIGITA-MUMBAI/ 256.00,Medium,No,0.0,0.0,0.0,0.0,[],[],,
20260726_164425_DR VIJAY.pdf,Bank Statement,Receipt,20260212,Suspense,bank of baroda,Suspense,191.0,DIGITA-MUMBAI/ 191.00,Medium,No,0.0,0.0,0.0,0.0,[],[],,
20260726_164425_DR VIJAY.pdf,Bank Statement,Receipt,20260212,Suspense,bank of baroda,Suspense,706.0,DIGITA-MUMBAI/ 706.00,Medium,No,0.0,0.0,0.0,0.0,[],[],,
20260726_164425_DR VIJAY.pdf,Bank Statement,Receipt,20260212,Suspense,bank of baroda,Suspense,855.0,DIGITA-MUMBAI/ 855.00,Medium,No,0.0,0.0,0.0,0.0,[],[],,
20260726_164425_DR VIJAY.pdf,Bank Statement,Receipt,20260212,Suspense,bank of baroda,Suspense,1485.0,"DIGITA-MUMBAI/ 1,485.0",Medium,No,0.0,0.0,0.0,0.0,[],[],,
20260726_164425_DR VIJAY.pdf,Bank Statement,Receipt,20260212,Suspense,bank of baroda,Suspense,2075.0,"DIGITA-MUMBAI/ 2,075.0",Medium,No,0.0,0.0,0.0,0.0,[],[],,
20260726_164425_DR VIJAY.pdf,Bank Statement,Receipt,20260212,Suspense,bank of baroda,Suspense,1169.0,"DIGITA-MUMBAI/ 1,169.0",Medium,No,0.0,0.0,0.0,0.0,[],[],,
20260726_164425_DR VIJAY.pdf,Bank Statement,Receipt,20260212,Suspense,bank of baroda,Suspense,712.0,DIGITA-MUMBAI/ 712.00,Medium,No,0.0,0.0,0.0,0.0,[],[],,
20260726_164425_DR VIJAY.pdf,Bank Statement,Receipt,20260212,Suspense,bank of baroda,Suspense,629.0,DIGITA-MUMBAI/ 629.00,Medium,No,0.0,0.0,0.0,0.0,[],[],,
20260726_164425_DR VIJAY.pdf,Bank Statement,Receipt,20260212,Suspense,bank of baroda,Suspense,464.0,DIGITA-MUMBAI/ 464.00,Medium,No,0.0,0.0,0.0,0.0,[],[],,
20260726_164425_DR VIJAY.pdf,Bank Statement,Receipt,20260212,Suspense,bank of baroda,Suspense,1841.0,DIGITA-MUMBAI/ 763.00,Medium,No,0.0,0.0,0.0,0.0,[],[],,
20260726_164425_DR VIJAY.pdf,Bank Statement,Receipt,20260212,Suspense,bank of baroda,Suspense,953.0,DIGITA-MUMBAI/ 953.00,Medium,No,0.0,0.0,0.0,0.0,[],[],,
20260726_164425_DR VIJAY.pdf,Bank Statement,Receipt,20260212,Suspense,bank of baroda,Suspense,985.0,DIGITA-MUMBAI/ 985.00,Medium,No,0.0,0.0,0.0,0.0,[],[],,
20260726_164425_DR VIJAY.pdf,Bank Statement,Receipt,20260212,Suspense,bank of baroda,Suspense,976.0,DIGITA-MUMBAI/ 976.00,Medium,No,0.0,0.0,0.0,0.0,[],[],,
20260726_164425_DR VIJAY.pdf,Bank Statement,Receipt,20260212,Suspense,bank of baroda,Suspense,1313.0,"DIGITA-MUMBAI/ 1,313.0",Medium,No,0.0,0.0,0.0,0.0,[],[],,
20260726_164425_DR VIJAY.pdf,Bank Statement,Receipt,20260212,Suspense,bank of baroda,Suspense,1110.0,"DIGITA-MUMBAI/ 1,110.0",Medium,No,0.0,0.0,0.0,0.0,[],[],,
20260726_164425_DR VIJAY.pdf,Bank Statement,Receipt,20260212,Suspense,bank of baroda,Suspense,818.0,DIGITA-MUMBAI/ 818.00,Medium,No,0.0,0.0,0.0,0.0,[],[],,
20260726_164425_DR VIJAY.pdf,Bank Statement,Receipt,20260212,Suspense,bank of baroda,Suspense,778.0,DIGITA-MUMBAI/ 778.00,Medium,No,0.0,0.0,0.0,0.0,[],[],,
20260726_164425_DR VIJAY.pdf,Bank Statement,Receipt,20260212,Suspense,bank of baroda,Suspense,1371.0,"DIGITA-MUMBAI/ 1,371.0",Medium,No,0.0,0.0,0.0,0.0,[],[],,
20260726_164425_DR VIJAY.pdf,Bank Statement,Receipt,20260212,Suspense,bank of baroda,Suspense,1905.0,"DIGITA-MUMBAI/ 1,905.0",Medium,No,0.0,0.0,0.0,0.0,[],[],,
20260726_164425_DR VIJAY.pdf,Bank Statement,Receipt,20260212,Suspense,bank of baroda,Suspense,888.0,DIGITA-MUMBAI/ 888.00,Medium,No,0.0,0.0,0.0,0.0,[],[],,
20260726_164425_DR VIJAY.pdf,Bank Statement,Receipt,20260212,Suspense,bank of baroda,Suspense,715.0,DIGITA-MUMBAI/ 715.00,Medium,No,0.0,0.0,0.0,0.0,[],[],,
20260726_164425_DR VIJAY.pdf,Bank Statement,Receipt,20260212,Suspense,bank of baroda,Suspense,528.0,DIGITA-MUMBAI/ 528.00,Medium,No,0.0,0.0,0.0,0.0,[],[],,
20260726_164425_DR VIJAY.pdf,Bank Statement,Receipt,20260212,Suspense,bank of baroda,Suspense,726.0,DIGITA-MUMBAI/ 726.00,Medium,No,0.0,0.0,0.0,0.0,[],[],,
20260726_164425_DR VIJAY.pdf,Bank Statement,Receipt,20260212,Suspense,bank of baroda,Suspense,627.0,DIGITA-MUMBAI/ 627.00,Medium,No,0.0,0.0,0.0,0.0,[],[],,
20260726_164425_DR VIJAY.pdf,Bank Statement,Receipt,20260212,Suspense,bank of baroda,Suspense,1307.0,"DIGITA-MUMBAI/ 1,307.0",Medium,No,0.0,0.0,0.0,0.0,[],[],,
20260726_164425_DR VIJAY.pdf,Bank Statement,Receipt,20260212,Suspense,bank of baroda,Suspense,1341.0,"DIGITA-MUMBAI/ 1,341.0",Medium,No,0.0,0.0,0.0,0.0,[],[],,
20260726_164425_DR VIJAY.pdf,Bank Statement,Receipt,20260212,Suspense,bank of baroda,Suspense,1015.0,"DIGITA-MUMBAI/ 1,015.0",Medium,No,0.0,0.0,0.0,0.0,[],[],,
20260726_164425_DR VIJAY.pdf,Bank Statement,Receipt,20260212,Suspense,bank of baroda,Suspense,1158.0,"DIGITA-MUMBAI/ 1,158.0",Medium,No,0.0,0.0,0.0,0.0,[],[],,
20260726_164425_DR VIJAY.pdf,Bank Statement,Receipt,20260212,Suspense,bank of baroda,Suspense,664.0,DIGITA-MUMBAI/ 664.00,Medium,No,0.0,0.0,0.0,0.0,[],[],,
20260726_164425_DR VIJAY.pdf,Bank Statement,Receipt,20260212,Suspense,bank of baroda,Suspense,1216.0,"DIGITA-MUMBAI/ 1,216.0",Medium,No,0.0,0.0,0.0,0.0,[],[],,
20260726_164425_DR VIJAY.pdf,Bank Statement,Receipt,20260212,Suspense,bank of baroda,Suspense,1169.0,"DIGITA-MUMBAI/ 1,169.0",Medium,No,0.0,0.0,0.0,0.0,[],[],,
20260726_164425_DR VIJAY.pdf,Bank Statement,Receipt,20260212,Suspense,bank of baroda,Suspense,801.0,DIGITA-MUMBAI/ 801.00,Medium,No,0.0,0.0,0.0,0.0,[],[],,
20260726_164425_DR VIJAY.pdf,Bank Statement,Receipt,20260212,Suspense,bank of baroda,Suspense,351.0,DIGITA-MUMBAI/ 351.00,Medium,No,0.0,0.0,0.0,0.0,[],[],,
20260726_164425_DR VIJAY.pdf,Bank Statement,Receipt,20260212,Suspense,bank of baroda,Suspense,4464.0,"DIGITA-MUMBAI/ 4,464.0",Medium,No,0.0,0.0,0.0,0.0,[],[],,
20260726_164425_DR VIJAY.pdf,Bank Statement,Receipt,20260212,Suspense,bank of baroda,Suspense,1603.0,"DIGITA-MUMBAI/ 1,603.0",Medium,No,0.0,0.0,0.0,0.0,[],[],,
20260726_164425_DR VIJAY.pdf,Bank Statement,Receipt,20260212,Suspense,bank of baroda,Suspense,1418.0,"DIGITA-MUMBAI/ 1,418.0",Medium,No,0.0,0.0,0.0,0.0,[],[],,
20260726_164425_DR VIJAY.pdf,Bank Statement,Receipt,20260212,Suspense,bank of baroda,Suspense,761.0,DIGITA-MUMBAI/ 761.00,Medium,No,0.0,0.0,0.0,0.0,[],[],,
20260726_164425_DR VIJAY.pdf,Bank Statement,Receipt,20260212,Suspense,bank of baroda,Suspense,877.0,DIGITA-MUMBAI/ 877.00,Medium,No,0.0,0.0,0.0,0.0,[],[],,
20260726_164425_DR VIJAY.pdf,Bank Statement,Receipt,20260212,Suspense,bank of baroda,Suspense,1046.0,"DIGITA-MUMBAI/ 1,046.0",Medium,No,0.0,0.0,0.0,0.0,[],[],,
20260726_164425_DR VIJAY.pdf,Bank Statement,Receipt,20260212,Suspense,bank of baroda,Suspense,829.0,DIGITA-MUMBAI/ 829.00,Medium,No,0.0,0.0,0.0,0.0,[],[],,
20260726_164425_DR VIJAY.pdf,Bank Statement,Receipt,20260212,Suspense,bank of baroda,Suspense,1696.0,"DIGITA-MUMBAI/ 1,696.0",Medium,No,0.0,0.0,0.0,0.0,[],[],,
20260726_164425_DR VIJAY.pdf,Bank Statement,Receipt,20260212,Suspense,bank of baroda,Suspense,207.0,DIGITA-MUMBAI/ 207.00,Medium,No,0.0,0.0,0.0,0.0,[],[],,
20260726_164425_DR VIJAY.pdf,Bank Statement,Receipt,20260212,Suspense,bank of baroda,Suspense,1175.0,"DIGITA-MUMBAI/ 1,175.0",Medium,No,0.0,0.0,0.0,0.0,[],[],,
20260726_164425_DR VIJAY.pdf,Bank Statement,Receipt,20260212,Suspense,bank of baroda,Suspense,849.0,DIGITA-MUMBAI/ 849.00,Medium,No,0.0,0.0,0.0,0.0,[],[],,
20260726_164425_DR VIJAY.pdf,Bank Statement,Receipt,20260212,Suspense,bank of baroda,Suspense,1721.0,"DIGITA-MUMBAI/ 1,721.0",Medium,No,0.0,0.0,0.0,0.0,[],[],,
20260726_164425_DR VIJAY.pdf,Bank Statement,Receipt,20260212,Suspense,bank of baroda,Suspense,666.0,DIGITA-MUMBAI/ 666.00,Medium,No,0.0,0.0,0.0,0.0,[],[],,
20260726_164425_DR VIJAY.pdf,Bank Statement,Receipt,20260212,Suspense,bank of baroda,Suspense,1342.0,"DIGITA-MUMBAI/ 1,342.0",Medium,No,0.0,0.0,0.0,0.0,[],[],,
20260726_164425_DR VIJAY.pdf,Bank Statement,Receipt,20260212,Suspense,bank of baroda,Suspense,1603.0,"DIGITA-MUMBAI/ 1,603.0",Medium,No,0.0,0.0,0.0,0.0,[],[],,
20260726_164425_DR VIJAY.pdf,Bank Statement,Receipt,20260212,Suspense,bank of baroda,Suspense,460.0,DIGITA-MUMBAI/ 460.00,Medium,No,0.0,0.0,0.0,0.0,[],[],,
20260726_164425_DR VIJAY.pdf,Bank Statement,Receipt,20260212,Suspense,bank of baroda,Suspense,1044.0,"DIGITA-MUMBAI/ 1,044.0",Medium,No,0.0,0.0,0.0,0.0,[],[],,
20260726_164425_DR VIJAY.pdf,Bank Statement,Receipt,20260212,Suspense,bank of baroda,Suspense,770.0,DIGITA-MUMBAI/ 770.00,Medium,No,0.0,0.0,0.0,0.0,[],[],,
20260726_164425_DR VIJAY.pdf,Bank Statement,Receipt,20260212,Suspense,bank of baroda,Suspense,2586.0,"DIGITA-MUMBAI/ 2,586.0",Medium,No,0.0,0.0,0.0,0.0,[],[],,
20260726_164425_DR VIJAY.pdf,Bank Statement,Receipt,20260212,Suspense,bank of baroda,Suspense,1344.0,"DIGITA-MUMBAI/ 1,344.0",Medium,No,0.0,0.0,0.0,0.0,[],[],,
20260726_164425_DR VIJAY.pdf,Bank Statement,Receipt,20260212,Suspense,bank of baroda,Suspense,322.0,DIGITA-MUMBAI/ 322.00,Medium,No,0.0,0.0,0.0,0.0,[],[],,
20260726_164425_DR VIJAY.pdf,Bank Statement,Receipt,20260212,Suspense,bank of baroda,Suspense,867.0,DIGITA-MUMBAI/ 867.00,Medium,No,0.0,0.0,0.0,0.0,[],[],,
20260726_164425_DR VIJAY.pdf,Bank Statement,Receipt,20260212,Suspense,bank of baroda,Suspense,1299.0,DIGITA-MUMBAI/ 745.00,Medium,No,0.0,0.0,0.0,0.0,[],[],,
20260726_164425_DR VIJAY.pdf,Bank Statement,Receipt,20260212,Suspense,bank of baroda,Suspense,1118.0,"DIGITA-MUMBAI/ 1,118.0",Medium,No,0.0,0.0,0.0,0.0,[],[],,
20260726_164425_DR VIJAY.pdf,Bank Statement,Payment,20260212,Suspense,Suspense,bank of baroda,50000.0,"MBK/6043602250 60225064 50,000.",Medium,No,0.0,0.0,0.0,0.0,[],[],,
20260726_164425_DR VIJAY.pdf,Bank Statement,Receipt,20260213,Suspense,bank of baroda,Suspense,416.0,DIGITA-MUMBAI/ 416.00,Medium,No,0.0,0.0,0.0,0.0,[],[],,
20260726_164425_DR VIJAY.pdf,Bank Statement,Receipt,20260213,Suspense,bank of baroda,Suspense,250.0,DIGITA-MUMBAI/ 250.00,Medium,No,0.0,0.0,0.0,0.0,[],[],,
20260726_164425_DR VIJAY.pdf,Bank Statement,Receipt,20260213,Suspense,bank of baroda,Suspense,447.0,DIGITA-MUMBAI/ 447.00,Medium,No,0.0,0.0,0.0,0.0,[],[],,
20260726_164425_DR VIJAY.pdf,Bank Statement,Receipt,20260213,Suspense,bank of baroda,Suspense,402.0,DIGITA-MUMBAI/ 402.00,Medium,No,0.0,0.0,0.0,0.0,[],[],,
20260726_164425_DR VIJAY.pdf,Bank Statement,Receipt,20260213,Suspense,bank of baroda,Suspense,326.0,DIGITA-MUMBAI/ 326.00,Medium,No,0.0,0.0,0.0,0.0,[],[],,
20260726_164425_DR VIJAY.pdf,Bank Statement,Receipt,20260213,Suspense,bank of baroda,Suspense,322.0,DIGITA-MUMBAI/ 322.00,Medium,No,0.0,0.0,0.0,0.0,[],[],,
20260726_164425_DR VIJAY.pdf,Bank Statement,Receipt,20260213,Suspense,bank of baroda,Suspense,349.0,DIGITA-MUMBAI/ 349.00,Medium,No,0.0,0.0,0.0,0.0,[],[],,
20260726_164425_DR VIJAY.pdf,Bank Statement,Receipt,20260213,Suspense,bank of baroda,Suspense,276.0,DIGITA-MUMBAI/ 276.00,Medium,No,0.0,0.0,0.0,0.0,[],[],,
20260726_164425_DR VIJAY.pdf,Bank Statement,Receipt,20260213,Suspense,bank of baroda,Suspense,427.0,DIGITA-MUMBAI/ 427.00,Medium,No,0.0,0.0,0.0,0.0,[],[],,
20260726_164425_DR VIJAY.pdf,Bank Statement,Receipt,20260213,Suspense,bank of baroda,Suspense,189.0,DIGITA-MUMBAI/ 189.00,Medium,No,0.0,0.0,0.0,0.0,[],[],,
20260726_164425_DR VIJAY.pdf,Bank Statement,Receipt,20260213,Suspense,bank of baroda,Suspense,305.0,DIGITA-MUMBAI/ 305.00,Medium,No,0.0,0.0,0.0,0.0,[],[],,
20260726_164425_DR VIJAY.pdf,Bank Statement,Receipt,20260213,Suspense,bank of baroda,Suspense,460.0,DIGITA-MUMBAI/ 460.00,Medium,No,0.0,0.0,0.0,0.0,[],[],,
20260726_164425_DR VIJAY.pdf,Bank Statement,Receipt,20260213,Suspense,bank of baroda,Suspense,404.0,DIGITA-MUMBAI/ 404.00,Medium,No,0.0,0.0,0.0,0.0,[],[],,
20260726_164425_DR VIJAY.pdf,Bank Statement,Receipt,20260213,Suspense,bank of baroda,Suspense,195.0,DIGITA-MUMBAI/ 195.00,Medium,No,0.0,0.0,0.0,0.0,[],[],,
20260726_164425_DR VIJAY.pdf,Bank Statement,Receipt,20260213,Suspense,bank of baroda,Suspense,274.0,DIGITA-MUMBAI/ 274.00,Medium,No,0.0,0.0,0.0,0.0,[],[],,
20260726_164425_DR VIJAY.pdf,Bank Statement,Receipt,20260213,Suspense,bank of baroda,Suspense,245.0,DIGITA-MUMBAI/ 245.00,Medium,No,0.0,0.0,0.0,0.0,[],[],,
20260726_164425_DR VIJAY.pdf,Bank Statement,Receipt,20260213,Suspense,bank of baroda,Suspense,318.0,DIGITA-MUMBAI/ 318.00,Medium,No,0.0,0.0,0.0,0.0,[],[],,
20260726_164425_DR VIJAY.pdf,Bank Statement,Receipt,20260213,Suspense,bank of baroda,Suspense,104.0,DIGITA-MUMBAI/ 104.00,Medium,No,0.0,0.0,0.0,0.0,[],[],,
20260726_164425_DR VIJAY.pdf,Bank Statement,Receipt,20260213,Suspense,bank of baroda,Suspense,338.0,DIGITA-MUMBAI/ 338.00,Medium,No,0.0,0.0,0.0,0.0,[],[],,
20260726_164425_DR VIJAY.pdf,Bank Statement,Receipt,20260213,Suspense,bank of baroda,Suspense,437.0,DIGITA-MUMBAI/ 437.00,Medium,No,0.0,0.0,0.0,0.0,[],[],,
20260726_164425_DR VIJAY.pdf,Bank Statement,Receipt,20260213,Suspense,bank of baroda,Suspense,384.0,DIGITA-MUMBAI/ 384.00,Medium,No,0.0,0.0,0.0,0.0,[],[],,
20260726_164425_DR VIJAY.pdf,Bank Statement,Receipt,20260213,Suspense,bank of baroda,Suspense,104.0,DIGITA-MUMBAI/ 104.00,Medium,No,0.0,0.0,0.0,0.0,[],[],,
20260726_164425_DR VIJAY.pdf,Bank Statement,Receipt,20260213,Suspense,bank of baroda,Suspense,414.0,DIGITA-MUMBAI/ 414.00,Medium,No,0.0,0.0,0.0,0.0,[],[],,
20260726_164425_DR VIJAY.pdf,Bank Statement,Receipt,20260213,Suspense,bank of baroda,Suspense,180.0,DIGITA-MUMBAI/ 180.00,Medium,No,0.0,0.0,0.0,0.0,[],[],,
20260726_164425_DR VIJAY.pdf,Bank Statement,Receipt,20260213,Suspense,bank of baroda,Suspense,446.0,DIGITA-MUMBAI/ 446.00,Medium,No,0.0,0.0,0.0,0.0,[],[],,
20260726_164425_DR VIJAY.pdf,Bank Statement,Receipt,20260213,Suspense,bank of baroda,Suspense,617.0,DIGITA-MUMBAI/ 617.00,Medium,No,0.0,0.0,0.0,0.0,[],[],,
20260726_164425_DR VIJAY.pdf,Bank Statement,Receipt,20260213,Suspense,bank of baroda,Suspense,370.0,DIGITA-MUMBAI/ 370.00,Medium,No,0.0,0.0,0.0,0.0,[],[],,
20260726_164425_DR VIJAY.pdf,Bank Statement,Receipt,20260213,Suspense,bank of baroda,Suspense,603.0,DIGITA-MUMBAI/ 603.00,Medium,No,0.0,0.0,0.0,0.0,[],[],,
20260726_164425_DR VIJAY.pdf,Bank Statement,Receipt,20260213,Suspense,bank of baroda,Suspense,467.0,DIGITA-MUMBAI/ 467.00,Medium,No,0.0,0.0,0.0,0.0,[],[],,
20260726_164425_DR VIJAY.pdf,Bank Statement,Receipt,20260213,Suspense,bank of baroda,Suspense,559.0,DIGITA-MUMBAI/ 559.00,Medium,No,0.0,0.0,0.0,0.0,[],[],,
20260726_164425_DR VIJAY.pdf,Bank Statement,Receipt,20260213,Suspense,bank of baroda,Suspense,397.0,DIGITA-MUMBAI/ 397.00,Medium,No,0.0,0.0,0.0,0.0,[],[],,
20260726_164425_DR VIJAY.pdf,Bank Statement,Receipt,20260213,Suspense,bank of baroda,Suspense,541.0,DIGITA-MUMBAI/ 541.00,Medium,No,0.0,0.0,0.0,0.0,[],[],,
20260726_164425_DR VIJAY.pdf,Bank Statement,Receipt,20260213,Suspense,bank of baroda,Suspense,608.0,DIGITA-MUMBAI/ 608.00,Medium,No,0.0,0.0,0.0,0.0,[],[],,
20260726_164425_DR VIJAY.pdf,Bank Statement,Receipt,20260213,Suspense,bank of baroda,Suspense,806.0,DIGITA-MUMBAI/ 806.00,Medium,No,0.0,0.0,0.0,0.0,[],[],,
20260726_164425_DR VIJAY.pdf,Bank Statement,Receipt,20260213,Suspense,bank of baroda,Suspense,455.0,DIGITA-MUMBAI/ 455.00,Medium,No,0.0,0.0,0.0,0.0,[],[],,
20260726_164425_DR VIJAY.pdf,Bank Statement,Receipt,20260213,Suspense,bank of baroda,Suspense,557.0,DIGITA-MUMBAI/ 557.00,Medium,No,0.0,0.0,0.0,0.0,[],[],,
20260726_164425_DR VIJAY.pdf,Bank Statement,Receipt,20260213,Suspense,bank of baroda,Suspense,661.0,DIGITA-MUMBAI/ 661.00,Medium,No,0.0,0.0,0.0,0.0,[],[],,
20260726_164425_DR VIJAY.pdf,Bank Statement,Receipt,20260213,Suspense,bank of baroda,Suspense,1212.0,"DIGITA-MUMBAI/ 1,212.0",Medium,No,0.0,0.0,0.0,0.0,[],[],,
20260726_164425_DR VIJAY.pdf,Bank Statement,Receipt,20260213,Suspense,bank of baroda,Suspense,1983.0,"DIGITA-MUMBAI/ 1,983.0",Medium,No,0.0,0.0,0.0,0.0,[],[],,
20260726_164425_DR VIJAY.pdf,Bank Statement,Receipt,20260213,Suspense,bank of baroda,Suspense,1229.0,"DIGITA-MUMBAI/ 1,229.0",Medium,No,0.0,0.0,0.0,0.0,[],[],,
20260726_164425_DR VIJAY.pdf,Bank Statement,Receipt,20260213,Suspense,bank of baroda,Suspense,597.0,DIGITA-MUMBAI/ 597.00,Medium,No,0.0,0.0,0.0,0.0,[],[],,
20260726_164425_DR VIJAY.pdf,Bank Statement,Receipt,20260213,Suspense,bank of baroda,Suspense,1606.0,"DIGITA-MUMBAI/ 1,606.0",Medium,No,0.0,0.0,0.0,0.0,[],[],,
20260726_164425_DR VIJAY.pdf,Bank Statement,Receipt,20260213,Suspense,bank of baroda,Suspense,277.0,DIGITA-MUMBAI/ 277.00,Medium,No,0.0,0.0,0.0,0.0,[],[],,
20260726_164425_DR VIJAY.pdf,Bank Statement,Receipt,20260213,Suspense,bank of baroda,Suspense,1462.0,DIGITA-MUMBAI/ 869.00,Medium,No,0.0,0.0,0.0,0.0,[],[],,
20260726_164425_DR VIJAY.pdf,Bank Statement,Receipt,20260213,Suspense,bank of baroda,Suspense,742.0,DIGITA-MUMBAI/ 742.00,Medium,No,0.0,0.0,0.0,0.0,[],[],,
20260726_164425_DR VIJAY.pdf,Bank Statement,Receipt,20260213,Suspense,bank of baroda,Suspense,170.0,DIGITA-MUMBAI/ 170.00,Medium,No,0.0,0.0,0.0,0.0,[],[],,
20260726_164425_DR VIJAY.pdf,Bank Statement,Receipt,20260213,Suspense,bank of baroda,Suspense,1358.0,"DIGITA-MUMBAI/ 1,358.0",Medium,No,0.0,0.0,0.0,0.0,[],[],,
20260726_164425_DR VIJAY.pdf,Bank Statement,Receipt,20260213,Suspense,bank of baroda,Suspense,1023.0,"DIGITA-MUMBAI/ 1,023.0",Medium,No,0.0,0.0,0.0,0.0,[],[],,
20260726_164425_DR VIJAY.pdf,Bank Statement,Receipt,20260213,Suspense,bank of baroda,Suspense,2293.0,"DIGITA-MUMBAI/ 2,293.0",Medium,No,0.0,0.0,0.0,0.0,[],[],,
20260726_164425_DR VIJAY.pdf,Bank Statement,Receipt,20260213,Suspense,bank of baroda,Suspense,276.0,DIGITA-MUMBAI/ 276.00,Medium,No,0.0,0.0,0.0,0.0,[],[],,
20260726_164425_DR VIJAY.pdf,Bank Statement,Receipt,20260213,Suspense,bank of baroda,Suspense,724.0,DIGITA-MUMBAI/ 724.00,Medium,No,0.0,0.0,0.0,0.0,[],[],,
20260726_164425_DR VIJAY.pdf,Bank Statement,Receipt,20260213,Suspense,bank of baroda,Suspense,1042.0,"DIGITA-MUMBAI/ 1,042.0",Medium,No,0.0,0.0,0.0,0.0,[],[],,
20260726_164425_DR VIJAY.pdf,Bank Statement,Receipt,20260213,Suspense,bank of baroda,Suspense,421.0,DIGITA-MUMBAI/ 421.00,Medium,No,0.0,0.0,0.0,0.0,[],[],,
20260726_164425_DR VIJAY.pdf,Bank Statement,Receipt,20260213,Suspense,bank of baroda,Suspense,1233.0,"DIGITA-MUMBAI/ 1,233.0",Medium,No,0.0,0.0,0.0,0.0,[],[],,
20260726_164425_DR VIJAY.pdf,Bank Statement,Receipt,20260213,Suspense,bank of baroda,Suspense,580.0,DIGITA-MUMBAI/ 580.00,Medium,No,0.0,0.0,0.0,0.0,[],[],,
20260726_164425_DR VIJAY.pdf,Bank Statement,Receipt,20260213,Suspense,bank of baroda,Suspense,541.0,DIGITA-MUMBAI/ 541.00,Medium,No,0.0,0.0,0.0,0.0,[],[],,
20260726_164425_DR VIJAY.pdf,Bank Statement,Receipt,20260213,Suspense,bank of baroda,Suspense,837.0,DIGITA-MUMBAI/ 837.00,Medium,No,0.0,0.0,0.0,0.0,[],[],,
20260726_164425_DR VIJAY.pdf,Bank Statement,Receipt,20260213,Suspense,bank of baroda,Suspense,526.0,DIGITA-MUMBAI/ 526.00,Medium,No,0.0,0.0,0.0,0.0,[],[],,
20260726_164425_DR VIJAY.pdf,Bank Statement,Receipt,20260213,Suspense,bank of baroda,Suspense,557.0,DIGITA-MUMBAI/ 557.00,Medium,No,0.0,0.0,0.0,0.0,[],[],,
20260726_164425_DR VIJAY.pdf,Bank Statement,Receipt,20260213,Suspense,bank of baroda,Suspense,506.0,DIGITA-MUMBAI/ 506.00,Medium,No,0.0,0.0,0.0,0.0,[],[],,
20260726_164425_DR VIJAY.pdf,Bank Statement,Receipt,20260213,Suspense,bank of baroda,Suspense,490.0,DIGITA-MUMBAI/ 490.00,Medium,No,0.0,0.0,0.0,0.0,[],[],,
20260726_164425_DR VIJAY.pdf,Bank Statement,Receipt,20260213,Suspense,bank of baroda,Suspense,610.0,DIGITA-MUMBAI/ 610.00,Medium,No,0.0,0.0,0.0,0.0,[],[],,
20260726_164425_DR VIJAY.pdf,Bank Statement,Receipt,20260213,Suspense,bank of baroda,Suspense,1455.0,"DIGITA-MUMBAI/ 1,455.0",Medium,No,0.0,0.0,0.0,0.0,[],[],,
20260726_164425_DR VIJAY.pdf,Bank Statement,Receipt,20260213,Suspense,bank of baroda,Suspense,117.0,DIGITA-MUMBAI/ 117.00,Medium,No,0.0,0.0,0.0,0.0,[],[],,
20260726_164425_DR VIJAY.pdf,Bank Statement,Receipt,20260213,Suspense,bank of baroda,Suspense,470.0,DIGITA-MUMBAI/ 470.00,Medium,No,0.0,0.0,0.0,0.0,[],[],,
20260726_164425_DR VIJAY.pdf,Bank Statement,Receipt,20260213,Suspense,bank of baroda,Suspense,449.0,DIGITA-MUMBAI/ 449.00,Medium,No,0.0,0.0,0.0,0.0,[],[],,
20260726_164425_DR VIJAY.pdf,Bank Statement,Receipt,20260213,Suspense,bank of baroda,Suspense,319.0,DIGITA-MUMBAI/ 319.00,Medium,No,0.0,0.0,0.0,0.0,[],[],,
20260726_164425_DR VIJAY.pdf,Bank Statement,Receipt,20260213,Suspense,bank of baroda,Suspense,496.0,DIGITA-MUMBAI/ 496.00,Medium,No,0.0,0.0,0.0,0.0,[],[],,
20260726_164425_DR VIJAY.pdf,Bank Statement,Receipt,20260213,Suspense,bank of baroda,Suspense,414.0,DIGITA-MUMBAI/ 414.00,Medium,No,0.0,0.0,0.0,0.0,[],[],,
20260726_164425_DR VIJAY.pdf,Bank Statement,Receipt,20260213,Suspense,bank of baroda,Suspense,1176.0,"DIGITA-MUMBAI/ 1,176.0",Medium,No,0.0,0.0,0.0,0.0,[],[],,
20260726_164425_DR VIJAY.pdf,Bank Statement,Receipt,20260213,Suspense,bank of baroda,Suspense,1163.0,"DIGITA-MUMBAI/ 1,163.0",Medium,No,0.0,0.0,0.0,0.0,[],[],,
20260726_164425_DR VIJAY.pdf,Bank Statement,Receipt,20260213,Suspense,bank of baroda,Suspense,1133.0,"DIGITA-MUMBAI/ 1,133.0",Medium,No,0.0,0.0,0.0,0.0,[],[],,
20260726_164425_DR VIJAY.pdf,Bank Statement,Receipt,20260213,Suspense,bank of baroda,Suspense,302.0,DIGITA-MUMBAI/ 302.00,Medium,No,0.0,0.0,0.0,0.0,[],[],,
20260726_164425_DR VIJAY.pdf,Bank Statement,Receipt,20260213,Suspense,bank of baroda,Suspense,97.0,DIGITA-MUMBAI/ 97.00 9,Medium,No,0.0,0.0,0.0,0.0,[],[],,
20260726_164425_DR VIJAY.pdf,Bank Statement,Receipt,20260213,Suspense,bank of baroda,Suspense,940.0,DIGITA-MUMBAI/ 940.00,Medium,No,0.0,0.0,0.0,0.0,[],[],,
20260726_164425_DR VIJAY.pdf,Bank Statement,Receipt,20260213,Suspense,bank of baroda,Suspense,515.0,DIGITA-MUMBAI/ 515.00,Medium,No,0.0,0.0,0.0,0.0,[],[],,
20260726_164425_DR VIJAY.pdf,Bank Statement,Receipt,20260213,Suspense,bank of baroda,Suspense,853.0,DIGITA-MUMBAI/ 853.00,Medium,No,0.0,0.0,0.0,0.0,[],[],,
20260726_164425_DR VIJAY.pdf,Bank Statement,Receipt,20260213,Suspense,bank of baroda,Suspense,249.0,DIGITA-MUMBAI/ 249.00,Medium,No,0.0,0.0,0.0,0.0,[],[],,
20260726_164425_DR VIJAY.pdf,Bank Statement,Receipt,20260213,Suspense,bank of baroda,Suspense,587.0,DIGITA-MUMBAI/ 587.00,Medium,No,0.0,0.0,0.0,0.0,[],[],,
20260726_164425_DR VIJAY.pdf,Bank Statement,Receipt,20260213,Suspense,bank of baroda,Suspense,1237.0,"DIGITA-MUMBAI/ 1,237.0",Medium,No,0.0,0.0,0.0,0.0,[],[],,
20260726_164425_DR VIJAY.pdf,Bank Statement,Receipt,20260213,Suspense,bank of baroda,Suspense,485.0,DIGITA-MUMBAI/ 485.00,Medium,No,0.0,0.0,0.0,0.0,[],[],,
20260726_164425_DR VIJAY.pdf,Bank Statement,Receipt,20260213,Suspense,bank of baroda,Suspense,1776.0,"DIGITA-MUMBAI/ 1,776.0",Medium,No,0.0,0.0,0.0,0.0,[],[],,
20260726_164425_DR VIJAY.pdf,Bank Statement,Receipt,20260213,Suspense,bank of baroda,Suspense,276.0,DIGITA-MUMBAI/ 276.00,Medium,No,0.0,0.0,0.0,0.0,[],[],,
20260726_164425_DR VIJAY.pdf,Bank Statement,Receipt,20260213,Suspense,bank of baroda,Suspense,368.0,DIGITA-MUMBAI/ 368.00,Medium,No,0.0,0.0,0.0,0.0,[],[],,
20260726_164425_DR VIJAY.pdf,Bank Statement,Receipt,20260213,Suspense,bank of baroda,Suspense,555.0,DIGITA-MUMBAI/ 555.00,Medium,No,0.0,0.0,0.0,0.0,[],[],,
20260726_164425_DR VIJAY.pdf,Bank Statement,Receipt,20260213,Suspense,bank of baroda,Suspense,319.0,DIGITA-MUMBAI/ 319.00,Medium,No,0.0,0.0,0.0,0.0,[],[],,
20260726_164425_DR VIJAY.pdf,Bank Statement,Receipt,20260213,Suspense,bank of baroda,Suspense,1183.0,"DIGITA-MUMBAI/ 1,183.0",Medium,No,0.0,0.0,0.0,0.0,[],[],,
20260726_164425_DR VIJAY.pdf,Bank Statement,Receipt,20260213,Suspense,bank of baroda,Suspense,1250.0,"DIGITA-MUMBAI/ 1,250.0",Medium,No,0.0,0.0,0.0,0.0,[],[],,
20260726_164425_DR VIJAY.pdf,Bank Statement,Receipt,20260213,Suspense,bank of baroda,Suspense,613.0,DIGITA-MUMBAI/ 613.00,Medium,No,0.0,0.0,0.0,0.0,[],[],,
20260726_164425_DR VIJAY.pdf,Bank Statement,Receipt,20260213,Suspense,bank of baroda,Suspense,1206.0,DIGITA-MUMBAI/ 576.00,Medium,No,0.0,0.0,0.0,0.0,[],[],,
20260726_164425_DR VIJAY.pdf,Bank Statement,Receipt,20260213,Suspense,bank of baroda,Suspense,410.0,DIGITA-MUMBAI/ 410.00,Medium,No,0.0,0.0,0.0,0.0,[],[],,
20260726_164425_DR VIJAY.pdf,Bank Statement,Receipt,20260213,Suspense,bank of baroda,Suspense,656.0,DIGITA-MUMBAI/ 656.00,Medium,No,0.0,0.0,0.0,0.0,[],[],,
20260726_164425_DR VIJAY.pdf,Bank Statement,Receipt,20260213,Suspense,bank of baroda,Suspense,517.0,DIGITA-MUMBAI/ 517.00,Medium,No,0.0,0.0,0.0,0.0,[],[],,
20260726_164425_DR VIJAY.pdf,Bank Statement,Receipt,20260213,Suspense,bank of baroda,Suspense,353.0,DIGITA-MUMBAI/ 353.00,Medium,No,0.0,0.0,0.0,0.0,[],[],,
20260726_164425_DR VIJAY.pdf,Bank Statement,Receipt,20260213,Suspense,bank of baroda,Suspense,591.0,DIGITA-MUMBAI/ 591.00,Medium,No,0.0,0.0,0.0,0.0,[],[],,
20260726_164425_DR VIJAY.pdf,Bank Statement,Receipt,20260213,Suspense,bank of baroda,Suspense,273.0,DIGITA-MUMBAI/ 273.00,Medium,No,0.0,0.0,0.0,0.0,[],[],,
20260726_164425_DR VIJAY.pdf,Bank Statement,Receipt,20260213,Suspense,bank of baroda,Suspense,503.0,DIGITA-MUMBAI/ 503.00,Medium,No,0.0,0.0,0.0,0.0,[],[],,
20260726_164425_DR VIJAY.pdf,Bank Statement,Receipt,20260213,Suspense,bank of baroda,Suspense,179.0,DIGITA-MUMBAI/ 179.00,Medium,No,0.0,0.0,0.0,0.0,[],[],,
20260726_164425_DR VIJAY.pdf,Bank Statement,Receipt,20260213,Suspense,bank of baroda,Suspense,595.0,DIGITA-MUMBAI/ 595.00,Medium,No,0.0,0.0,0.0,0.0,[],[],,
20260726_164425_DR VIJAY.pdf,Bank Statement,Receipt,20260213,Suspense,bank of baroda,Suspense,726.0,DIGITA-MUMBAI/ 726.00,Medium,No,0.0,0.0,0.0,0.0,[],[],,
20260726_164425_DR VIJAY.pdf,Bank Statement,Receipt,20260213,Suspense,bank of baroda,Suspense,411.0,DIGITA-MUMBAI/ 411.00,Medium,No,0.0,0.0,0.0,0.0,[],[],,
20260726_164425_DR VIJAY.pdf,Bank Statement,Receipt,20260213,Suspense,bank of baroda,Suspense,588.0,DIGITA-MUMBAI/ 588.00,Medium,No,0.0,0.0,0.0,0.0,[],[],,
20260726_164425_DR VIJAY.pdf,Bank Statement,Receipt,20260213,Suspense,bank of baroda,Suspense,648.0,DIGITA-MUMBAI/ 648.00,Medium,No,0.0,0.0,0.0,0.0,[],[],,
20260726_164425_DR VIJAY.pdf,Bank Statement,Receipt,20260213,Suspense,bank of baroda,Suspense,615.0,DIGITA-MUMBAI/ 615.00,Medium,No,0.0,0.0,0.0,0.0,[],[],,
20260726_164425_DR VIJAY.pdf,Bank Statement,Receipt,20260213,Suspense,bank of baroda,Suspense,305.0,DIGITA-MUMBAI/ 305.00,Medium,No,0.0,0.0,0.0,0.0,[],[],,
20260726_164425_DR VIJAY.pdf,Bank Statement,Receipt,20260213,Suspense,bank of baroda,Suspense,456.0,DIGITA-MUMBAI/ 456.00,Medium,No,0.0,0.0,0.0,0.0,[],[],,
20260726_164425_DR VIJAY.pdf,Bank Statement,Receipt,20260213,Suspense,bank of baroda,Suspense,308.0,DIGITA-MUMBAI/ 308.00,Medium,No,0.0,0.0,0.0,0.0,[],[],,
20260726_164425_DR VIJAY.pdf,Bank Statement,Receipt,20260213,Suspense,bank of baroda,Suspense,340.0,DIGITA-MUMBAI/ 340.00,Medium,No,0.0,0.0,0.0,0.0,[],[],,
20260726_164425_DR VIJAY.pdf,Bank Statement,Receipt,20260213,Suspense,bank of baroda,Suspense,273.0,DIGITA-MUMBAI/ 273.00,Medium,No,0.0,0.0,0.0,0.0,[],[],,
20260726_164425_DR VIJAY.pdf,Bank Statement,Receipt,20260213,Suspense,bank of baroda,Suspense,306.0,DIGITA-MUMBAI/ 306.00,Medium,No,0.0,0.0,0.0,0.0,[],[],,
20260726_164425_DR VIJAY.pdf,Bank Statement,Receipt,20260213,Suspense,bank of baroda,Suspense,371.0,DIGITA-MUMBAI/ 371.00,Medium,No,0.0,0.0,0.0,0.0,[],[],,
20260726_164425_DR VIJAY.pdf,Bank Statement,Receipt,20260213,Suspense,bank of baroda,Suspense,315.0,DIGITA-MUMBAI/ 315.00,Medium,No,0.0,0.0,0.0,0.0,[],[],,
20260726_164425_DR VIJAY.pdf,Bank Statement,Receipt,20260213,Suspense,bank of baroda,Suspense,321.0,DIGITA-MUMBAI/ 321.00,Medium,No,0.0,0.0,0.0,0.0,[],[],,
20260726_164425_DR VIJAY.pdf,Bank Statement,Receipt,20260213,Suspense,bank of baroda,Suspense,122.0,DIGITA-MUMBAI/ 122.00,Medium,No,0.0,0.0,0.0,0.0,[],[],,
20260726_164425_DR VIJAY.pdf,Bank Statement,Receipt,20260213,Suspense,bank of baroda,Suspense,259.0,DIGITA-MUMBAI/ 259.00,Medium,No,0.0,0.0,0.0,0.0,[],[],,
20260726_164425_DR VIJAY.pdf,Bank Statement,Receipt,20260213,Suspense,bank of baroda,Suspense,584.0,DIGITA-MUMBAI/ 584.00,Medium,No,0.0,0.0,0.0,0.0,[],[],,
20260726_164425_DR VIJAY.pdf,Bank Statement,Receipt,20260213,Suspense,bank of baroda,Suspense,406.0,DIGITA-MUMBAI/ 406.00,Medium,No,0.0,0.0,0.0,0.0,[],[],,
20260726_164425_DR VIJAY.pdf,Bank Statement,Receipt,20260213,Suspense,bank of baroda,Suspense,231.0,DIGITA-MUMBAI/ 231.00,Medium,No,0.0,0.0,0.0,0.0,[],[],,
20260726_164425_DR VIJAY.pdf,Bank Statement,Receipt,20260213,Suspense,bank of baroda,Suspense,940.0,DIGITA-MUMBAI/ 940.00,Medium,No,0.0,0.0,0.0,0.0,[],[],,
20260726_164425_DR VIJAY.pdf,Bank Statement,Receipt,20260213,Suspense,bank of baroda,Suspense,503.0,DIGITA-MUMBAI/ 503.00,Medium,No,0.0,0.0,0.0,0.0,[],[],,
20260726_164425_DR VIJAY.pdf,Bank Statement,Receipt,20260213,Suspense,bank of baroda,Suspense,1078.0,"DIGITA-MUMBAI/ 1,078.0",Medium,No,0.0,0.0,0.0,0.0,[],[],,
20260726_164425_DR VIJAY.pdf,Bank Statement,Receipt,20260213,Suspense,bank of baroda,Suspense,393.0,DIGITA-MUMBAI/ 393.00,Medium,No,0.0,0.0,0.0,0.0,[],[],,
20260726_164425_DR VIJAY.pdf,Bank Statement,Receipt,20260213,Suspense,bank of baroda,Suspense,664.0,DIGITA-MUMBAI/ 664.00,Medium,No,0.0,0.0,0.0,0.0,[],[],,
20260726_164425_DR VIJAY.pdf,Bank Statement,Receipt,20260213,Suspense,bank of baroda,Suspense,104.0,DIGITA-MUMBAI/ 104.00,Medium,No,0.0,0.0,0.0,0.0,[],[],,
20260726_164425_DR VIJAY.pdf,Bank Statement,Receipt,20260213,Suspense,bank of baroda,Suspense,1211.0,"DIGITA-MUMBAI/ 1,211.0",Medium,No,0.0,0.0,0.0,0.0,[],[],,
20260726_164425_DR VIJAY.pdf,Bank Statement,Receipt,20260213,Suspense,bank of baroda,Suspense,271.0,DIGITA-MUMBAI/ 271.00,Medium,No,0.0,0.0,0.0,0.0,[],[],,
20260726_164425_DR VIJAY.pdf,Bank Statement,Receipt,20260213,Suspense,bank of baroda,Suspense,250.0,DIGITA-MUMBAI/ 250.00,Medium,No,0.0,0.0,0.0,0.0,[],[],,
20260726_164425_DR VIJAY.pdf,Bank Statement,Receipt,20260213,Suspense,bank of baroda,Suspense,552.0,DIGITA-MUMBAI/ 552.00,Medium,No,0.0,0.0,0.0,0.0,[],[],,
20260726_164425_DR VIJAY.pdf,Bank Statement,Receipt,20260213,Suspense,bank of baroda,Suspense,517.0,DIGITA-MUMBAI/ 517.00,Medium,No,0.0,0.0,0.0,0.0,[],[],,
20260726_164425_DR VIJAY.pdf,Bank Statement,Receipt,20260213,Suspense,bank of baroda,Suspense,577.0,DIGITA-MUMBAI/ 577.00,Medium,No,0.0,0.0,0.0,0.0,[],[],,
20260726_164425_DR VIJAY.pdf,Bank Statement,Receipt,20260213,Suspense,bank of baroda,Suspense,540.0,DIGITA-MUMBAI/ 540.00,Medium,No,0.0,0.0,0.0,0.0,[],[],,
20260726_164425_DR VIJAY.pdf,Bank Statement,Receipt,20260213,Suspense,bank of baroda,Suspense,1593.0,"DIGITA-MUMBAI/ 1,593.0",Medium,No,0.0,0.0,0.0,0.0,[],[],,
20260726_164425_DR VIJAY.pdf,Bank Statement,Receipt,20260213,Suspense,bank of baroda,Suspense,457.0,DIGITA-MUMBAI/ 457.00,Medium,No,0.0,0.0,0.0,0.0,[],[],,
20260726_164425_DR VIJAY.pdf,Bank Statement,Receipt,20260213,Suspense,bank of baroda,Suspense,485.0,DIGITA-MUMBAI/ 485.00,Medium,No,0.0,0.0,0.0,0.0,[],[],,
20260726_164425_DR VIJAY.pdf,Bank Statement,Receipt,20260213,Suspense,bank of baroda,Suspense,275.0,DIGITA-MUMBAI/ 275.00,Medium,No,0.0,0.0,0.0,0.0,[],[],,
20260726_164425_DR VIJAY.pdf,Bank Statement,Receipt,20260213,Suspense,bank of baroda,Suspense,388.0,DIGITA-MUMBAI/ 207.00,Medium,No,0.0,0.0,0.0,0.0,[],[],,
20260726_164425_DR VIJAY.pdf,Bank Statement,Receipt,20260213,Suspense,bank of baroda,Suspense,580.0,DIGITA-MUMBAI/ 580.00,Medium,No,0.0,0.0,0.0,0.0,[],[],,
20260726_164425_DR VIJAY.pdf,Bank Statement,Receipt,20260213,Suspense,bank of baroda,Suspense,406.0,DIGITA-MUMBAI/ 406.00,Medium,No,0.0,0.0,0.0,0.0,[],[],,
20260726_164425_DR VIJAY.pdf,Bank Statement,Receipt,20260213,Suspense,bank of baroda,Suspense,215.0,DIGITA-MUMBAI/ 215.00,Medium,No,0.0,0.0,0.0,0.0,[],[],,
20260726_164425_DR VIJAY.pdf,Bank Statement,Receipt,20260213,Suspense,bank of baroda,Suspense,611.0,DIGITA-MUMBAI/ 611.00,Medium,No,0.0,0.0,0.0,0.0,[],[],,
20260726_164425_DR VIJAY.pdf,Bank Statement,Receipt,20260213,Suspense,bank of baroda,Suspense,645.0,DIGITA-MUMBAI/ 645.00,Medium,No,0.0,0.0,0.0,0.0,[],[],,
20260726_164425_DR VIJAY.pdf,Bank Statement,Receipt,20260213,Suspense,bank of baroda,Suspense,74.0,DIGITA-MUMBAI/ 74.00 1,Medium,No,0.0,0.0,0.0,0.0,[],[],,
20260726_164425_DR VIJAY.pdf,Bank Statement,Receipt,20260213,Suspense,bank of baroda,Suspense,645.0,DIGITA-MUMBAI/ 645.00,Medium,No,0.0,0.0,0.0,0.0,[],[],,
20260726_164425_DR VIJAY.pdf,Bank Statement,Receipt,20260213,Suspense,bank of baroda,Suspense,668.0,DIGITA-MUMBAI/ 668.00,Medium,No,0.0,0.0,0.0,0.0,[],[],,
20260726_164425_DR VIJAY.pdf,Bank Statement,Receipt,20260213,Suspense,bank of baroda,Suspense,457.0,DIGITA-MUMBAI/ 457.00,Medium,No,0.0,0.0,0.0,0.0,[],[],,
20260726_164425_DR VIJAY.pdf,Bank Statement,Receipt,20260213,Suspense,bank of baroda,Suspense,386.0,DIGITA-MUMBAI/ 386.00,Medium,No,0.0,0.0,0.0,0.0,[],[],,
20260726_164425_DR VIJAY.pdf,Bank Statement,Receipt,20260213,Suspense,bank of baroda,Suspense,336.0,DIGITA-MUMBAI/ 336.00,Medium,No,0.0,0.0,0.0,0.0,[],[],,
20260726_164425_DR VIJAY.pdf,Bank Statement,Receipt,20260213,Suspense,bank of baroda,Suspense,365.0,DIGITA-MUMBAI/ 365.00,Medium,No,0.0,0.0,0.0,0.0,[],[],,
20260726_164425_DR VIJAY.pdf,Bank Statement,Receipt,20260213,Suspense,bank of baroda,Suspense,429.0,DIGITA-MUMBAI/ 429.00,Medium,No,0.0,0.0,0.0,0.0,[],[],,
20260726_164425_DR VIJAY.pdf,Bank Statement,Receipt,20260213,Suspense,bank of baroda,Suspense,284.0,DIGITA-MUMBAI/ 284.00,Medium,No,0.0,0.0,0.0,0.0,[],[],,
20260726_164425_DR VIJAY.pdf,Bank Statement,Receipt,20260213,Suspense,bank of baroda,Suspense,558.0,DIGITA-MUMBAI/ 558.00,Medium,No,0.0,0.0,0.0,0.0,[],[],,
20260726_164425_DR VIJAY.pdf,Bank Statement,Receipt,20260213,Suspense,bank of baroda,Suspense,2954.0,"DIGITA-MUMBAI/ 2,954.0",Medium,No,0.0,0.0,0.0,0.0,[],[],,
20260726_164425_DR VIJAY.pdf,Bank Statement,Receipt,20260213,Suspense,bank of baroda,Suspense,336.0,DIGITA-MUMBAI/ 336.00,Medium,No,0.0,0.0,0.0,0.0,[],[],,
20260726_164425_DR VIJAY.pdf,Bank Statement,Receipt,20260213,Suspense,bank of baroda,Suspense,224.0,DIGITA-MUMBAI/ 224.00,Medium,No,0.0,0.0,0.0,0.0,[],[],,
20260726_164425_DR VIJAY.pdf,Bank Statement,Receipt,20260213,Suspense,bank of baroda,Suspense,666.0,DIGITA-MUMBAI/ 666.00,Medium,No,0.0,0.0,0.0,0.0,[],[],,
20260726_164425_DR VIJAY.pdf,Bank Statement,Receipt,20260213,Suspense,bank of baroda,Suspense,231.0,DIGITA-MUMBAI/ 231.00,Medium,No,0.0,0.0,0.0,0.0,[],[],,
20260726_164425_DR VIJAY.pdf,Bank Statement,Receipt,20260213,Suspense,bank of baroda,Suspense,555.0,DIGITA-MUMBAI/ 555.00,Medium,No,0.0,0.0,0.0,0.0,[],[],,
20260726_164425_DR VIJAY.pdf,Bank Statement,Receipt,20260213,Suspense,bank of baroda,Suspense,117.0,DIGITA-MUMBAI/ 117.00,Medium,No,0.0,0.0,0.0,0.0,[],[],,
20260726_164425_DR VIJAY.pdf,Bank Statement,Receipt,20260213,Suspense,bank of baroda,Suspense,624.0,DIGITA-MUMBAI/ 624.00,Medium,No,0.0,0.0,0.0,0.0,[],[],,
20260726_164425_DR VIJAY.pdf,Bank Statement,Receipt,20260213,Suspense,bank of baroda,Suspense,370.0,DIGITA-MUMBAI/ 370.00,Medium,No,0.0,0.0,0.0,0.0,[],[],,
20260726_164425_DR VIJAY.pdf,Bank Statement,Receipt,20260213,Suspense,bank of baroda,Suspense,552.0,DIGITA-MUMBAI/ 552.00,Medium,No,0.0,0.0,0.0,0.0,[],[],,
20260726_164425_DR VIJAY.pdf,Bank Statement,Receipt,20260213,Suspense,bank of baroda,Suspense,493.0,DIGITA-MUMBAI/ 493.00,Medium,No,0.0,0.0,0.0,0.0,[],[],,
20260726_164425_DR VIJAY.pdf,Bank Statement,Receipt,20260213,Suspense,bank of baroda,Suspense,287.0,DIGITA-MUMBAI/ 287.00,Medium,No,0.0,0.0,0.0,0.0,[],[],,
20260726_164425_DR VIJAY.pdf,Bank Statement,Receipt,20260213,Suspense,bank of baroda,Suspense,359.0,DIGITA-MUMBAI/ 359.00,Medium,No,0.0,0.0,0.0,0.0,[],[],,
20260726_164425_DR VIJAY.pdf,Bank Statement,Receipt,20260213,Suspense,bank of baroda,Suspense,649.0,DIGITA-MUMBAI/ 649.00,Medium,No,0.0,0.0,0.0,0.0,[],[],,
20260726_164425_DR VIJAY.pdf,Bank Statement,Receipt,20260213,Suspense,bank of baroda,Suspense,1171.0,"DIGITA-MUMBAI/ 1,171.0",Medium,No,0.0,0.0,0.0,0.0,[],[],,
20260726_164425_DR VIJAY.pdf,Bank Statement,Receipt,20260213,Suspense,bank of baroda,Suspense,403.0,DIGITA-MUMBAI/ 403.00,Medium,No,0.0,0.0,0.0,0.0,[],[],,
20260726_164425_DR VIJAY.pdf,Bank Statement,Receipt,20260213,Suspense,bank of baroda,Suspense,82.0,DIGITA-MUMBAI/ 82.00 1,Medium,No,0.0,0.0,0.0,0.0,[],[],,
20260726_164425_DR VIJAY.pdf,Bank Statement,Receipt,20260213,Suspense,bank of baroda,Suspense,626.0,DIGITA-MUMBAI/ 626.00,Medium,No,0.0,0.0,0.0,0.0,[],[],,
20260726_164425_DR VIJAY.pdf,Bank Statement,Payment,20260213,Suspense,Suspense,bank of baroda,100000.0,"MBK/6044697979 69797947 1,00,00",Medium,No,0.0,0.0,0.0,0.0,[],[],,
20260726_164425_DR VIJAY.pdf,Bank Statement,Receipt,20260216,Suspense,bank of baroda,Suspense,564.0,DIGITA-MUMBAI/ 564.00,Medium,No,0.0,0.0,0.0,0.0,[],[],,
20260726_164425_DR VIJAY.pdf,Bank Statement,Receipt,20260216,Suspense,bank of baroda,Suspense,940.0,DIGITA-MUMBAI/ 940.00,Medium,No,0.0,0.0,0.0,0.0,[],[],,
20260726_164425_DR VIJAY.pdf,Bank Statement,Receipt,20260216,Suspense,bank of baroda,Suspense,1480.0,"DIGITA-MUMBAI/ 1,480.0",Medium,No,0.0,0.0,0.0,0.0,[],[],,
20260726_164425_DR VIJAY.pdf,Bank Statement,Receipt,20260216,Suspense,bank of baroda,Suspense,2653.0,"DIGITA-MUMBAI/ 2,653.0",Medium,No,0.0,0.0,0.0,0.0,[],[],,
20260726_164425_DR VIJAY.pdf,Bank Statement,Receipt,20260216,Suspense,bank of baroda,Suspense,383.0,DIGITA-MUMBAI/ 383.00,Medium,No,0.0,0.0,0.0,0.0,[],[],,
20260726_164425_DR VIJAY.pdf,Bank Statement,Receipt,20260216,Suspense,bank of baroda,Suspense,705.0,DIGITA-MUMBAI/ 705.00,Medium,No,0.0,0.0,0.0,0.0,[],[],,
20260726_164425_DR VIJAY.pdf,Bank Statement,Receipt,20260216,Suspense,bank of baroda,Suspense,324.0,DIGITA-MUMBAI/ 324.00,Medium,No,0.0,0.0,0.0,0.0,[],[],,
20260726_164425_DR VIJAY.pdf,Bank Statement,Receipt,20260216,Suspense,bank of baroda,Suspense,139.0,DIGITA-MUMBAI/ 139.00,Medium,No,0.0,0.0,0.0,0.0,[],[],,
20260726_164425_DR VIJAY.pdf,Bank Statement,Receipt,20260216,Suspense,bank of baroda,Suspense,1187.0,"DIGITA-MUMBAI/ 1,187.0",Medium,No,0.0,0.0,0.0,0.0,[],[],,
20260726_164425_DR VIJAY.pdf,Bank Statement,Receipt,20260216,Suspense,bank of baroda,Suspense,676.0,DIGITA-MUMBAI/ 676.00,Medium,No,0.0,0.0,0.0,0.0,[],[],,
20260726_164425_DR VIJAY.pdf,Bank Statement,Receipt,20260216,Suspense,bank of baroda,Suspense,1148.0,"DIGITA-MUMBAI/ 1,148.0",Medium,No,0.0,0.0,0.0,0.0,[],[],,
20260726_164425_DR VIJAY.pdf,Bank Statement,Receipt,20260216,Suspense,bank of baroda,Suspense,3057.0,"DIGITA-MUMBAI/ 1,283.0",Medium,No,0.0,0.0,0.0,0.0,[],[],,
20260726_164425_DR VIJAY.pdf,Bank Statement,Receipt,20260216,Suspense,bank of baroda,Suspense,485.0,DIGITA-MUMBAI/ 485.00,Medium,No,0.0,0.0,0.0,0.0,[],[],,
20260726_164425_DR VIJAY.pdf,Bank Statement,Receipt,20260216,Suspense,bank of baroda,Suspense,252.0,DIGITA-MUMBAI/ 252.00,Medium,No,0.0,0.0,0.0,0.0,[],[],,
20260726_164425_DR VIJAY.pdf,Bank Statement,Receipt,20260216,Suspense,bank of baroda,Suspense,1549.0,"DIGITA-MUMBAI/ 1,549.0",Medium,No,0.0,0.0,0.0,0.0,[],[],,
20260726_164425_DR VIJAY.pdf,Bank Statement,Receipt,20260216,Suspense,bank of baroda,Suspense,1648.0,"DIGITA-MUMBAI/ 1,648.0",Medium,No,0.0,0.0,0.0,0.0,[],[],,
20260726_164425_DR VIJAY.pdf,Bank Statement,Receipt,20260216,Suspense,bank of baroda,Suspense,1315.0,"DIGITA-MUMBAI/ 1,315.0",Medium,No,0.0,0.0,0.0,0.0,[],[],,
20260726_164425_DR VIJAY.pdf,Bank Statement,Receipt,20260216,Suspense,bank of baroda,Suspense,1283.0,"DIGITA-MUMBAI/ 1,283.0",Medium,No,0.0,0.0,0.0,0.0,[],[],,
20260726_164425_DR VIJAY.pdf,Bank Statement,Receipt,20260216,Suspense,bank of baroda,Suspense,802.0,DIGITA-MUMBAI/ 802.00,Medium,No,0.0,0.0,0.0,0.0,[],[],,
20260726_164425_DR VIJAY.pdf,Bank Statement,Receipt,20260216,Suspense,bank of baroda,Suspense,1012.0,"DIGITA-MUMBAI/ 1,012.0",Medium,No,0.0,0.0,0.0,0.0,[],[],,
20260726_164425_DR VIJAY.pdf,Bank Statement,Receipt,20260216,Suspense,bank of baroda,Suspense,1103.0,"DIGITA-MUMBAI/ 1,103.0",Medium,No,0.0,0.0,0.0,0.0,[],[],,
20260726_164425_DR VIJAY.pdf,Bank Statement,Receipt,20260216,Suspense,bank of baroda,Suspense,1172.0,"DIGITA-MUMBAI/ 1,172.0",Medium,No,0.0,0.0,0.0,0.0,[],[],,
20260726_164425_DR VIJAY.pdf,Bank Statement,Receipt,20260216,Suspense,bank of baroda,Suspense,2125.0,"DIGITA-MUMBAI/ 2,125.0",Medium,No,0.0,0.0,0.0,0.0,[],[],,
20260726_164425_DR VIJAY.pdf,Bank Statement,Receipt,20260216,Suspense,bank of baroda,Suspense,980.0,DIGITA-MUMBAI/ 980.00,Medium,No,0.0,0.0,0.0,0.0,[],[],,
20260726_164425_DR VIJAY.pdf,Bank Statement,Receipt,20260216,Suspense,bank of baroda,Suspense,1246.0,"DIGITA-MUMBAI/ 1,246.0",Medium,No,0.0,0.0,0.0,0.0,[],[],,
20260726_164425_DR VIJAY.pdf,Bank Statement,Receipt,20260216,Suspense,bank of baroda,Suspense,906.0,DIGITA-MUMBAI/ 906.00,Medium,No,0.0,0.0,0.0,0.0,[],[],,
20260726_164425_DR VIJAY.pdf,Bank Statement,Receipt,20260216,Suspense,bank of baroda,Suspense,1674.0,"DIGITA-MUMBAI/ 1,674.0",Medium,No,0.0,0.0,0.0,0.0,[],[],,
20260726_164425_DR VIJAY.pdf,Bank Statement,Receipt,20260216,Suspense,bank of baroda,Suspense,2763.0,"DIGITA-MUMBAI/ 2,763.0",Medium,No,0.0,0.0,0.0,0.0,[],[],,
20260726_164425_DR VIJAY.pdf,Bank Statement,Receipt,20260216,Suspense,bank of baroda,Suspense,1107.0,"DIGITA-MUMBAI/ 1,107.0",Medium,No,0.0,0.0,0.0,0.0,[],[],,
20260726_164425_DR VIJAY.pdf,Bank Statement,Receipt,20260216,Suspense,bank of baroda,Suspense,1103.0,"DIGITA-MUMBAI/ 1,103.0",Medium,No,0.0,0.0,0.0,0.0,[],[],,
20260726_164425_DR VIJAY.pdf,Bank Statement,Receipt,20260216,Suspense,bank of baroda,Suspense,514.0,DIGITA-MUMBAI/ 514.00,Medium,No,0.0,0.0,0.0,0.0,[],[],,
20260726_164425_DR VIJAY.pdf,Bank Statement,Receipt,20260216,Suspense,bank of baroda,Suspense,1285.0,"DIGITA-MUMBAI/ 1,285.0",Medium,No,0.0,0.0,0.0,0.0,[],[],,
20260726_164425_DR VIJAY.pdf,Bank Statement,Receipt,20260216,Suspense,bank of baroda,Suspense,3423.0,"DIGITA-MUMBAI/ 3,423.0",Medium,No,0.0,0.0,0.0,0.0,[],[],,
20260726_164425_DR VIJAY.pdf,Bank Statement,Receipt,20260216,Suspense,bank of baroda,Suspense,949.0,DIGITA-MUMBAI/ 949.00,Medium,No,0.0,0.0,0.0,0.0,[],[],,
20260726_164425_DR VIJAY.pdf,Bank Statement,Receipt,20260216,Suspense,bank of baroda,Suspense,2348.0,"DIGITA-MUMBAI/ 2,348.0",Medium,No,0.0,0.0,0.0,0.0,[],[],,
20260726_164425_DR VIJAY.pdf,Bank Statement,Receipt,20260216,Suspense,bank of baroda,Suspense,468.0,DIGITA-MUMBAI/ 468.00,Medium,No,0.0,0.0,0.0,0.0,[],[],,
20260726_164425_DR VIJAY.pdf,Bank Statement,Receipt,20260216,Suspense,bank of baroda,Suspense,413.0,DIGITA-MUMBAI/ 413.00,Medium,No,0.0,0.0,0.0,0.0,[],[],,
20260726_164425_DR VIJAY.pdf,Bank Statement,Receipt,20260216,Suspense,bank of baroda,Suspense,1103.0,"DIGITA-MUMBAI/ 1,103.0",Medium,No,0.0,0.0,0.0,0.0,[],[],,
20260726_164425_DR VIJAY.pdf,Bank Statement,Receipt,20260216,Suspense,bank of baroda,Suspense,2828.0,"DIGITA-MUMBAI/ 2,828.0",Medium,No,0.0,0.0,0.0,0.0,[],[],,
20260726_164425_DR VIJAY.pdf,Bank Statement,Receipt,20260216,Suspense,bank of baroda,Suspense,2219.0,"DIGITA-MUMBAI/ 2,219.0",Medium,No,0.0,0.0,0.0,0.0,[],[],,
20260726_164425_DR VIJAY.pdf,Bank Statement,Receipt,20260216,Suspense,bank of baroda,Suspense,780.0,DIGITA-MUMBAI/ 780.00,Medium,No,0.0,0.0,0.0,0.0,[],[],,
20260726_164425_DR VIJAY.pdf,Bank Statement,Receipt,20260216,Suspense,bank of baroda,Suspense,422.0,DIGITA-MUMBAI/ 422.00,Medium,No,0.0,0.0,0.0,0.0,[],[],,
20260726_164425_DR VIJAY.pdf,Bank Statement,Receipt,20260216,Suspense,bank of baroda,Suspense,1440.0,"DIGITA-MUMBAI/ 1,440.0",Medium,No,0.0,0.0,0.0,0.0,[],[],,
20260726_164425_DR VIJAY.pdf,Bank Statement,Receipt,20260216,Suspense,bank of baroda,Suspense,1346.0,"DIGITA-MUMBAI/ 1,346.0",Medium,No,0.0,0.0,0.0,0.0,[],[],,
20260726_164425_DR VIJAY.pdf,Bank Statement,Receipt,20260216,Suspense,bank of baroda,Suspense,2251.0,"DIGITA-MUMBAI/ 2,251.0",Medium,No,0.0,0.0,0.0,0.0,[],[],,
20260726_164425_DR VIJAY.pdf,Bank Statement,Receipt,20260216,Suspense,bank of baroda,Suspense,2418.0,"DIGITA-MUMBAI/ 2,418.0",Medium,No,0.0,0.0,0.0,0.0,[],[],,
20260726_164425_DR VIJAY.pdf,Bank Statement,Receipt,20260216,Suspense,bank of baroda,Suspense,1172.0,"DIGITA-MUMBAI/ 1,172.0",Medium,No,0.0,0.0,0.0,0.0,[],[],,
20260726_164425_DR VIJAY.pdf,Bank Statement,Receipt,20260216,Suspense,bank of baroda,Suspense,83.0,DIGITA-MUMBAI/ 83.00 1,Medium,No,0.0,0.0,0.0,0.0,[],[],,
20260726_164425_DR VIJAY.pdf,Bank Statement,Receipt,20260216,Suspense,bank of baroda,Suspense,1107.0,"DIGITA-MUMBAI/ 1,107.0",Medium,No,0.0,0.0,0.0,0.0,[],[],,
20260726_164425_DR VIJAY.pdf,Bank Statement,Receipt,20260216,Suspense,bank of baroda,Suspense,693.0,DIGITA-MUMBAI/ 693.00,Medium,No,0.0,0.0,0.0,0.0,[],[],,
20260726_164425_DR VIJAY.pdf,Bank Statement,Receipt,20260216,Suspense,bank of baroda,Suspense,466.0,DIGITA-MUMBAI/ 466.00,Medium,No,0.0,0.0,0.0,0.0,[],[],,
20260726_164425_DR VIJAY.pdf,Bank Statement,Receipt,20260216,Suspense,bank of baroda,Suspense,107.0,DIGITA-MUMBAI/ 107.00,Medium,No,0.0,0.0,0.0,0.0,[],[],,
20260726_164425_DR VIJAY.pdf,Bank Statement,Receipt,20260216,Suspense,bank of baroda,Suspense,788.0,DIGITA-MUMBAI/ 788.00,Medium,No,0.0,0.0,0.0,0.0,[],[],,
20260726_164425_DR VIJAY.pdf,Bank Statement,Receipt,20260216,Suspense,bank of baroda,Suspense,1217.0,"DIGITA-MUMBAI/ 1,217.0",Medium,No,0.0,0.0,0.0,0.0,[],[],,
20260726_164425_DR VIJAY.pdf,Bank Statement,Receipt,20260216,Suspense,bank of baroda,Suspense,222.0,DIGITA-MUMBAI/ 222.00,Medium,No,0.0,0.0,0.0,0.0,[],[],,
20260726_164425_DR VIJAY.pdf,Bank Statement,Receipt,20260216,Suspense,bank of baroda,Suspense,90.0,DIGITA-MUMBAI/ 90.00 1,Medium,No,0.0,0.0,0.0,0.0,[],[],,
20260726_164425_DR VIJAY.pdf,Bank Statement,Receipt,20260216,Suspense,bank of baroda,Suspense,715.0,DIGITA-MUMBAI/ 715.00,Medium,No,0.0,0.0,0.0,0.0,[],[],,
20260726_164425_DR VIJAY.pdf,Bank Statement,Receipt,20260216,Suspense,bank of baroda,Suspense,1856.0,"DIGITA-MUMBAI/ 1,078.0",Medium,No,0.0,0.0,0.0,0.0,[],[],,
20260726_164425_DR VIJAY.pdf,Bank Statement,Receipt,20260216,Suspense,bank of baroda,Suspense,252.0,DIGITA-MUMBAI/ 252.00,Medium,No,0.0,0.0,0.0,0.0,[],[],,
20260726_164425_DR VIJAY.pdf,Bank Statement,Receipt,20260216,Suspense,bank of baroda,Suspense,1740.0,"DIGITA-MUMBAI/ 1,740.0",Medium,No,0.0,0.0,0.0,0.0,[],[],,
20260726_164425_DR VIJAY.pdf,Bank Statement,Receipt,20260216,Suspense,bank of baroda,Suspense,1403.0,"DIGITA-MUMBAI/ 1,403.0",Medium,No,0.0,0.0,0.0,0.0,[],[],,
20260726_164425_DR VIJAY.pdf,Bank Statement,Receipt,20260216,Suspense,bank of baroda,Suspense,1984.0,"DIGITA-MUMBAI/ 1,984.0",Medium,No,0.0,0.0,0.0,0.0,[],[],,
20260726_164425_DR VIJAY.pdf,Bank Statement,Receipt,20260216,Suspense,bank of baroda,Suspense,910.0,DIGITA-MUMBAI/ 910.00,Medium,No,0.0,0.0,0.0,0.0,[],[],,
20260726_164425_DR VIJAY.pdf,Bank Statement,Receipt,20260216,Suspense,bank of baroda,Suspense,1867.0,"DIGITA-MUMBAI/ 1,867.0",Medium,No,0.0,0.0,0.0,0.0,[],[],,
20260726_164425_DR VIJAY.pdf,Bank Statement,Receipt,20260216,Suspense,bank of baroda,Suspense,1103.0,"DIGITA-MUMBAI/ 1,103.0",Medium,No,0.0,0.0,0.0,0.0,[],[],,
20260726_164425_DR VIJAY.pdf,Bank Statement,Receipt,20260216,Suspense,bank of baroda,Suspense,1576.0,"DIGITA-MUMBAI/ 1,576.0",Medium,No,0.0,0.0,0.0,0.0,[],[],,
20260726_164425_DR VIJAY.pdf,Bank Statement,Receipt,20260216,Suspense,bank of baroda,Suspense,184.0,DIGITA-MUMBAI/ 184.00,Medium,No,0.0,0.0,0.0,0.0,[],[],,
20260726_164425_DR VIJAY.pdf,Bank Statement,Receipt,20260216,Suspense,bank of baroda,Suspense,1650.0,"DIGITA-MUMBAI/ 1,650.0",Medium,No,0.0,0.0,0.0,0.0,[],[],,
20260726_164425_DR VIJAY.pdf,Bank Statement,Receipt,20260216,Suspense,bank of baroda,Suspense,1194.0,"DIGITA-MUMBAI/ 1,194.0",Medium,No,0.0,0.0,0.0,0.0,[],[],,
20260726_164425_DR VIJAY.pdf,Bank Statement,Receipt,20260216,Suspense,bank of baroda,Suspense,2439.0,"DIGITA-MUMBAI/ 2,439.0",Medium,No,0.0,0.0,0.0,0.0,[],[],,
20260726_164425_DR VIJAY.pdf,Bank Statement,Receipt,20260216,Suspense,bank of baroda,Suspense,2536.0,"DIGITA-MUMBAI/ 2,536.0",Medium,No,0.0,0.0,0.0,0.0,[],[],,
20260726_164425_DR VIJAY.pdf,Bank Statement,Receipt,20260216,Suspense,bank of baroda,Suspense,207.0,DIGITA-MUMBAI/ 207.00,Medium,No,0.0,0.0,0.0,0.0,[],[],,
20260726_164425_DR VIJAY.pdf,Bank Statement,Receipt,20260216,Suspense,bank of baroda,Suspense,3021.0,"DIGITA-MUMBAI/ 3,021.0",Medium,No,0.0,0.0,0.0,0.0,[],[],,
20260726_164425_DR VIJAY.pdf,Bank Statement,Receipt,20260216,Suspense,bank of baroda,Suspense,530.0,DIGITA-MUMBAI/ 530.00,Medium,No,0.0,0.0,0.0,0.0,[],[],,
20260726_164425_DR VIJAY.pdf,Bank Statement,Receipt,20260216,Suspense,bank of baroda,Suspense,1194.0,"DIGITA-MUMBAI/ 1,194.0",Medium,No,0.0,0.0,0.0,0.0,[],[],,
20260726_164425_DR VIJAY.pdf,Bank Statement,Receipt,20260216,Suspense,bank of baroda,Suspense,1103.0,"DIGITA-MUMBAI/ 1,103.0",Medium,No,0.0,0.0,0.0,0.0,[],[],,
20260726_164425_DR VIJAY.pdf,Bank Statement,Receipt,20260216,Suspense,bank of baroda,Suspense,1827.0,"DIGITA-MUMBAI/ 1,827.0",Medium,No,0.0,0.0,0.0,0.0,[],[],,
20260726_164425_DR VIJAY.pdf,Bank Statement,Receipt,20260216,Suspense,bank of baroda,Suspense,1249.0,"DIGITA-MUMBAI/ 1,249.0",Medium,No,0.0,0.0,0.0,0.0,[],[],,
20260726_164425_DR VIJAY.pdf,Bank Statement,Receipt,20260216,Suspense,bank of baroda,Suspense,1667.0,"DIGITA-MUMBAI/ 1,667.0",Medium,No,0.0,0.0,0.0,0.0,[],[],,
20260726_164425_DR VIJAY.pdf,Bank Statement,Receipt,20260216,Suspense,bank of baroda,Suspense,1649.0,"DIGITA-MUMBAI/ 1,649.0",Medium,No,0.0,0.0,0.0,0.0,[],[],,
20260726_164425_DR VIJAY.pdf,Bank Statement,Receipt,20260216,Suspense,bank of baroda,Suspense,568.0,DIGITA-MUMBAI/ 568.00,Medium,No,0.0,0.0,0.0,0.0,[],[],,
20260726_164425_DR VIJAY.pdf,Bank Statement,Receipt,20260216,Suspense,bank of baroda,Suspense,1104.0,"DIGITA-MUMBAI/ 1,104.0",Medium,No,0.0,0.0,0.0,0.0,[],[],,
20260726_164425_DR VIJAY.pdf,Bank Statement,Receipt,20260216,Suspense,bank of baroda,Suspense,545.0,DIGITA-MUMBAI/ 545.00,Medium,No,0.0,0.0,0.0,0.0,[],[],,
20260726_164425_DR VIJAY.pdf,Bank Statement,Receipt,20260216,Suspense,bank of baroda,Suspense,698.0,DIGITA-MUMBAI/ 698.00,Medium,No,0.0,0.0,0.0,0.0,[],[],,
20260726_164425_DR VIJAY.pdf,Bank Statement,Receipt,20260216,Suspense,bank of baroda,Suspense,1652.0,"DIGITA-MUMBAI/ 1,652.0",Medium,No,0.0,0.0,0.0,0.0,[],[],,
20260726_164425_DR VIJAY.pdf,Bank Statement,Receipt,20260216,Suspense,bank of baroda,Suspense,2251.0,"DIGITA-MUMBAI/ 2,251.0",Medium,No,0.0,0.0,0.0,0.0,[],[],,
20260726_164425_DR VIJAY.pdf,Bank Statement,Receipt,20260216,Suspense,bank of baroda,Suspense,1576.0,"DIGITA-MUMBAI/ 1,576.0",Medium,No,0.0,0.0,0.0,0.0,[],[],,
20260726_164425_DR VIJAY.pdf,Bank Statement,Receipt,20260216,Suspense,bank of baroda,Suspense,2348.0,"DIGITA-MUMBAI/ 2,348.0",Medium,No,0.0,0.0,0.0,0.0,[],[],,
20260726_164425_DR VIJAY.pdf,Bank Statement,Receipt,20260216,Suspense,bank of baroda,Suspense,2733.0,"DIGITA-MUMBAI/ 2,733.0",Medium,No,0.0,0.0,0.0,0.0,[],[],,
20260726_164425_DR VIJAY.pdf,Bank Statement,Receipt,20260216,Suspense,bank of baroda,Suspense,703.0,DIGITA-MUMBAI/ 703.00,Medium,No,0.0,0.0,0.0,0.0,[],[],,
20260726_164425_DR VIJAY.pdf,Bank Statement,Receipt,20260216,Suspense,bank of baroda,Suspense,708.0,DIGITA-MUMBAI/ 708.00,Medium,No,0.0,0.0,0.0,0.0,[],[],,
20260726_164425_DR VIJAY.pdf,Bank Statement,Receipt,20260216,Suspense,bank of baroda,Suspense,568.0,DIGITA-MUMBAI/ 568.00,Medium,No,0.0,0.0,0.0,0.0,[],[],,
20260726_164425_DR VIJAY.pdf,Bank Statement,Payment,20260216,Suspense,Suspense,bank of baroda,100000.0,"MBK/6047927835 92783576 1,00,00",Medium,No,0.0,0.0,0.0,0.0,[],[],,
20260726_164425_DR VIJAY.pdf,Bank Statement,Payment,20260217,Suspense,Suspense,bank of baroda,15000.0,"SERJAI-JAIPUR/ 000455 15,000.",Medium,No,0.0,0.0,0.0,0.0,[],[],,
20260726_164425_DR VIJAY.pdf,Bank Statement,Payment,20260218,Suspense,Suspense,bank of baroda,12809.0,"RAIAJM-AJMER/G 457 12,809.",Medium,No,0.0,0.0,0.0,0.0,[],[],,
20260726_164425_DR VIJAY.pdf,Bank Statement,Payment,20260218,Suspense,Suspense,bank of baroda,20000.0,"SERJAI-JAIPUR/ 000456 20,000.",Medium,No,0.0,0.0,0.0,0.0,[],[],,
20260726_164425_DR VIJAY.pdf,Bank Statement,Payment,20260221,Suspense,Suspense,bank of baroda,0.71,SMS Charges 0.71 14,Medium,No,0.0,0.0,0.0,0.0,[],[],,
20260726_164425_DR VIJAY.pdf,Bank Statement,Payment,20260228,Suspense,Suspense,bank of baroda,4212.0,"Loan Recovery 4,212.0",Medium,No,0.0,0.0,0.0,0.0,[],[],,
20260726_164425_DR VIJAY.pdf,Bank Statement,Receipt,20260312,Suspense,bank of baroda,Suspense,360000.0,"RTGS-HDFCR5202 3,60,00",Medium,No,0.0,0.0,0.0,0.0,[],[],,
20260726_164425_DR VIJAY.pdf,Bank Statement,Payment,20260316,Suspense,Suspense,bank of baroda,360000.0,"DEEPAK 459 3,60,00",Medium,No,0.0,0.0,0.0,0.0,[],[],,
20260726_164425_DR VIJAY.pdf,Bank Statement,Receipt,20260323,Suspense,bank of baroda,Suspense,168.0,DIGITA-MUMBAI/ 168.00,Medium,No,0.0,0.0,0.0,0.0,[],[],,
20260726_164425_DR VIJAY.pdf,Bank Statement,Receipt,20260323,Suspense,bank of baroda,Suspense,2160.0,"DIGITA-MUMBAI/ 2,160.0",Medium,No,0.0,0.0,0.0,0.0,[],[],,
20260726_164425_DR VIJAY.pdf,Bank Statement,Receipt,20260323,Suspense,bank of baroda,Suspense,1201.0,"DIGITA-MUMBAI/ 1,201.0",Medium,No,0.0,0.0,0.0,0.0,[],[],,
20260726_164425_DR VIJAY.pdf,Bank Statement,Receipt,20260323,Suspense,bank of baroda,Suspense,568.0,DIGITA-MUMBAI/ 568.00,Medium,No,0.0,0.0,0.0,0.0,[],[],,
20260726_164425_DR VIJAY.pdf,Bank Statement,Receipt,20260323,Suspense,bank of baroda,Suspense,2117.0,"DIGITA-MUMBAI/ 2,117.0",Medium,No,0.0,0.0,0.0,0.0,[],[],,
20260726_164425_DR VIJAY.pdf,Bank Statement,Receipt,20260323,Suspense,bank of baroda,Suspense,1172.0,"DIGITA-MUMBAI/ 1,172.0",Medium,No,0.0,0.0,0.0,0.0,[],[],,
20260726_164425_DR VIJAY.pdf,Bank Statement,Receipt,20260323,Suspense,bank of baroda,Suspense,1066.0,"DIGITA-MUMBAI/ 1,066.0",Medium,No,0.0,0.0,0.0,0.0,[],[],,
20260726_164425_DR VIJAY.pdf,Bank Statement,Receipt,20260323,Suspense,bank of baroda,Suspense,1025.0,"DIGITA-MUMBAI/ 1,025.0",Medium,No,0.0,0.0,0.0,0.0,[],[],,
20260726_164425_DR VIJAY.pdf,Bank Statement,Receipt,20260323,Suspense,bank of baroda,Suspense,859.0,DIGITA-MUMBAI/ 859.00,Medium,No,0.0,0.0,0.0,0.0,[],[],,
20260726_164425_DR VIJAY.pdf,Bank Statement,Receipt,20260323,Suspense,bank of baroda,Suspense,1950.0,"DIGITA-MUMBAI/ 1,950.0",Medium,No,0.0,0.0,0.0,0.0,[],[],,
20260726_164425_DR VIJAY.pdf,Bank Statement,Receipt,20260323,Suspense,bank of baroda,Suspense,1172.0,"DIGITA-MUMBAI/ 1,172.0",Medium,No,0.0,0.0,0.0,0.0,[],[],,
20260726_164425_DR VIJAY.pdf,Bank Statement,Receipt,20260323,Suspense,bank of baroda,Suspense,1217.0,"DIGITA-MUMBAI/ 1,217.0",Medium,No,0.0,0.0,0.0,0.0,[],[],,
20260726_164425_DR VIJAY.pdf,Bank Statement,Receipt,20260323,Suspense,bank of baroda,Suspense,1087.0,"DIGITA-MUMBAI/ 1,087.0",Medium,No,0.0,0.0,0.0,0.0,[],[],,
20260726_164425_DR VIJAY.pdf,Bank Statement,Receipt,20260323,Suspense,bank of baroda,Suspense,1561.0,"DIGITA-MUMBAI/ 1,561.0",Medium,No,0.0,0.0,0.0,0.0,[],[],,
20260726_164425_DR VIJAY.pdf,Bank Statement,Receipt,20260323,Suspense,bank of baroda,Suspense,460.0,DIGITA-MUMBAI/ 460.00,Medium,No,0.0,0.0,0.0,0.0,[],[],,
20260726_164425_DR VIJAY.pdf,Bank Statement,Receipt,20260323,Suspense,bank of baroda,Suspense,1132.0,"DIGITA-MUMBAI/ 1,132.0",Medium,No,0.0,0.0,0.0,0.0,[],[],,
20260726_164425_DR VIJAY.pdf,Bank Statement,Receipt,20260323,Suspense,bank of baroda,Suspense,2114.0,"DIGITA-MUMBAI/ 2,114.0",Medium,No,0.0,0.0,0.0,0.0,[],[],,
20260726_164425_DR VIJAY.pdf,Bank Statement,Receipt,20260323,Suspense,bank of baroda,Suspense,1323.0,"DIGITA-MUMBAI/ 1,323.0",Medium,No,0.0,0.0,0.0,0.0,[],[],,
20260726_164425_DR VIJAY.pdf,Bank Statement,Receipt,20260323,Suspense,bank of baroda,Suspense,1187.0,"DIGITA-MUMBAI/ 1,187.0",Medium,No,0.0,0.0,0.0,0.0,[],[],,
20260726_164425_DR VIJAY.pdf,Bank Statement,Receipt,20260323,Suspense,bank of baroda,Suspense,3139.0,DIGITA-MUMBAI/ 284.00,Medium,No,0.0,0.0,0.0,0.0,[],[],,
20260726_164425_DR VIJAY.pdf,Bank Statement,Receipt,20260323,Suspense,bank of baroda,Suspense,1242.0,"DIGITA-MUMBAI/ 1,242.0",Medium,No,0.0,0.0,0.0,0.0,[],[],,
20260726_164425_DR VIJAY.pdf,Bank Statement,Receipt,20260323,Suspense,bank of baroda,Suspense,1217.0,"DIGITA-MUMBAI/ 1,217.0",Medium,No,0.0,0.0,0.0,0.0,[],[],,
20260726_164425_DR VIJAY.pdf,Bank Statement,Receipt,20260323,Suspense,bank of baroda,Suspense,1010.0,"DIGITA-MUMBAI/ 1,010.0",Medium,No,0.0,0.0,0.0,0.0,[],[],,
20260726_164425_DR VIJAY.pdf,Bank Statement,Receipt,20260323,Suspense,bank of baroda,Suspense,550.0,DIGITA-MUMBAI/ 550.00,Medium,No,0.0,0.0,0.0,0.0,[],[],,
20260726_164425_DR VIJAY.pdf,Bank Statement,Receipt,20260323,Suspense,bank of baroda,Suspense,1357.0,"DIGITA-MUMBAI/ 1,357.0",Medium,No,0.0,0.0,0.0,0.0,[],[],,
20260726_164425_DR VIJAY.pdf,Bank Statement,Receipt,20260323,Suspense,bank of baroda,Suspense,1201.0,"DIGITA-MUMBAI/ 1,201.0",Medium,No,0.0,0.0,0.0,0.0,[],[],,
20260726_164425_DR VIJAY.pdf,Bank Statement,Receipt,20260323,Suspense,bank of baroda,Suspense,1144.0,"DIGITA-MUMBAI/ 1,144.0",Medium,No,0.0,0.0,0.0,0.0,[],[],,
20260726_164425_DR VIJAY.pdf,Bank Statement,Receipt,20260323,Suspense,bank of baroda,Suspense,715.0,DIGITA-MUMBAI/ 715.00,Medium,No,0.0,0.0,0.0,0.0,[],[],,
20260726_164425_DR VIJAY.pdf,Bank Statement,Payment,20260324,Suspense,Suspense,bank of baroda,0.94,SMS Charges 0.94 45,Medium,No,0.0,0.0,0.0,0.0,[],[],,
20260726_164425_DR VIJAY.pdf,Bank Statement,Receipt,20260324,Suspense,bank of baroda,Suspense,1924.0,"DIGITA-MUMBAI/ 1,924.0",Medium,No,0.0,0.0,0.0,0.0,[],[],,
20260726_164425_DR VIJAY.pdf,Bank Statement,Receipt,20260324,Suspense,bank of baroda,Suspense,600.0,DIGITA-MUMBAI/ 600.00,Medium,No,0.0,0.0,0.0,0.0,[],[],,
20260726_164425_DR VIJAY.pdf,Bank Statement,Receipt,20260324,Suspense,bank of baroda,Suspense,2640.0,"DIGITA-MUMBAI/ 2,640.0",Medium,No,0.0,0.0,0.0,0.0,[],[],,
20260726_164425_DR VIJAY.pdf,Bank Statement,Receipt,20260324,Suspense,bank of baroda,Suspense,1078.0,"DIGITA-MUMBAI/ 1,078.0",Medium,No,0.0,0.0,0.0,0.0,[],[],,
20260726_164425_DR VIJAY.pdf,Bank Statement,Receipt,20260324,Suspense,bank of baroda,Suspense,3376.0,"DIGITA-MUMBAI/ 3,376.0",Medium,No,0.0,0.0,0.0,0.0,[],[],,
20260726_164425_DR VIJAY.pdf,Bank Statement,Receipt,20260324,Suspense,bank of baroda,Suspense,1188.0,"DIGITA-MUMBAI/ 1,188.0",Medium,No,0.0,0.0,0.0,0.0,[],[],,
20260726_164425_DR VIJAY.pdf,Bank Statement,Receipt,20260324,Suspense,bank of baroda,Suspense,1107.0,"DIGITA-MUMBAI/ 1,107.0",Medium,No,0.0,0.0,0.0,0.0,[],[],,
20260726_164425_DR VIJAY.pdf,Bank Statement,Receipt,20260324,Suspense,bank of baroda,Suspense,767.0,DIGITA-MUMBAI/ 767.00,Medium,No,0.0,0.0,0.0,0.0,[],[],,
20260726_164425_DR VIJAY.pdf,Bank Statement,Receipt,20260324,Suspense,bank of baroda,Suspense,1107.0,"DIGITA-MUMBAI/ 1,107.0",Medium,No,0.0,0.0,0.0,0.0,[],[],,
20260726_164425_DR VIJAY.pdf,Bank Statement,Receipt,20260324,Suspense,bank of baroda,Suspense,2386.0,"DIGITA-MUMBAI/ 2,386.0",Medium,No,0.0,0.0,0.0,0.0,[],[],,
20260726_164425_DR VIJAY.pdf,Bank Statement,Receipt,20260324,Suspense,bank of baroda,Suspense,643.0,DIGITA-MUMBAI/ 643.00,Medium,No,0.0,0.0,0.0,0.0,[],[],,
20260726_164425_DR VIJAY.pdf,Bank Statement,Receipt,20260324,Suspense,bank of baroda,Suspense,615.0,DIGITA-MUMBAI/ 615.00,Medium,No,0.0,0.0,0.0,0.0,[],[],,
20260726_164425_DR VIJAY.pdf,Bank Statement,Receipt,20260324,Suspense,bank of baroda,Suspense,492.0,DIGITA-MUMBAI/ 492.00,Medium,No,0.0,0.0,0.0,0.0,[],[],,
20260726_164425_DR VIJAY.pdf,Bank Statement,Receipt,20260324,Suspense,bank of baroda,Suspense,828.0,DIGITA-MUMBAI/ 828.00,Medium,No,0.0,0.0,0.0,0.0,[],[],,
20260726_164425_DR VIJAY.pdf,Bank Statement,Receipt,20260324,Suspense,bank of baroda,Suspense,672.0,DIGITA-MUMBAI/ 672.00,Medium,No,0.0,0.0,0.0,0.0,[],[],,
20260726_164425_DR VIJAY.pdf,Bank Statement,Receipt,20260324,Suspense,bank of baroda,Suspense,1445.0,"DIGITA-MUMBAI/ 1,445.0",Medium,No,0.0,0.0,0.0,0.0,[],[],,
20260726_164425_DR VIJAY.pdf,Bank Statement,Receipt,20260324,Suspense,bank of baroda,Suspense,1509.0,"DIGITA-MUMBAI/ 1,509.0",Medium,No,0.0,0.0,0.0,0.0,[],[],,
20260726_164425_DR VIJAY.pdf,Bank Statement,Receipt,20260324,Suspense,bank of baroda,Suspense,1209.0,"DIGITA-MUMBAI/ 1,209.0",Medium,No,0.0,0.0,0.0,0.0,[],[],,
20260726_164425_DR VIJAY.pdf,Bank Statement,Receipt,20260324,Suspense,bank of baroda,Suspense,2752.0,"DIGITA-MUMBAI/ 2,752.0",Medium,No,0.0,0.0,0.0,0.0,[],[],,
20260726_164425_DR VIJAY.pdf,Bank Statement,Receipt,20260324,Suspense,bank of baroda,Suspense,1194.0,"DIGITA-MUMBAI/ 1,194.0",Medium,No,0.0,0.0,0.0,0.0,[],[],,
20260726_164425_DR VIJAY.pdf,Bank Statement,Receipt,20260324,Suspense,bank of baroda,Suspense,697.0,DIGITA-MUMBAI/ 697.00,Medium,No,0.0,0.0,0.0,0.0,[],[],,
20260726_164425_DR VIJAY.pdf,Bank Statement,Receipt,20260324,Suspense,bank of baroda,Suspense,442.0,DIGITA-MUMBAI/ 442.00,Medium,No,0.0,0.0,0.0,0.0,[],[],,
20260726_164425_DR VIJAY.pdf,Bank Statement,Receipt,20260324,Suspense,bank of baroda,Suspense,600.0,DIGITA-MUMBAI/ 600.00,Medium,No,0.0,0.0,0.0,0.0,[],[],,
20260726_164425_DR VIJAY.pdf,Bank Statement,Receipt,20260324,Suspense,bank of baroda,Suspense,662.0,DIGITA-MUMBAI/ 662.00,Medium,No,0.0,0.0,0.0,0.0,[],[],,
20260726_164425_DR VIJAY.pdf,Bank Statement,Receipt,20260324,Suspense,bank of baroda,Suspense,1436.0,"DIGITA-MUMBAI/ 1,436.0",Medium,No,0.0,0.0,0.0,0.0,[],[],,
20260726_164425_DR VIJAY.pdf,Bank Statement,Receipt,20260324,Suspense,bank of baroda,Suspense,362.0,DIGITA-MUMBAI/ 362.00,Medium,No,0.0,0.0,0.0,0.0,[],[],,
20260726_164425_DR VIJAY.pdf,Bank Statement,Receipt,20260324,Suspense,bank of baroda,Suspense,1187.0,"DIGITA-MUMBAI/ 1,187.0",Medium,No,0.0,0.0,0.0,0.0,[],[],,
20260726_164425_DR VIJAY.pdf,Bank Statement,Receipt,20260324,Suspense,bank of baroda,Suspense,1217.0,"DIGITA-MUMBAI/ 1,217.0",Medium,No,0.0,0.0,0.0,0.0,[],[],,
20260726_164425_DR VIJAY.pdf,Bank Statement,Receipt,20260324,Suspense,bank of baroda,Suspense,1188.0,"DIGITA-MUMBAI/ 1,188.0",Medium,No,0.0,0.0,0.0,0.0,[],[],,
20260726_164425_DR VIJAY.pdf,Bank Statement,Receipt,20260324,Suspense,bank of baroda,Suspense,662.0,DIGITA-MUMBAI/ 662.00,Medium,No,0.0,0.0,0.0,0.0,[],[],,
20260726_164425_DR VIJAY.pdf,Bank Statement,Receipt,20260324,Suspense,bank of baroda,Suspense,1209.0,"DIGITA-MUMBAI/ 1,209.0",Medium,No,0.0,0.0,0.0,0.0,[],[],,
20260726_164425_DR VIJAY.pdf,Bank Statement,Receipt,20260324,Suspense,bank of baroda,Suspense,964.0,DIGITA-MUMBAI/ 964.00,Medium,No,0.0,0.0,0.0,0.0,[],[],,
20260726_164425_DR VIJAY.pdf,Bank Statement,Receipt,20260324,Suspense,bank of baroda,Suspense,576.0,DIGITA-MUMBAI/ 576.00,Medium,No,0.0,0.0,0.0,0.0,[],[],,
20260726_164425_DR VIJAY.pdf,Bank Statement,Receipt,20260324,Suspense,bank of baroda,Suspense,171.0,DIGITA-MUMBAI/ 171.00,Medium,No,0.0,0.0,0.0,0.0,[],[],,
20260726_164425_DR VIJAY.pdf,Bank Statement,Receipt,20260324,Suspense,bank of baroda,Suspense,1450.0,"DIGITA-MUMBAI/ 1,450.0",Medium,No,0.0,0.0,0.0,0.0,[],[],,
20260726_164425_DR VIJAY.pdf,Bank Statement,Receipt,20260324,Suspense,bank of baroda,Suspense,1791.0,"DIGITA-MUMBAI/ 1,791.0",Medium,No,0.0,0.0,0.0,0.0,[],[],,
20260726_164425_DR VIJAY.pdf,Bank Statement,Receipt,20260324,Suspense,bank of baroda,Suspense,2439.0,"DIGITA-MUMBAI/ 1,662.0",Medium,No,0.0,0.0,0.0,0.0,[],[],,
20260726_164425_DR VIJAY.pdf,Bank Statement,Receipt,20260324,Suspense,bank of baroda,Suspense,1118.0,"DIGITA-MUMBAI/ 1,118.0",Medium,No,0.0,0.0,0.0,0.0,[],[],,
20260726_164425_DR VIJAY.pdf,Bank Statement,Receipt,20260324,Suspense,bank of baroda,Suspense,1102.0,"DIGITA-MUMBAI/ 1,102.0",Medium,No,0.0,0.0,0.0,0.0,[],[],,
20260726_164425_DR VIJAY.pdf,Bank Statement,Receipt,20260324,Suspense,bank of baroda,Suspense,2493.0,"DIGITA-MUMBAI/ 2,493.0",Medium,No,0.0,0.0,0.0,0.0,[],[],,
20260726_164425_DR VIJAY.pdf,Bank Statement,Receipt,20260324,Suspense,bank of baroda,Suspense,1656.0,"DIGITA-MUMBAI/ 1,656.0",Medium,No,0.0,0.0,0.0,0.0,[],[],,
20260726_164425_DR VIJAY.pdf,Bank Statement,Receipt,20260324,Suspense,bank of baroda,Suspense,2736.0,"DIGITA-MUMBAI/ 2,736.0",Medium,No,0.0,0.0,0.0,0.0,[],[],,
20260726_164425_DR VIJAY.pdf,Bank Statement,Receipt,20260324,Suspense,bank of baroda,Suspense,193.0,DIGITA-MUMBAI/ 193.00,Medium,No,0.0,0.0,0.0,0.0,[],[],,
20260726_164425_DR VIJAY.pdf,Bank Statement,Receipt,20260324,Suspense,bank of baroda,Suspense,1283.0,"DIGITA-MUMBAI/ 1,283.0",Medium,No,0.0,0.0,0.0,0.0,[],[],,
20260726_164425_DR VIJAY.pdf,Bank Statement,Receipt,20260324,Suspense,bank of baroda,Suspense,1103.0,"DIGITA-MUMBAI/ 1,103.0",Medium,No,0.0,0.0,0.0,0.0,[],[],,
20260726_164425_DR VIJAY.pdf,Bank Statement,Receipt,20260324,Suspense,bank of baroda,Suspense,95.0,DIGITA-MUMBAI/ 95.00 1,Medium,No,0.0,0.0,0.0,0.0,[],[],,
20260726_164425_DR VIJAY.pdf,Bank Statement,Receipt,20260324,Suspense,bank of baroda,Suspense,1118.0,"DIGITA-MUMBAI/ 1,118.0",Medium,No,0.0,0.0,0.0,0.0,[],[],,
20260726_164425_DR VIJAY.pdf,Bank Statement,Receipt,20260324,Suspense,bank of baroda,Suspense,891.0,DIGITA-MUMBAI/ 891.00,Medium,No,0.0,0.0,0.0,0.0,[],[],,
20260726_164425_DR VIJAY.pdf,Bank Statement,Receipt,20260324,Suspense,bank of baroda,Suspense,2287.0,"DIGITA-MUMBAI/ 2,287.0",Medium,No,0.0,0.0,0.0,0.0,[],[],,
20260726_164425_DR VIJAY.pdf,Bank Statement,Receipt,20260324,Suspense,bank of baroda,Suspense,642.0,DIGITA-MUMBAI/ 642.00,Medium,No,0.0,0.0,0.0,0.0,[],[],,
20260726_164425_DR VIJAY.pdf,Bank Statement,Receipt,20260324,Suspense,bank of baroda,Suspense,1118.0,"DIGITA-MUMBAI/ 1,118.0",Medium,No,0.0,0.0,0.0,0.0,[],[],,
20260726_164425_DR VIJAY.pdf,Bank Statement,Receipt,20260324,Suspense,bank of baroda,Suspense,770.0,DIGITA-MUMBAI/ 770.00,Medium,No,0.0,0.0,0.0,0.0,[],[],,
20260726_164425_DR VIJAY.pdf,Bank Statement,Receipt,20260324,Suspense,bank of baroda,Suspense,833.0,DIGITA-MUMBAI/ 833.00,Medium,No,0.0,0.0,0.0,0.0,[],[],,
20260726_164425_DR VIJAY.pdf,Bank Statement,Receipt,20260324,Suspense,bank of baroda,Suspense,702.0,DIGITA-MUMBAI/ 702.00,Medium,No,0.0,0.0,0.0,0.0,[],[],,
20260726_164425_DR VIJAY.pdf,Bank Statement,Receipt,20260324,Suspense,bank of baroda,Suspense,1209.0,"DIGITA-MUMBAI/ 1,209.0",Medium,No,0.0,0.0,0.0,0.0,[],[],,
20260726_164425_DR VIJAY.pdf,Bank Statement,Receipt,20260324,Suspense,bank of baroda,Suspense,711.0,DIGITA-MUMBAI/ 711.00,Medium,No,0.0,0.0,0.0,0.0,[],[],,
20260726_164425_DR VIJAY.pdf,Bank Statement,Receipt,20260324,Suspense,bank of baroda,Suspense,1033.0,"DIGITA-MUMBAI/ 1,033.0",Medium,No,0.0,0.0,0.0,0.0,[],[],,
20260726_164425_DR VIJAY.pdf,Bank Statement,Receipt,20260324,Suspense,bank of baroda,Suspense,1188.0,"DIGITA-MUMBAI/ 1,188.0",Medium,No,0.0,0.0,0.0,0.0,[],[],,
20260726_164425_DR VIJAY.pdf,Bank Statement,Receipt,20260324,Suspense,bank of baroda,Suspense,222.0,DIGITA-MUMBAI/ 222.00,Medium,No,0.0,0.0,0.0,0.0,[],[],,
20260726_164425_DR VIJAY.pdf,Bank Statement,Receipt,20260324,Suspense,bank of baroda,Suspense,2348.0,"DIGITA-MUMBAI/ 2,348.0",Medium,No,0.0,0.0,0.0,0.0,[],[],,
20260726_164425_DR VIJAY.pdf,Bank Statement,Receipt,20260324,Suspense,bank of baroda,Suspense,1188.0,"DIGITA-MUMBAI/ 1,188.0",Medium,No,0.0,0.0,0.0,0.0,[],[],,
20260726_164425_DR VIJAY.pdf,Bank Statement,Receipt,20260324,Suspense,bank of baroda,Suspense,956.0,DIGITA-MUMBAI/ 956.00,Medium,No,0.0,0.0,0.0,0.0,[],[],,
20260726_164425_DR VIJAY.pdf,Bank Statement,Receipt,20260324,Suspense,bank of baroda,Suspense,1013.0,"DIGITA-MUMBAI/ 1,013.0",Medium,No,0.0,0.0,0.0,0.0,[],[],,
20260726_164425_DR VIJAY.pdf,Bank Statement,Receipt,20260324,Suspense,bank of baroda,Suspense,1032.0,"DIGITA-MUMBAI/ 1,032.0",Medium,No,0.0,0.0,0.0,0.0,[],[],,
20260726_164425_DR VIJAY.pdf,Bank Statement,Receipt,20260324,Suspense,bank of baroda,Suspense,1217.0,"DIGITA-MUMBAI/ 1,217.0",Medium,No,0.0,0.0,0.0,0.0,[],[],,
20260726_164425_DR VIJAY.pdf,Bank Statement,Receipt,20260324,Suspense,bank of baroda,Suspense,2364.0,"DIGITA-MUMBAI/ 2,364.0",Medium,No,0.0,0.0,0.0,0.0,[],[],,
20260726_164425_DR VIJAY.pdf,Bank Statement,Receipt,20260324,Suspense,bank of baroda,Suspense,397.0,DIGITA-MUMBAI/ 397.00,Medium,No,0.0,0.0,0.0,0.0,[],[],,
20260726_164425_DR VIJAY.pdf,Bank Statement,Receipt,20260324,Suspense,bank of baroda,Suspense,1209.0,"DIGITA-MUMBAI/ 1,209.0",Medium,No,0.0,0.0,0.0,0.0,[],[],,
20260726_164425_DR VIJAY.pdf,Bank Statement,Receipt,20260324,Suspense,bank of baroda,Suspense,2426.0,"DIGITA-MUMBAI/ 2,426.0",Medium,No,0.0,0.0,0.0,0.0,[],[],,
20260726_164425_DR VIJAY.pdf,Bank Statement,Receipt,20260324,Suspense,bank of baroda,Suspense,1033.0,"DIGITA-MUMBAI/ 1,033.0",Medium,No,0.0,0.0,0.0,0.0,[],[],,
20260726_164425_DR VIJAY.pdf,Bank Statement,Receipt,20260324,Suspense,bank of baroda,Suspense,1172.0,"DIGITA-MUMBAI/ 1,172.0",Medium,No,0.0,0.0,0.0,0.0,[],[],,
20260726_164425_DR VIJAY.pdf,Bank Statement,Receipt,20260324,Suspense,bank of baroda,Suspense,1709.0,"DIGITA-MUMBAI/ 1,709.0",Medium,No,0.0,0.0,0.0,0.0,[],[],,
20260726_164425_DR VIJAY.pdf,Bank Statement,Receipt,20260324,Suspense,bank of baroda,Suspense,1084.0,"DIGITA-MUMBAI/ 1,084.0",Medium,No,0.0,0.0,0.0,0.0,[],[],,
20260726_164425_DR VIJAY.pdf,Bank Statement,Receipt,20260324,Suspense,bank of baroda,Suspense,334.0,DIGITA-MUMBAI/ 334.00,Medium,No,0.0,0.0,0.0,0.0,[],[],,
20260726_164425_DR VIJAY.pdf,Bank Statement,Receipt,20260324,Suspense,bank of baroda,Suspense,172.0,DIGITA-MUMBAI/ 172.00,Medium,No,0.0,0.0,0.0,0.0,[],[],,
20260726_164425_DR VIJAY.pdf,Bank Statement,Receipt,20260324,Suspense,bank of baroda,Suspense,471.0,DIGITA-MUMBAI/ 471.00,Medium,No,0.0,0.0,0.0,0.0,[],[],,
20260726_164425_DR VIJAY.pdf,Bank Statement,Receipt,20260324,Suspense,bank of baroda,Suspense,188.0,DIGITA-MUMBAI/ 188.00,Medium,No,0.0,0.0,0.0,0.0,[],[],,
20260726_164425_DR VIJAY.pdf,Bank Statement,Receipt,20260324,Suspense,bank of baroda,Suspense,176167.0,"DIGITA-MUMBAI/ 1,76,16",Medium,No,0.0,0.0,0.0,0.0,[],[],,
20260726_164425_DR VIJAY.pdf,Bank Statement,Payment,20260325,Suspense,Suspense,bank of baroda,100000.0,"DEEPAK 461 1,00,00",Medium,No,0.0,0.0,0.0,0.0,[],[],,
20260726_164425_DR VIJAY.pdf,Bank Statement,Receipt,20260326,Suspense,bank of baroda,Suspense,1436.0,"DIGITA-MUMBAI/ 1,436.0",Medium,No,0.0,0.0,0.0,0.0,[],[],,
20260726_164425_DR VIJAY.pdf,Bank Statement,Receipt,20260326,Suspense,bank of baroda,Suspense,879.0,DIGITA-MUMBAI/ 879.00,Medium,No,0.0,0.0,0.0,0.0,[],[],,
20260726_164425_DR VIJAY.pdf,Bank Statement,Receipt,20260326,Suspense,bank of baroda,Suspense,923.0,DIGITA-MUMBAI/ 923.00,Medium,No,0.0,0.0,0.0,0.0,[],[],,
20260726_164425_DR VIJAY.pdf,Bank Statement,Receipt,20260326,Suspense,bank of baroda,Suspense,1188.0,"DIGITA-MUMBAI/ 1,188.0",Medium,No,0.0,0.0,0.0,0.0,[],[],,
20260726_164425_DR VIJAY.pdf,Bank Statement,Receipt,20260326,Suspense,bank of baroda,Suspense,2212.0,"DIGITA-MUMBAI/ 2,212.0",Medium,No,0.0,0.0,0.0,0.0,[],[],,
20260726_164425_DR VIJAY.pdf,Bank Statement,Receipt,20260326,Suspense,bank of baroda,Suspense,1118.0,"DIGITA-MUMBAI/ 1,118.0",Medium,No,0.0,0.0,0.0,0.0,[],[],,
20260726_164425_DR VIJAY.pdf,Bank Statement,Receipt,20260326,Suspense,bank of baroda,Suspense,818.0,DIGITA-MUMBAI/ 818.00,Medium,No,0.0,0.0,0.0,0.0,[],[],,
20260726_164425_DR VIJAY.pdf,Bank Statement,Receipt,20260326,Suspense,bank of baroda,Suspense,459.0,DIGITA-MUMBAI/ 459.00,Medium,No,0.0,0.0,0.0,0.0,[],[],,
20260726_164425_DR VIJAY.pdf,Bank Statement,Receipt,20260326,Suspense,bank of baroda,Suspense,489.0,DIGITA-MUMBAI/ 489.00,Medium,No,0.0,0.0,0.0,0.0,[],[],,
20260726_164425_DR VIJAY.pdf,Bank Statement,Receipt,20260326,Suspense,bank of baroda,Suspense,2298.0,"DIGITA-MUMBAI/ 2,298.0",Medium,No,0.0,0.0,0.0,0.0,[],[],,
20260726_164425_DR VIJAY.pdf,Bank Statement,Receipt,20260326,Suspense,bank of baroda,Suspense,142.0,DIGITA-MUMBAI/ 142.00,Medium,No,0.0,0.0,0.0,0.0,[],[],,
20260726_164425_DR VIJAY.pdf,Bank Statement,Receipt,20260326,Suspense,bank of baroda,Suspense,643.0,DIGITA-MUMBAI/ 643.00,Medium,No,0.0,0.0,0.0,0.0,[],[],,
20260726_164425_DR VIJAY.pdf,Bank Statement,Receipt,20260326,Suspense,bank of baroda,Suspense,1270.0,"DIGITA-MUMBAI/ 1,270.0",Medium,No,0.0,0.0,0.0,0.0,[],[],,
20260726_164425_DR VIJAY.pdf,Bank Statement,Receipt,20260326,Suspense,bank of baroda,Suspense,464.0,DIGITA-MUMBAI/ 464.00,Medium,No,0.0,0.0,0.0,0.0,[],[],,
20260726_164425_DR VIJAY.pdf,Bank Statement,Receipt,20260326,Suspense,bank of baroda,Suspense,2348.0,"DIGITA-MUMBAI/ 2,348.0",Medium,No,0.0,0.0,0.0,0.0,[],[],,
20260726_164425_DR VIJAY.pdf,Bank Statement,Receipt,20260326,Suspense,bank of baroda,Suspense,827.0,DIGITA-MUMBAI/ 827.00,Medium,No,0.0,0.0,0.0,0.0,[],[],,
20260726_164425_DR VIJAY.pdf,Bank Statement,Receipt,20260326,Suspense,bank of baroda,Suspense,598.0,DIGITA-MUMBAI/ 598.00,Medium,No,0.0,0.0,0.0,0.0,[],[],,
20260726_164425_DR VIJAY.pdf,Bank Statement,Receipt,20260326,Suspense,bank of baroda,Suspense,1366.0,"DIGITA-MUMBAI/ 1,366.0",Medium,No,0.0,0.0,0.0,0.0,[],[],,
20260726_164425_DR VIJAY.pdf,Bank Statement,Payment,20260327,Suspense,Suspense,bank of baroda,10000.0,"SERJAI-JAIPUR/ 000463 10,000.",Medium,No,0.0,0.0,0.0,0.0,[],[],,
20260726_164425_DR VIJAY.pdf,Bank Statement,Payment,20260327,Suspense,Suspense,bank of baroda,65000.0,"SERJAI-JAIPUR/ 000462 15,000.",Medium,No,0.0,0.0,0.0,0.0,[],[],,
20260726_164425_DR VIJAY.pdf,Bank Statement,Payment,20260327,Suspense,Suspense,bank of baroda,18000.0,"SERJAI-JAIPUR/ 000464 18,000.",Medium,No,0.0,0.0,0.0,0.0,[],[],,
20260726_164425_DR VIJAY.pdf,Bank Statement,Payment,20260327,Suspense,Suspense,bank of baroda,15000.0,"SERJAI-JAIPUR/ 000467 15,000.",Medium,No,0.0,0.0,0.0,0.0,[],[],,
20260726_164425_DR VIJAY.pdf,Bank Statement,Payment,20260327,Suspense,Suspense,bank of baroda,9215.0,"SERJAI-JAIPUR/ 000460 9,215.0",Medium,No,0.0,0.0,0.0,0.0,[],[],,
20260726_164425_DR VIJAY.pdf,Bank Statement,Payment,20260327,Suspense,Suspense,bank of baroda,20000.0,"SERJAI-JAIPUR/ 000470 20,000.",Medium,No,0.0,0.0,0.0,0.0,[],[],,
20260726_164425_DR VIJAY.pdf,Bank Statement,Payment,20260327,Suspense,Suspense,bank of baroda,9450.0,"SERJAI-JAIPUR/ 000458 9,450.0",Medium,No,0.0,0.0,0.0,0.0,[],[],,
20260726_164425_DR VIJAY.pdf,Bank Statement,Payment,20260327,Suspense,Suspense,bank of baroda,13778.0,"RAIAJM-AJMER/T 465 13,778.",Medium,No,0.0,0.0,0.0,0.0,[],[],,
20260726_164425_DR VIJAY.pdf,Bank Statement,Payment,20260328,Suspense,Suspense,bank of baroda,4212.0,"Loan Recovery 4,212.0",Medium,No,0.0,0.0,0.0,0.0,[],[],,
20260726_164425_DR VIJAY.pdf,Bank Statement,Payment,20260330,Suspense,Suspense,bank of baroda,15000.0,"SERJAI-JAIPUR/ 000471 15,000.",Medium,No,0.0,0.0,0.0,0.0,[],[],,
20260726_164425_DR VIJAY.pdf,Bank Statement,Payment,20260330,Suspense,Suspense,bank of baroda,20000.0,"SERJAI-JAIPUR/ 000469 20,000.",Medium,No,0.0,0.0,0.0,0.0,[],[],,
20260726_164425_DR VIJAY.pdf,Bank Statement,Payment,20260330,Suspense,Suspense,bank of baroda,22257.0,"SERJAI-JAIPUR/ 000474 22,257.",Medium,No,0.0,0.0,0.0,0.0,[],[],,
20260726_164425_DR VIJAY.pdf,Bank Statement,Receipt,20260331,Suspense,bank of baroda,Suspense,575.0,DIGITA-MUMBAI/ 575.00,Medium,No,0.0,0.0,0.0,0.0,[],[],,
20260726_164425_DR VIJAY.pdf,Bank Statement,Receipt,20260331,Suspense,bank of baroda,Suspense,41.0,DIGITA-MUMBAI/ 41.00 9,Medium,No,0.0,0.0,0.0,0.0,[],[],,
